candidate_id,title,doi,coverage_status,abstract_source,article_url,providers_tried,match_type,match_score,provider_errors,checked_at,notes
CAND-ACADEMIC-2026-09-08-EXTRA-a6caf5d7567b-001,The Economic Effects of Mafia: Firm Level Evidence,10.1257/aer.20201015,available,OpenAlex,https://doi.org/10.1257/aer.20201015,OpenAlex; Crossref; Semantic Scholar; DataCite; CORE; Europe PMC; OpenCitations Meta; arXiv; Zenodo; HAL; DOAJ,doi,1,Semantic Scholar:upstream_429; CORE:upstream_429,2026-09-08,Previously verified abstract availability reused within the 30-day zero-cost cache; abstract text remains unpersisted.
CAND-ACADEMIC-2026-09-08-EXTRA-a6caf5d7567b-002,The Economic Impact of Organized Crime Infiltration in the Legal Economy: Evidence from the Judicial Administration of Organized Crime Firms,10.1007/s40797-020-00128-x,available,docs.iza.org PDF,https://docs.iza.org/dp13028.pdf,governed PDF,resolved_pdf,1,,2026-09-14,Abstract text detected by the zero-cost cascade; text is intentionally not persisted.
CAND-ACADEMIC-2026-09-08-EXTRA-a6caf5d7567b-003,Mafias and Firms,,available,OpenAlex,https://doi.org/10.31235/osf.io/sr6ep_v1,OpenAlex; Crossref; Semantic Scholar; DataCite; CORE; Europe PMC; arXiv; Zenodo; HAL; DOAJ,title_year,1,CORE:upstream_429,2026-09-08,Previously verified abstract availability reused within the 30-day zero-cost cache; abstract text remains unpersisted.
CAND-ACADEMIC-2026-09-08-EXTRA-a6caf5d7567b-004,Mafia Infiltration and Ownership Dynamics in Italian Companies Amidst,,available,aiel.it PDF,https://www.aiel.it/Files/Administrator/Submissions/Documents/submission638500802500193978.pdf,governed PDF,resolved_pdf,1,,2026-09-08,Previously verified abstract availability reused within the 30-day zero-cost cache; abstract text remains unpersisted.
CAND-ACADEMIC-2026-09-08-EXTRA-a6caf5d7567b-005,Accounting for Crime: Detecting Mafia-connected Firms Using Machine Learning,,available,Scite exact DOI record,https://doi.org/10.2139/ssrn.4912709,OpenAlex; Crossref; Semantic Scholar; DataCite; CORE; Europe PMC; arXiv; Zenodo; HAL; DOAJ; paper/repository resolved; curator verified abstract source,verified_abstract_source,1,Semantic Scholar:upstream_429; CORE:upstream_500; HAL:fetch failed,2026-09-10,Previously verified abstract availability reused within the 30-day zero-cost cache; abstract text remains unpersisted.
CAND-ACADEMIC-2026-09-08-EXTRA-a6caf5d7567b-006,"Anti‐Mafia Police Actions, Criminal Firms, and Peer Firm Tax Avoidance",10.1111/1475-679x.12455,available,OpenAlex,https://doi.org/10.1111/1475-679x.12455,governed PDF; OpenAlex; Crossref; Semantic Scholar; DataCite; CORE; Europe PMC; OpenCitations Meta; arXiv; Zenodo; HAL; DOAJ,doi,1,PDF:pdf_http_403; Semantic Scholar:upstream_429; CORE:upstream_429,2026-09-08,Previously verified abstract availability reused within the 30-day zero-cost cache; abstract text remains unpersisted.
CAND-ACADEMIC-2026-09-08-EXTRA-a6caf5d7567b-007,The mafia influence in the business context: Infiltration of criminal firms in the public procurement market,10.1007/s10997-026-09789-9,available,OpenAlex,https://doi.org/10.1007/s10997-026-09789-9,governed PDF; OpenAlex; Crossref; Semantic Scholar; DataCite; CORE; Europe PMC; OpenCitations Meta; arXiv; Zenodo; HAL; DOAJ,doi,1,PDF:not_pdf; Semantic Scholar:upstream_429; CORE:upstream_429,2026-09-08,Previously verified abstract availability reused within the 30-day zero-cost cache; abstract text remains unpersisted.
CAND-ACADEMIC-2026-09-08-EXTRA-a6caf5d7567b-008,"Organized Crime, Public Procurement and Firms",,available,elena-stella.com PDF,https://elena-stella.com/papers/stella_jmp.pdf,governed PDF,resolved_pdf,1,,2026-09-08,Previously verified abstract availability reused within the 30-day zero-cost cache; abstract text remains unpersisted.
CAND-ACADEMIC-2026-09-08-EXTRA-a6caf5d7567b-009,The extra‐legal governance of corruption: Tracing the organization of corruption in public procurement,10.1111/gove.12648,available,OpenAlex,https://doi.org/10.1111/gove.12648,governed PDF; OpenAlex; Crossref; Semantic Scholar; DataCite; CORE; Europe PMC; OpenCitations Meta; arXiv; Zenodo; HAL; DOAJ,doi,1,PDF:pdf_http_403; Semantic Scholar:upstream_429; CORE:upstream_429,2026-09-08,Previously verified abstract availability reused within the 30-day zero-cost cache; abstract text remains unpersisted.
CAND-ACADEMIC-2026-09-08-EXTRA-a6caf5d7567b-010,Threshold of shadows: Unveiling organised crime in Italian municipal public procurement,10.1016/j.ejpoleco.2025.102752,available,OpenAlex,https://doi.org/10.1016/j.ejpoleco.2025.102752,OpenAlex; Crossref; Semantic Scholar; DataCite; CORE; Europe PMC; OpenCitations Meta; arXiv; Zenodo; HAL; DOAJ,doi,1,Semantic Scholar:upstream_429; CORE:upstream_429,2026-09-08,Previously verified abstract availability reused within the 30-day zero-cost cache; abstract text remains unpersisted.
CAND-ACADEMIC-2026-09-08-EXTRA-a6caf5d7567b-011,Mafia and bricks: unfair competition in local markets and policy interventions,10.1007/s11187-019-00250-w,available,SciSpace exact DOI record,https://link.springer.com/article/10.1007/s11187-019-00250-w,OpenAlex; Crossref; Semantic Scholar; DataCite; CORE; Europe PMC; OpenCitations Meta; arXiv; Zenodo; HAL; DOAJ; paper/repository resolved; curator verified abstract source,verified_abstract_source,1,Semantic Scholar:upstream_429; CORE:upstream_500; HAL:fetch failed,2026-09-10,Previously verified abstract availability reused within the 30-day zero-cost cache; abstract text remains unpersisted.
CAND-ACADEMIC-2026-09-08-EXTRA-a6caf5d7567b-012,"How Mafias Migrate: Transplantation, Functional Diversification, and Separation",10.1086/708870,available,OpenAlex,https://doi.org/10.1086/708870,OpenAlex; Crossref; Semantic Scholar; DataCite; CORE; Europe PMC; OpenCitations Meta; arXiv; Zenodo; HAL; DOAJ,doi,1,Semantic Scholar:upstream_429; CORE:upstream_429,2026-09-08,Previously verified abstract availability reused within the 30-day zero-cost cache; abstract text remains unpersisted.
CAND-ACADEMIC-2026-09-08-EXTRA-a6caf5d7567b-013,Bricks or cooks? Geographical and social determinants of the investment choices of mafia-type organized crime,10.1177/17488958241293927,available,OpenAlex,https://doi.org/10.1177/17488958241293927,OpenAlex; Crossref; Semantic Scholar; DataCite; CORE; Europe PMC; OpenCitations Meta; arXiv; Zenodo; HAL; DOAJ,doi,1,Semantic Scholar:upstream_429; CORE:upstream_429,2026-09-08,Previously verified abstract availability reused within the 30-day zero-cost cache; abstract text remains unpersisted.
CAND-ACADEMIC-2026-09-08-EXTRA-a6caf5d7567b-014,Understanding and Detecting Criminal Firms,,available,CORE,https://core.ac.uk/download/576931876.pdf,OpenAlex; Crossref; Semantic Scholar; DataCite; CORE; Europe PMC; arXiv; Zenodo; HAL; DOAJ,title_year,1,Semantic Scholar:upstream_429,2026-09-09,Previously verified abstract availability reused within the 30-day zero-cost cache; abstract text remains unpersisted.
CAND-ACADEMIC-2026-09-08-EXTRA-a6caf5d7567b-015,A machine learning approach for the detection of firms linked to organised crime in Italy,,available,uif.bancaditalia.it PDF,https://uif.bancaditalia.it/pubblicazioni/quaderni/2024/quaderno-22-2024/quaderno-22-2024.pdf,governed PDF,resolved_pdf,1,,2026-09-08,Previously verified abstract availability reused within the 30-day zero-cost cache; abstract text remains unpersisted.
CAND-ACADEMIC-2026-09-08-EXTRA-a6caf5d7567b-016,Evaluating risks-based communities of Mafia companies: a complex networks perspective,10.1007/s11156-021-00984-3,available,iris.uniroma1.it PDF,https://iris.uniroma1.it/bitstream/11573/1542906/1/RQFA_CastellanoFranceschetti2021.pdf,governed PDF,resolved_pdf,1,,2026-09-08,Previously verified abstract availability reused within the 30-day zero-cost cache; abstract text remains unpersisted.
CAND-ACADEMIC-2026-09-08-EXTRA-a6caf5d7567b-017,"Oltre le mafie imprenditrici, oltre l’Italia: una mappatura dei fattori di rischio di infiltrazione della criminalità organizzata nelle imprese in Europa",10.13130/cross-11822,available,OpenAlex,https://doaj.org/article/314d46f8a6b54a89986608e706cc6a65,OpenAlex; Crossref; Semantic Scholar; DataCite; CORE; Europe PMC; OpenCitations Meta; arXiv; Zenodo; HAL; DOAJ,doi,1,Semantic Scholar:upstream_429; CORE:upstream_429,2026-09-08,Previously verified abstract availability reused within the 30-day zero-cost cache; abstract text remains unpersisted.
CAND-ACADEMIC-2026-09-08-EXTRA-a6caf5d7567b-018,/’impatto di corruzione e ma¿a suJli appalti puEElici un’esplorazione empirica,,needs_web_search,,https://publicatt.unicatt.it/retrieve/handle/10807/117902/191792/Milani%20et%20al%202018%20L%27impatto%20di%20corruzione%20e%20mafia%20sugli%20appalti%20pubblici.pdf,governed PDF; OpenAlex; Crossref; Semantic Scholar; DataCite; CORE; Europe PMC; arXiv; Zenodo; HAL; DOAJ; paper/repository resolved,needs_web_search,0,PDF:no_explicit_abstract:publicatt.unicatt.it; Semantic Scholar:upstream_429; CORE:upstream_500; arXiv:upstream_429,2026-09-14,No abstract text detected by the bulk zero-cost cascade; retain for per-paper free web/assisted search.
CAND-ACADEMIC-2026-09-08-EXTRA-a6caf5d7567b-019,"Regulatory certification, informal governance, and productivity under weak state capacity",10.1007/s10101-026-00388-w,available,OpenAlex,https://doi.org/10.1007/s10101-026-00388-w,governed PDF; OpenAlex; Crossref; Semantic Scholar; DataCite; CORE; Europe PMC; OpenCitations Meta; arXiv; Zenodo; HAL; DOAJ,doi,1,PDF:not_pdf; Semantic Scholar:upstream_429; CORE:upstream_429,2026-09-08,Previously verified abstract availability reused within the 30-day zero-cost cache; abstract text remains unpersisted.
CAND-ACADEMIC-2026-09-08-EXTRA-a6caf5d7567b-020,Mafia Infiltration and Ownership Dynamics in Italian Companies during Covid-19,,available,csef.it PDF,https://www.csef.it/WP/wp750.pdf,governed PDF,resolved_pdf,1,,2026-09-08,Previously verified abstract availability reused within the 30-day zero-cost cache; abstract text remains unpersisted.
CAND-ACADEMIC-2026-09-09-001,Mafia infiltrations in times of crisis: Evidence from the Covid-19 shock,,available,ifs.org.uk PDF,https://ifs.org.uk/sites/default/files/2023-10/WP202328-Mafia-infiltrations-in-times-of-crisis-Evidence-from-the-Covid-19-shock-1_0.pdf,governed PDF,resolved_pdf,1,,2026-09-09,Previously verified abstract availability reused within the 30-day zero-cost cache; abstract text remains unpersisted.
CAND-ACADEMIC-2026-09-09-002,Money laundering through the strategic management of accounting transactions,10.1016/j.cpa.2018.08.003,available,CORE,https://core.ac.uk/download/211870478.pdf,OpenAlex; Crossref; Semantic Scholar; DataCite; CORE; Europe PMC; OpenCitations Meta; arXiv; Zenodo; HAL; DOAJ,doi,1,Semantic Scholar:upstream_429,2026-09-09,Previously verified abstract availability reused within the 30-day zero-cost cache; abstract text remains unpersisted.
CAND-ACADEMIC-2026-09-09-003,Financial crime risk assessment: machine learning insights into ownership structures in secrecy firms,10.1080/17440572.2024.2402848,available,OpenAlex,https://doi.org/10.1080/17440572.2024.2402848,OpenAlex; Crossref; Semantic Scholar; DataCite; CORE; Europe PMC; OpenCitations Meta; arXiv; Zenodo; HAL; DOAJ,doi,1,Semantic Scholar:upstream_429; CORE:upstream_500,2026-09-09,Previously verified abstract availability reused within the 30-day zero-cost cache; abstract text remains unpersisted.
CAND-ACADEMIC-2026-09-09-004,Organized Crime and Firms' Financial Statements: Evidence from Criminal Investigations in Italy,10.2308/tar-2019-0079,available,OpenAlex,https://doi.org/10.2308/tar-2019-0079,governed PDF; OpenAlex; Crossref; Semantic Scholar; DataCite; CORE; Europe PMC; OpenCitations Meta; arXiv; Zenodo; HAL; DOAJ,doi,1,PDF:pdf_http_403; Semantic Scholar:upstream_429; CORE:upstream_500,2026-09-09,Previously verified abstract availability reused within the 30-day zero-cost cache; abstract text remains unpersisted.
CAND-ACADEMIC-2026-09-09-005,Organized Crime and Firms: Evidence from Antimafia Enforcement Actions,10.1287/mnsc.2021.00859,available,OpenAlex,https://doi.org/10.1287/mnsc.2021.00859,OpenAlex; Crossref; Semantic Scholar; DataCite; CORE; Europe PMC; OpenCitations Meta; arXiv; Zenodo; HAL; DOAJ,doi,1,Semantic Scholar:upstream_429; CORE:upstream_500,2026-09-09,Previously verified abstract availability reused within the 30-day zero-cost cache; abstract text remains unpersisted.
CAND-ACADEMIC-2026-09-09-006,The effects of mafia infiltration on public procurement performance,10.1016/j.ejpoleco.2020.101923,available,CORE,https://doi.org/10.1016/j.ejpoleco.2020.101923,governed PDF; OpenAlex; Crossref; Semantic Scholar; DataCite; CORE; Europe PMC; OpenCitations Meta; arXiv; Zenodo; HAL; DOAJ,doi,1,PDF:pdf_http_404; Semantic Scholar:upstream_429,2026-09-09,Previously verified abstract availability reused within the 30-day zero-cost cache; abstract text remains unpersisted.
CAND-ACADEMIC-2026-09-09-007,Organized crime behavior of shell-company networks in procurement: prevention insights for policy and reform,10.1007/s12117-023-09499-w,available,OpenAlex,https://doi.org/10.1007/s12117-023-09499-w,governed PDF; OpenAlex; Crossref; Semantic Scholar; DataCite; CORE; Europe PMC; OpenCitations Meta; arXiv; Zenodo; HAL; DOAJ,doi,1,PDF:not_pdf; Semantic Scholar:upstream_429; CORE:upstream_500,2026-09-09,Previously verified abstract availability reused within the 30-day zero-cost cache; abstract text remains unpersisted.
CAND-ACADEMIC-2026-09-09-008,How Mafias Migrate: The Case of the 'Ndrangheta in Northern Italy,,available,OpenAlex,https://doi.org/10.1111/j.1540-5893.2006.00260.x,governed PDF; OpenAlex; Crossref; Semantic Scholar; DataCite; CORE; Europe PMC; arXiv; Zenodo; HAL; DOAJ,title_year,1,PDF:pdf_http_403; Semantic Scholar:upstream_429; CORE:upstream_500,2026-09-09,Previously verified abstract availability reused within the 30-day zero-cost cache; abstract text remains unpersisted.
CAND-ACADEMIC-2026-09-09-009,Migrating mafias,10.1016/j.regsciurbeco.2013.11.005,available,CORE,https://doi.org/10.1016/j.regsciurbeco.2013.11.005,OpenAlex; Crossref; Semantic Scholar; DataCite; CORE; Europe PMC; OpenCitations Meta; arXiv; Zenodo; HAL; DOAJ,doi,1,Semantic Scholar:upstream_429,2026-09-09,Previously verified abstract availability reused within the 30-day zero-cost cache; abstract text remains unpersisted.
CAND-ACADEMIC-2026-09-09-010,Characteristics of Italian firms in the judicial administration: Can financial ratios be red flags of criminal infiltrations?,10.22495/cocv21i3siart10,available,OpenAlex,https://doi.org/10.22495/cocv21i3siart10,governed PDF; OpenAlex; Crossref; Semantic Scholar; DataCite; CORE; Europe PMC; OpenCitations Meta; arXiv; Zenodo; HAL; DOAJ,doi,1,PDF:pdf_http_403; CORE:upstream_429,2026-09-09,Previously verified abstract availability reused within the 30-day zero-cost cache; abstract text remains unpersisted.
CAND-ACADEMIC-2026-09-09-011,Appalti e corruzione: alcune evidenze sulla penetrazione criminale negli appalti di lavori,,needs_web_search,,https://igier.unibocconi.eu/sites/default/files/media/attach/Appalti-Corruzione.pdf,governed PDF; OpenAlex; Crossref; Semantic Scholar; DataCite; CORE; Europe PMC; arXiv; Zenodo; HAL; DOAJ; paper/repository resolved,needs_web_search,0,PDF:no_explicit_abstract:igier.unibocconi.eu; Semantic Scholar:upstream_429; CORE:upstream_500; arXiv:upstream_429,2026-09-14,No abstract text detected by the bulk zero-cost cascade; retain for per-paper free web/assisted search.
CAND-ACADEMIC-2026-09-09-012,APPALTI PUBBLICI E CRIMINALITÀ ORGANIZZATA,10.13130/cross-7791,available,OpenAlex,https://riviste.unimi.it/index.php/cross/article/view/7791,OpenAlex; Crossref; Semantic Scholar; DataCite; CORE; Europe PMC; OpenCitations Meta; arXiv; Zenodo; HAL; DOAJ,doi,1,Semantic Scholar:upstream_429; CORE:upstream_429,2026-09-09,Previously verified abstract availability reused within the 30-day zero-cost cache; abstract text remains unpersisted.
CAND-ACADEMIC-2026-09-09-013,Exploring the Impact of Soft Preventive Judicial Measures on Business Resilience and Performance under Organised Crime Infiltration: Evidence from a Multi Case Analysis,,available,University of Palermo institutional repository abstract located with Parallel Search,https://iris.unipa.it/handle/10447/710250,OpenAlex; Crossref; Semantic Scholar; DataCite; CORE; Europe PMC; arXiv; Zenodo; HAL; DOAJ; paper/repository resolved; curator verified abstract source,verified_abstract_source,1,Semantic Scholar:upstream_429; CORE:upstream_500,2026-09-12,Previously verified abstract availability reused within the 30-day zero-cost cache; abstract text remains unpersisted.
CAND-ACADEMIC-2026-09-09-014,A Loan You Can’t Refuse: Credit Rationing and Organized Crime Infiltration of Distressed Firms,,available,Crossref,https://doi.org/10.2139/ssrn.5656561,OpenAlex; Crossref; Semantic Scholar; DataCite; CORE; Europe PMC; arXiv; Zenodo; HAL; DOAJ,title_year,1,Semantic Scholar:upstream_429; CORE:upstream_429,2026-09-09,Previously verified abstract availability reused within the 30-day zero-cost cache; abstract text remains unpersisted.
CAND-ACADEMIC-2026-09-09-EXTRA-24b7a783a9a3-001,The financial profile of firms infiltrated by organised crime in Italy,,available,uif.bancaditalia.it PDF,https://uif.bancaditalia.it/pubblicazioni/quaderni/2022/quaderno-17-2022/QAR_17_march_2022.pdf,governed PDF,resolved_pdf,1,,2026-09-09,Previously verified abstract availability reused within the 30-day zero-cost cache; abstract text remains unpersisted.
CAND-ACADEMIC-2026-09-09-EXTRA-24b7a783a9a3-002,IDENTIFYING PATTERNS OF MAFIA MOBILITY: THE PRESENCE OF THE ITALIAN MAFIAS IN EUROPE,,available,OpenAlex,http://hdl.handle.net/10280/6118,OpenAlex; Crossref; Semantic Scholar; DataCite; CORE; Europe PMC; arXiv; Zenodo; HAL; DOAJ,title_year,1,Semantic Scholar:upstream_429; CORE:upstream_429; HAL:fetch failed,2026-09-09,Previously verified abstract availability reused within the 30-day zero-cost cache; abstract text remains unpersisted.
CAND-ACADEMIC-2026-09-09-EXTRA-24b7a783a9a3-003,The Italian mafias in the world: A systematic assessment of the mobility of criminal groups,10.1177/1477370815623570,available,OpenAlex,https://doi.org/10.1177/1477370815623570,OpenAlex; Crossref; Semantic Scholar; DataCite; CORE; Europe PMC; OpenCitations Meta; arXiv; Zenodo; HAL; DOAJ,doi,1,CORE:upstream_429; Zenodo:upstream_504; HAL:fetch failed,2026-09-09,Previously verified abstract availability reused within the 30-day zero-cost cache; abstract text remains unpersisted.
CAND-ACADEMIC-2026-09-09-EXTRA-24b7a783a9a3-004,Understanding criminal mobility: The case of the Neapolitan Camorra,10.1080/1354571x.2014.962257,available,purehost.bath.ac.uk PDF,https://purehost.bath.ac.uk/ws/portalfiles/portal/122463450/Functionalmobility.pdf,governed PDF,resolved_pdf,1,,2026-09-09,Previously verified abstract availability reused within the 30-day zero-cost cache; abstract text remains unpersisted.
CAND-ACADEMIC-2026-09-09-EXTRA-5e31cc756b0e-001,"Penetration of Legitimate Business by Organized Crime, An Analysis",,needs_web_search,,https://www.ojp.gov/pdffiles1/Digitization/2300NCJRS.pdf,governed PDF; OpenAlex; Crossref; Semantic Scholar; DataCite; CORE; Europe PMC; arXiv; Zenodo; HAL; DOAJ; paper/repository resolved,needs_web_search,0,PDF:no_explicit_abstract:www.ojp.gov; Semantic Scholar:upstream_429; arXiv:upstream_429,2026-09-14,No abstract text detected by the bulk zero-cost cascade; retain for per-paper free web/assisted search.
CAND-ACADEMIC-2026-09-09-EXTRA-5e31cc756b0e-002,"Organized Crime and the Infiltration of Legitimate Business: Civil Remedies for ""Criminal Activity""",10.2307/3311463,needs_web_search,,https://doi.org/10.2307/3311463,OpenAlex; Crossref; Semantic Scholar; DataCite; CORE; Europe PMC; OpenCitations Meta; arXiv; Zenodo; HAL; DOAJ; paper/repository resolved,needs_web_search,1,Semantic Scholar:upstream_429; CORE:upstream_500; arXiv:upstream_429,2026-09-14,No abstract text detected by the bulk zero-cost cascade; retain for per-paper free web/assisted search.
CAND-ACADEMIC-2026-09-09-EXTRA-5e31cc756b0e-003,Facilitating the Italian Mafia: The Grey Zone of Complicity and Collusion,10.1080/13608746.2019.1575563,available,OpenAlex,https://doi.org/10.1080/13608746.2019.1575563,OpenAlex; Crossref; Semantic Scholar; DataCite; CORE; Europe PMC; OpenCitations Meta; arXiv; Zenodo; HAL; DOAJ,doi,1,CORE:upstream_429,2026-09-09,Previously verified abstract availability reused within the 30-day zero-cost cache; abstract text remains unpersisted.
CAND-ACADEMIC-2026-09-09-EXTRA-5e31cc756b0e-004,When the Godfather Falls: Implications for Industry Peers,,available,Crossref,https://doi.org/10.2139/ssrn.4960619,OpenAlex; Crossref; Semantic Scholar; DataCite; CORE; Europe PMC; arXiv; Zenodo; HAL; DOAJ,title_year,1,Semantic Scholar:upstream_429; CORE:upstream_429,2026-09-09,Previously verified abstract availability reused within the 30-day zero-cost cache; abstract text remains unpersisted.
CAND-ACADEMIC-2026-09-09-EXTRA-5e31cc756b0e-005,White List: An Administrative Tool to Contrast Crime,10.3390/g13010008,available,OpenAlex,https://doi.org/10.3390/g13010008,OpenAlex; Crossref; Semantic Scholar; DataCite; CORE; Europe PMC; OpenCitations Meta; arXiv; Zenodo; HAL; DOAJ,doi,1,Semantic Scholar:upstream_429; CORE:upstream_500,2026-09-09,Previously verified abstract availability reused within the 30-day zero-cost cache; abstract text remains unpersisted.
CAND-ACADEMIC-2026-09-09-EXTRA-5e31cc756b0e-006,Legality certification and firm performance: Evidence from Italy’s anti-mafia white list,10.1016/j.ecosys.2026.101421,available,OpenAlex,https://doi.org/10.1016/j.ecosys.2026.101421,OpenAlex; Crossref; Semantic Scholar; DataCite; CORE; Europe PMC; OpenCitations Meta; arXiv; Zenodo; HAL; DOAJ,doi,1,Semantic Scholar:upstream_429; CORE:upstream_429,2026-09-09,Previously verified abstract availability reused within the 30-day zero-cost cache; abstract text remains unpersisted.
CAND-ACADEMIC-2026-09-09-EXTRA-5e31cc756b0e-007,Organized Crime Infiltration of Legitimate Businesses in Europe: A Pilot Project in Five European Countries,,needs_web_search,,https://www.transcrime.it/wp-content/uploads/2015/11/Project-ARIEL_Final-report.pdf,governed PDF; OpenAlex; Crossref; Semantic Scholar; DataCite; CORE; Europe PMC; arXiv; Zenodo; HAL; DOAJ; paper/repository resolved,needs_web_search,0,PDF:no_explicit_abstract:www.transcrime.it; Semantic Scholar:upstream_429; CORE:upstream_500; arXiv:upstream_429,2026-09-14,No abstract text detected by the bulk zero-cost cascade; retain for per-paper free web/assisted search.
CAND-ACADEMIC-2026-09-09-EXTRA-5e31cc756b0e-008,The risk of mafia infiltration in Italian municipalities: Statistical and machine learning evidence from financial information,,available,uif.bancaditalia.it PDF,https://uif.bancaditalia.it/pubblicazioni/quaderni/2025/quaderno-27-2025/QAR-27.pdf,governed PDF,resolved_pdf,1,,2026-09-09,Previously verified abstract availability reused within the 30-day zero-cost cache; abstract text remains unpersisted.
CAND-ACADEMIC-2026-09-09-EXTRA-5e31cc756b0e-009,Diagnostic Infrastructures and Behavioural Drift in Public Financial Management: Evidence from Municipalities Dissolved for Mafia Infiltration,,available,SSRN exact abstract record located with Parallel Search,https://papers.ssrn.com/sol3/papers.cfm?abstract_id=5203951,OpenAlex; Crossref; Semantic Scholar; DataCite; CORE; Europe PMC; arXiv; Zenodo; HAL; DOAJ; paper/repository resolved; curator verified abstract source,verified_abstract_source,1,Semantic Scholar:upstream_429; CORE:upstream_500,2026-09-13,Previously verified abstract availability reused within the 30-day zero-cost cache; abstract text remains unpersisted.
CAND-ACADEMIC-2026-09-09-EXTRA-5e31cc756b0e-010,Mapping the Risk of Serious and Organised Crime Infiltrating Legitimate Businesses: Final Report,10.2837/64101,needs_web_search,,https://www.rand.org/pubs/external_publications/EP68577.html,OpenAlex; Crossref; Semantic Scholar; DataCite; CORE; Europe PMC; OpenCitations Meta; arXiv; Zenodo; HAL; DOAJ; paper/repository resolved,needs_web_search,1,Semantic Scholar:upstream_429; CORE:upstream_500; arXiv:upstream_429,2026-09-14,No abstract text detected by the bulk zero-cost cascade; retain for per-paper free web/assisted search.
CAND-ACADEMIC-2026-09-09-EXTRA-5e31cc756b0e-011,"Mafia, Politics and Machine Predictions",,available,CEPR DP19322 abstract record located with Parallel Search,https://cepr.org/publications/dp19322,OpenAlex; Crossref; Semantic Scholar; DataCite; CORE; Europe PMC; arXiv; Zenodo; HAL; DOAJ; paper/repository resolved; curator verified abstract source,verified_abstract_source,1,Semantic Scholar:upstream_429,2026-09-13,Previously verified abstract availability reused within the 30-day zero-cost cache; abstract text remains unpersisted.
CAND-ACADEMIC-2026-09-09-EXTRA-5e31cc756b0e-012,The effects of organized crime on legitimate businesses,10.1108/13590790610660926,available,OpenAlex,https://doi.org/10.1108/13590790610660926,OpenAlex; Crossref; Semantic Scholar; DataCite; CORE; Europe PMC; OpenCitations Meta; arXiv; Zenodo; HAL; DOAJ,doi,1,Semantic Scholar:upstream_429; CORE:upstream_429,2026-09-09,Previously verified abstract availability reused within the 30-day zero-cost cache; abstract text remains unpersisted.
CAND-ACADEMIC-2026-09-09-EXTRA-5e31cc756b0e-013,Organised criminals and the legal economy,,needs_web_search,,https://www.routledge.com/Organised-Crime-in-European-Businesses/Savona-Riccardi-Berlusconi/p/book/9781138499478,OpenAlex; Crossref; Semantic Scholar; DataCite; CORE; Europe PMC; arXiv; Zenodo; HAL; DOAJ; paper/repository resolved,needs_web_search,0,Semantic Scholar:upstream_429; arXiv:upstream_429,2026-09-14,No abstract text detected by the bulk zero-cost cascade; retain for per-paper free web/assisted search.
CAND-ACADEMIC-2026-09-09-EXTRA-6b5b5e038ac4-001,"Revealing “Mafia Inc.”? Financial Crisis, Organized Crime, and the Birth of New Enterprises",10.1162/rest_a_00942,available,OpenAlex,https://doi.org/10.1162/rest_a_00942,governed PDF; OpenAlex; Crossref; Semantic Scholar; DataCite; CORE; Europe PMC; OpenCitations Meta; arXiv; Zenodo; HAL; DOAJ,doi,1,PDF:not_pdf; CORE:upstream_429,2026-09-11,Previously verified abstract availability reused within the 30-day zero-cost cache; abstract text remains unpersisted.
CAND-ACADEMIC-2026-09-09-EXTRA-6b5b5e038ac4-002,Mapping the Risk of Serious and Organised Crime Infiltrating Legitimate Businesses: Technical Annexes,10.2837/442937,needs_web_search,,https://www.rand.org/pubs/external_publications/EP68578.html,OpenAlex; Crossref; Semantic Scholar; DataCite; CORE; Europe PMC; OpenCitations Meta; arXiv; Zenodo; HAL; DOAJ; paper/repository resolved,needs_web_search,1,Semantic Scholar:upstream_429; CORE:upstream_500; arXiv:upstream_429,2026-09-14,No abstract text detected by the bulk zero-cost cascade; retain for per-paper free web/assisted search.
CAND-ACADEMIC-2026-09-09-EXTRA-6b5b5e038ac4-003,The Illusion of Success: A Case Study in the Infiltration of Legitimate Business,,needs_web_search,,https://www.ojp.gov/pdffiles1/Digitization/93999NCJRS.pdf,governed PDF; OpenAlex; Crossref; Semantic Scholar; DataCite; CORE; Europe PMC; arXiv; Zenodo; HAL; DOAJ; paper/repository resolved,needs_web_search,0,PDF:no_explicit_abstract:www.ojp.gov; Semantic Scholar:upstream_429; CORE:upstream_500; arXiv:upstream_429,2026-09-14,No abstract text detected by the bulk zero-cost cascade; retain for per-paper free web/assisted search.
CAND-ACADEMIC-2026-09-09-EXTRA-6b5b5e038ac4-004,Racketeering in Legitimate Industries: A Study in The Economics of Intimidation,,needs_web_search,,https://www.rand.org/content/dam/rand/pubs/reports/2007/R3525.pdf,governed PDF; OpenAlex; Crossref; Semantic Scholar; DataCite; CORE; Europe PMC; arXiv; Zenodo; HAL; DOAJ; paper/repository resolved,needs_web_search,1,PDF:pdf_http_403; Semantic Scholar:upstream_429; CORE:upstream_500; arXiv:upstream_429,2026-09-14,No abstract text detected by the bulk zero-cost cascade; retain for per-paper free web/assisted search.
CAND-ACADEMIC-2026-09-09-EXTRA-6b5b5e038ac4-005,Racketeering in Legitimate Industries - Two Case Studies - Executive Summary,,needs_web_search,,https://www.ojp.gov/library/publications/racketeering-legitimate-industries-two-case-studies-executive-summary,OpenAlex; Crossref; Semantic Scholar; DataCite; CORE; Europe PMC; arXiv; Zenodo; HAL; DOAJ; paper/repository resolved,needs_web_search,0,Semantic Scholar:upstream_429; CORE:upstream_429; arXiv:upstream_429,2026-09-14,No abstract text detected by the bulk zero-cost cascade; retain for per-paper free web/assisted search.
CAND-ACADEMIC-2026-09-09-EXTRA-6b5b5e038ac4-006,The Cartage Industry in New York,10.1086/449224,available,OpenAlex,https://doi.org/10.1086/449224,OpenAlex; Crossref; Semantic Scholar; DataCite; CORE; Europe PMC; OpenCitations Meta; arXiv; Zenodo; HAL; DOAJ,doi,1,Semantic Scholar:upstream_429,2026-09-11,Previously verified abstract availability reused within the 30-day zero-cost cache; abstract text remains unpersisted.
CAND-ACADEMIC-2026-09-09-EXTRA-6b5b5e038ac4-007,Corruption and Racketeering in the New York City Construction Industry,,needs_web_search,,https://lib.ugent.be/en/catalog/rug01:000229354,OpenAlex; Crossref; Semantic Scholar; DataCite; CORE; Europe PMC; arXiv; Zenodo; HAL; DOAJ; paper/repository resolved,needs_web_search,1,Semantic Scholar:upstream_429; CORE:upstream_429; arXiv:upstream_429,2026-09-14,No abstract text detected by the bulk zero-cost cascade; retain for per-paper free web/assisted search.
CAND-ACADEMIC-2026-09-09-EXTRA-6b5b5e038ac4-008,The Persistence of Organized Crime in New York City Construction: An Economic Perspective,10.1177/001979398904200406,available,OpenAlex,https://doi.org/10.1177/001979398904200406,OpenAlex; Crossref; Semantic Scholar; DataCite; CORE; Europe PMC; OpenCitations Meta; arXiv; Zenodo; HAL; DOAJ,doi,1,Semantic Scholar:upstream_429; CORE:upstream_429; arXiv:upstream_429,2026-09-14,Abstract text detected by the zero-cost cascade; text is intentionally not persisted.
CAND-ACADEMIC-2026-09-09-EXTRA-6b5b5e038ac4-009,Study of Organized Crime Business-Type Activities and Their Implications For Law Enforcement,,needs_web_search,,https://uat.ojp.gov/library/publications/study-organized-crime-business-type-activities-and-their-implications-law,OpenAlex; Crossref; Semantic Scholar; DataCite; CORE; Europe PMC; arXiv; Zenodo; HAL; DOAJ; paper/repository resolved,needs_web_search,0,Semantic Scholar:upstream_429; CORE:upstream_429; arXiv:upstream_429,2026-09-14,No abstract text detected by the bulk zero-cost cascade; retain for per-paper free web/assisted search.
CAND-ACADEMIC-2026-09-09-EXTRA-6b5b5e038ac4-010,"The Private Sector and Organized Crime: Criminal Entrepreneurship, Illicit Profits, and Private Sector Security Governance",,needs_web_search,,https://www.routledge.com/The-Private-Sector-and-Organized-Crime-Criminal-Entrepreneurship-Illicit-Profits-and-Private-Sector-Security-Governance/Zabyelina-Thachuk/p/book/9781032056654,OpenAlex; Crossref; Semantic Scholar; DataCite; CORE; Europe PMC; arXiv; Zenodo; HAL; DOAJ; paper/repository resolved,needs_web_search,0,Semantic Scholar:upstream_429; CORE:upstream_429; arXiv:upstream_429,2026-09-14,No abstract text detected by the bulk zero-cost cascade; retain for per-paper free web/assisted search.
CAND-ACADEMIC-2026-09-09-EXTRA-6b5b5e038ac4-011,Entrepreneurship and Organised Crime: A Systematic Review and Research Agenda Based on Three Decades of Scholarship,,available,OpenAlex,https://doi.org/10.1108/jsbed-12-2022-0515,OpenAlex; Crossref; Semantic Scholar; DataCite; CORE; Europe PMC; arXiv; Zenodo; HAL; DOAJ,title_year,1,Semantic Scholar:upstream_429; CORE:upstream_429,2026-09-11,Previously verified abstract availability reused within the 30-day zero-cost cache; abstract text remains unpersisted.
CAND-ACADEMIC-2026-09-09-EXTRA-6b5b5e038ac4-012,Labor Tax Avoidance and Its Determinants: The Case of Mafia Firms in Italy,10.1007/s10551-014-2304-7,needs_web_search,,https://doi.org/10.1007/s10551-014-2304-7,OpenAlex; Crossref; Semantic Scholar; DataCite; CORE; Europe PMC; OpenCitations Meta; arXiv; Zenodo; HAL; DOAJ; paper/repository resolved,needs_web_search,1,Semantic Scholar:upstream_429; CORE:upstream_429; arXiv:upstream_429,2026-09-14,No abstract text detected by the bulk zero-cost cascade; retain for per-paper free web/assisted search.
CAND-ACADEMIC-2026-09-09-EXTRA-6b5b5e038ac4-013,Tough on criminal wealth? Exploring the link between organized crime’s asset confiscation and regional entrepreneurship,10.1007/s11187-018-0003-y,available,link.springer.com PDF,https://link.springer.com/content/pdf/10.1007/s11187-018-0003-y.pdf,governed PDF,resolved_pdf,1,,2026-09-11,Previously verified abstract availability reused within the 30-day zero-cost cache; abstract text remains unpersisted.
CAND-ACADEMIC-2026-09-09-EXTRA-6b5b5e038ac4-014,Closed for mafia: Evidence from the removal of mafia firms on commercial property values,10.1111/jors.12612,available,iris.uniroma1.it PDF,https://iris.uniroma1.it/bitstream/11573/1651622/4/Calamunci_Closed_2022.pdf,governed PDF,resolved_pdf,1,,2026-09-11,Previously verified abstract availability reused within the 30-day zero-cost cache; abstract text remains unpersisted.
CAND-ACADEMIC-2026-09-09-EXTRA-6b5b5e038ac4-015,The Spatial Impact of Judicial Administration on Firms’ Performance,10.1111/labr.70019,available,OpenAlex,https://doi.org/10.1111/labr.70019,OpenAlex; Crossref; Semantic Scholar; DataCite; CORE; Europe PMC; OpenCitations Meta; arXiv; Zenodo; HAL; DOAJ,doi,1,Semantic Scholar:upstream_429; CORE:upstream_429,2026-09-11,Previously verified abstract availability reused within the 30-day zero-cost cache; abstract text remains unpersisted.
CAND-ACADEMIC-2026-09-09-EXTRA-6b5b5e038ac4-016,Institutional trust and the confiscation of real estate assets from organised crime,10.1017/s1744137426100459,available,cambridge.org PDF,https://www.cambridge.org/core/services/aop-cambridge-core/content/view/22CD16570A1AEF8DF68CA940E6C1BC76/S1744137426100459a.pdf/div-class-title-institutional-trust-and-the-confiscation-of-real-estate-assets-from-organised-crime-div.pdf,governed PDF,resolved_pdf,1,,2026-09-11,Previously verified abstract availability reused within the 30-day zero-cost cache; abstract text remains unpersisted.
CAND-ACADEMIC-2026-09-09-EXTRA-6b5b5e038ac4-017,Transition management strategies of confiscated mafia-type firms: the role of public administrations and nonprofit organizations,10.1108/jpbafm-03-2023-0041,available,OpenAlex,https://doi.org/10.1108/jpbafm-03-2023-0041,OpenAlex; Crossref; Semantic Scholar; DataCite; CORE; Europe PMC; OpenCitations Meta; arXiv; Zenodo; HAL; DOAJ,doi,1,Semantic Scholar:upstream_429; CORE:upstream_429,2026-09-11,Previously verified abstract availability reused within the 30-day zero-cost cache; abstract text remains unpersisted.
CAND-ACADEMIC-2026-09-09-EXTRA-6b5b5e038ac4-018,Localized effects of confiscated and re-allocated real estate mafia assets,10.1093/jeg/lbad035,available,OpenAlex,https://doi.org/10.1093/jeg/lbad035,governed PDF; OpenAlex; Crossref; Semantic Scholar; DataCite; CORE; Europe PMC; OpenCitations Meta; arXiv; Zenodo; HAL; DOAJ,doi,1,PDF:pdf_http_403; Semantic Scholar:upstream_429; CORE:upstream_429,2026-09-11,Previously verified abstract availability reused within the 30-day zero-cost cache; abstract text remains unpersisted.
CAND-ACADEMIC-2026-09-09-EXTRA-6b5b5e038ac4-019,Detection Model of Legally Registered Mafia Firms in Italy,10.1111/emre.12039,available,OpenAlex,https://doi.org/10.1111/emre.12039,OpenAlex; Crossref; Semantic Scholar; DataCite; CORE; Europe PMC; OpenCitations Meta; arXiv; Zenodo; HAL; DOAJ,doi,1,Semantic Scholar:upstream_429; CORE:upstream_429,2026-09-11,Previously verified abstract availability reused within the 30-day zero-cost cache; abstract text remains unpersisted.
CAND-ACADEMIC-2026-09-09-EXTRA-6b5b5e038ac4-020,Accrual management as an indication of money laundering through legally registered Mafia firms in Italy,10.1108/aaaj-12-2015-2329,available,OpenAlex,https://doi.org/10.1108/aaaj-12-2015-2329,OpenAlex; Crossref; Semantic Scholar; DataCite; CORE; Europe PMC; OpenCitations Meta; arXiv; Zenodo; HAL; DOAJ,doi,1,Semantic Scholar:upstream_429; CORE:upstream_429,2026-09-11,Previously verified abstract availability reused within the 30-day zero-cost cache; abstract text remains unpersisted.
CAND-ACADEMIC-2026-09-09-EXTRA-6b5b5e038ac4-021,Mapping Organized Crime as a Stakeholder: A Risk-Based and Responsive Governance Perspective,10.1111/rego.70194,available,OpenAlex,https://doi.org/10.1111/rego.70194,OpenAlex; Crossref; Semantic Scholar; DataCite; CORE; Europe PMC; OpenCitations Meta; arXiv; Zenodo; HAL; DOAJ,doi,1,Semantic Scholar:upstream_429; CORE:upstream_429,2026-09-11,Previously verified abstract availability reused within the 30-day zero-cost cache; abstract text remains unpersisted.
CAND-ACADEMIC-2026-09-09-EXTRA-6b5b5e038ac4-022,"The sex market, bars and nightclubs: criminal infiltration in Slovenia",,needs_web_search,,https://www.routledge.com/Organised-Crime-in-European-Businesses/Savona-Riccardi-Berlusconi/p/book/9781138499478,OpenAlex; Crossref; Semantic Scholar; DataCite; CORE; Europe PMC; arXiv; Zenodo; HAL; DOAJ; paper/repository resolved,needs_web_search,0,Semantic Scholar:upstream_429; CORE:upstream_429; arXiv:upstream_429,2026-09-14,No abstract text detected by the bulk zero-cost cascade; retain for per-paper free web/assisted search.
CAND-ACADEMIC-2026-09-09-EXTRA-6b5b5e038ac4-023,From drug trafficking to wholesale trade business: organised crime infiltration in Spain,,needs_web_search,,https://www.routledge.com/Organised-Crime-in-European-Businesses/Savona-Riccardi-Berlusconi/p/book/9781138499478,OpenAlex; Crossref; Semantic Scholar; DataCite; CORE; Europe PMC; arXiv; Zenodo; HAL; DOAJ; paper/repository resolved,needs_web_search,0,Semantic Scholar:upstream_429; CORE:upstream_429,2026-09-14,No abstract text detected by the bulk zero-cost cascade; retain for per-paper free web/assisted search.
CAND-ACADEMIC-2026-09-09-EXTRA-6b5b5e038ac4-024,Social welfare fraud and criminal infiltration in Sweden,,needs_web_search,,https://www.routledge.com/Organised-Crime-in-European-Businesses/Savona-Riccardi-Berlusconi/p/book/9781138499478,OpenAlex; Crossref; Semantic Scholar; DataCite; CORE; Europe PMC; arXiv; Zenodo; HAL; DOAJ; paper/repository resolved,needs_web_search,0,Semantic Scholar:upstream_429; CORE:upstream_429; arXiv:upstream_429,2026-09-14,No abstract text detected by the bulk zero-cost cascade; retain for per-paper free web/assisted search.
CAND-ACADEMIC-2026-09-09-EXTRA-6b5b5e038ac4-025,Crash-for-cash and VAT carousels: organised crime infiltration in the United Kingdom,,needs_web_search,,https://www.routledge.com/Organised-Crime-in-European-Businesses/Savona-Riccardi-Berlusconi/p/book/9781138499478,OpenAlex; Crossref; Semantic Scholar; DataCite; CORE; Europe PMC; arXiv; Zenodo; HAL; DOAJ; paper/repository resolved,needs_web_search,0,Semantic Scholar:upstream_429; CORE:upstream_429; arXiv:upstream_429,2026-09-14,No abstract text detected by the bulk zero-cost cascade; retain for per-paper free web/assisted search.
CAND-ACADEMIC-2026-09-09-EXTRA-6b5b5e038ac4-026,Grand banditisme traditionnel and foreign groups: organised crime infiltration in France,,needs_web_search,,https://www.routledge.com/Organised-Crime-in-European-Businesses/Savona-Riccardi-Berlusconi/p/book/9781138499478,OpenAlex; Crossref; Semantic Scholar; DataCite; CORE; Europe PMC; arXiv; Zenodo; HAL; DOAJ; paper/repository resolved,needs_web_search,0,Semantic Scholar:upstream_429; CORE:upstream_429; arXiv:upstream_503,2026-09-14,No abstract text detected by the bulk zero-cost cascade; retain for per-paper free web/assisted search.
CAND-ACADEMIC-2026-09-09-EXTRA-6b5b5e038ac4-027,From bikers to entrepreneurs: motorcycle gangs infiltration in Finland,,needs_web_search,,https://www.routledge.com/Organised-Crime-in-European-Businesses/Savona-Riccardi-Berlusconi/p/book/9781138499478,OpenAlex; Crossref; Semantic Scholar; DataCite; CORE; Europe PMC; arXiv; Zenodo; HAL; DOAJ; paper/repository resolved,needs_web_search,0,Semantic Scholar:upstream_429; CORE:upstream_429; arXiv:upstream_429,2026-09-14,No abstract text detected by the bulk zero-cost cascade; retain for per-paper free web/assisted search.
CAND-ACADEMIC-2026-09-09-EXTRA-6b5b5e038ac4-028,The impact of organised crime infiltration on the European legitimate economy,,needs_web_search,,https://www.routledge.com/Organised-Crime-in-European-Businesses/Savona-Riccardi-Berlusconi/p/book/9781138499478,OpenAlex; Crossref; Semantic Scholar; DataCite; CORE; Europe PMC; arXiv; Zenodo; HAL; DOAJ; paper/repository resolved,needs_web_search,0,CORE:upstream_429; arXiv:upstream_429; DOAJ:upstream_502,2026-09-14,No abstract text detected by the bulk zero-cost cascade; retain for per-paper free web/assisted search.
CAND-ACADEMIC-2026-09-09-EXTRA-6b5b5e038ac4-029,From the analysis of criminal infiltration to the assessment of its risk,,available,OpenAlex,https://www.taylorfrancis.com/chapters/analysis-criminal-infiltration-assessment-risk-lorella-garofalo/e/10.4324/9781315640617-24,OpenAlex; Crossref; Semantic Scholar; DataCite; CORE; Europe PMC; arXiv; Zenodo; HAL; DOAJ,title_year,1,Semantic Scholar:upstream_429; CORE:upstream_429,2026-09-12,Previously verified abstract availability reused within the 30-day zero-cost cache; abstract text remains unpersisted.
CAND-ACADEMIC-2026-09-09-EXTRA-6b5b5e038ac4-030,Mafia infiltrations in times of crisis: evidence from the Covid-19 shock,,available,ideas.repec.org,https://ideas.repec.org/p/bdi/wptemi/td_1502_25.html,OpenAlex; Crossref; Semantic Scholar; DataCite; CORE; Europe PMC; arXiv; Zenodo; HAL; DOAJ; paper/repository resolved,resolved_url,1,Semantic Scholar:upstream_429; CORE:upstream_429,2026-09-11,Previously verified abstract availability reused within the 30-day zero-cost cache; abstract text remains unpersisted.
CAND-ACADEMIC-2026-09-09-EXTRA-85e203d4eb5a-001,Testing the reliability of OSINT network data for investigating organised crime infiltration of legal-market businesses,10.1080/17440572.2025.2567277,available,OpenAlex,https://doi.org/10.1080/17440572.2025.2567277,OpenAlex; Crossref; Semantic Scholar; DataCite; CORE; Europe PMC; OpenCitations Meta; arXiv; Zenodo; HAL; DOAJ,doi,1,Semantic Scholar:upstream_429; Zenodo:upstream_504,2026-09-09,Previously verified abstract availability reused within the 30-day zero-cost cache; abstract text remains unpersisted.
CAND-ACADEMIC-2026-09-09-EXTRA-85e203d4eb5a-002,Beyond Mafia: Considerations on Criminal Infiltration in the Legal Economy,10.56687/9781529247145-010,needs_web_search,,https://doi.org/10.56687/9781529247145-010,OpenAlex; Crossref; Semantic Scholar; DataCite; CORE; Europe PMC; OpenCitations Meta; arXiv; Zenodo; HAL; DOAJ; paper/repository resolved,needs_web_search,1,Semantic Scholar:upstream_429; CORE:upstream_429; arXiv:upstream_429,2026-09-14,No abstract text detected by the bulk zero-cost cascade; retain for per-paper free web/assisted search.
CAND-ACADEMIC-2026-09-09-EXTRA-85e203d4eb5a-003,Introduction: Organized Crime Penetrations of Legitimate Businesses,10.1007/978-1-4615-4883-6_2,needs_web_search,,https://doi.org/10.1007/978-1-4615-4883-6_2,OpenAlex; Crossref; Semantic Scholar; DataCite; CORE; Europe PMC; OpenCitations Meta; arXiv; Zenodo; HAL; DOAJ; paper/repository resolved,needs_web_search,1,Semantic Scholar:upstream_429; CORE:upstream_429; arXiv:upstream_429,2026-09-14,No abstract text detected by the bulk zero-cost cascade; retain for per-paper free web/assisted search.
CAND-ACADEMIC-2026-09-09-EXTRA-85e203d4eb5a-004,Organized Crime and Legitimate Business,10.4135/9781506305110.n10,needs_web_search,,https://doi.org/10.4135/9781506305110.n10,OpenAlex; Crossref; Semantic Scholar; DataCite; CORE; Europe PMC; OpenCitations Meta; arXiv; Zenodo; HAL; DOAJ; paper/repository resolved,needs_web_search,1,Semantic Scholar:upstream_429; CORE:upstream_429; arXiv:upstream_429,2026-09-14,No abstract text detected by the bulk zero-cost cascade; retain for per-paper free web/assisted search.
CAND-ACADEMIC-2026-09-09-EXTRA-85e203d4eb5a-005,How Criminals Infiltrate Public Procurement: Organised Crime and Corruption in Legal Markets and Public Sectors,,available,OpenAlex,https://cejiss.org/images/issue_articles/2016-volume-10-issue-1/article-01.pdf,governed PDF; OpenAlex; Crossref; Semantic Scholar; DataCite; CORE; Europe PMC; arXiv; Zenodo; HAL; DOAJ,title_year,0.917,PDF:no_explicit_abstract:cejiss.org; Semantic Scholar:upstream_429; CORE:upstream_500; Zenodo:upstream_504,2026-09-09,Previously verified abstract availability reused within the 30-day zero-cost cache; abstract text remains unpersisted.
CAND-ACADEMIC-2026-09-09-EXTRA-85e203d4eb5a-006,Organized Crime and Economic Growth: Evidence from Municipalities Infiltrated by the Mafia,10.1257/aer.20221687,available,OpenAlex,https://doi.org/10.1257/aer.20221687,OpenAlex; Crossref; Semantic Scholar; DataCite; CORE; Europe PMC; OpenCitations Meta; arXiv; Zenodo; HAL; DOAJ,doi,1,Semantic Scholar:upstream_429; CORE:upstream_500; Zenodo:upstream_504,2026-09-09,Previously verified abstract availability reused within the 30-day zero-cost cache; abstract text remains unpersisted.
CAND-ACADEMIC-2026-09-09-EXTRA-85e203d4eb5a-007,Mafia expansion to new territories: the 'Ndrangheta in Germany,,available,Oxford University Research Archive thesis record located with Parallel Search,https://ora.ox.ac.uk/objects/uuid:1de693d7-e5f5-4876-b7e7-7e6c1e2094d6,OpenAlex; Crossref; Semantic Scholar; DataCite; CORE; Europe PMC; arXiv; Zenodo; HAL; DOAJ; paper/repository resolved; curator verified abstract source,verified_abstract_source,1,Semantic Scholar:upstream_429; CORE:upstream_429,2026-09-13,Previously verified abstract availability reused within the 30-day zero-cost cache; abstract text remains unpersisted.
CAND-ACADEMIC-2026-09-09-EXTRA-85e203d4eb5a-008,The territorial expansion of mafia-type organized crime. The case of the Italian mafia in Germany,10.1007/s10611-013-9473-7,available,SciSpace exact DOI record,https://link.springer.com/article/10.1007/s10611-013-9473-7,OpenAlex; Crossref; Semantic Scholar; DataCite; CORE; Europe PMC; OpenCitations Meta; arXiv; Zenodo; HAL; DOAJ; paper/repository resolved; curator verified abstract source,verified_abstract_source,1,Semantic Scholar:upstream_429; CORE:upstream_429; HAL:fetch failed,2026-09-10,Previously verified abstract availability reused within the 30-day zero-cost cache; abstract text remains unpersisted.
CAND-ACADEMIC-2026-09-09-EXTRA-85e203d4eb5a-009,Mafia infiltration in legitimate companies in Italy: From traditional sectors to emerging businesses,,available,Università Cattolica institutional repository abstract located with Parallel Search,https://publicatt.unicatt.it/handle/10807/223872,OpenAlex; Crossref; Semantic Scholar; DataCite; CORE; Europe PMC; arXiv; Zenodo; HAL; DOAJ; paper/repository resolved; curator verified abstract source,verified_abstract_source,1,Semantic Scholar:upstream_429; CORE:upstream_429,2026-09-13,Previously verified abstract availability reused within the 30-day zero-cost cache; abstract text remains unpersisted.
CAND-ACADEMIC-2026-09-09-EXTRA-85e203d4eb5a-010,Detection of shell companies in financial institutions using dynamic social network,10.1016/j.eswa.2022.117981,available,OpenAlex,https://doi.org/10.1016/j.eswa.2022.117981,governed PDF; OpenAlex; Crossref; Semantic Scholar; DataCite; CORE; Europe PMC; OpenCitations Meta; arXiv; Zenodo; HAL; DOAJ,doi,1,PDF:fetch failed; Semantic Scholar:upstream_429; CORE:upstream_429,2026-09-09,Previously verified abstract availability reused within the 30-day zero-cost cache; abstract text remains unpersisted.
CAND-ACADEMIC-2026-09-09-EXTRA-85e203d4eb5a-011,Keeping Pace with Organised Crime: Seven Reflections on Research and Policy Priorities,10.1080/03071847.2026.2681442,available,OpenAlex,https://doi.org/10.1080/03071847.2026.2681442,OpenAlex; Crossref; Semantic Scholar; DataCite; CORE; Europe PMC; OpenCitations Meta; arXiv; Zenodo; HAL; DOAJ,doi,1,Semantic Scholar:upstream_429; CORE:upstream_429,2026-09-09,Previously verified abstract availability reused within the 30-day zero-cost cache; abstract text remains unpersisted.
CAND-ACADEMIC-2026-09-09-EXTRA-85e203d4eb5a-012,Monitoring Quality of Mafia-Connected Accountants,10.1111/1475-679x.70055,available,OpenAlex,https://doi.org/10.1111/1475-679x.70055,OpenAlex; Crossref; Semantic Scholar; DataCite; CORE; Europe PMC; OpenCitations Meta; arXiv; Zenodo; HAL; DOAJ,doi,1,CORE:upstream_429,2026-09-09,Previously verified abstract availability reused within the 30-day zero-cost cache; abstract text remains unpersisted.
CAND-ACADEMIC-2026-09-09-EXTRA-85e203d4eb5a-013,Organized crime and banks: assessing the effects of anti-mafia police actions on lending,,available,ecb.europa.eu PDF,https://www.ecb.europa.eu/pub/pdf/scpwps/ecb.wp3060~2ea4ebd7aa.en.pdf,governed PDF,resolved_pdf,1,,2026-09-09,Previously verified abstract availability reused within the 30-day zero-cost cache; abstract text remains unpersisted.
CAND-ACADEMIC-2026-09-09-EXTRA-8e1caef4c376-001,Organised crime infiltration in the legitimate private economy - An empirical network analysis approach,10.48550/arxiv.1403.5071,available,OpenAlex,https://arxiv.org/pdf/1403.5071,OpenAlex; Crossref; Semantic Scholar; DataCite; CORE; Europe PMC; OpenCitations Meta; arXiv; Zenodo; HAL; DOAJ,doi,1,Semantic Scholar:upstream_429; CORE:upstream_429,2026-09-09,Previously verified abstract availability reused within the 30-day zero-cost cache; abstract text remains unpersisted.
CAND-ACADEMIC-2026-09-09-EXTRA-8e1caef4c376-002,Identification and Economic Analysis of Governance Mechanisms in Legally Registered Mafia Firms,,available,OpenAlex,https://research.vu.nl/en/publications/56b10d27-c8dd-4ae9-8e86-8ad21edd9431,OpenAlex; Crossref; Semantic Scholar; DataCite; CORE; Europe PMC; arXiv; Zenodo; HAL; DOAJ,title_year,1,Semantic Scholar:upstream_429; CORE:upstream_429,2026-09-09,Previously verified abstract availability reused within the 30-day zero-cost cache; abstract text remains unpersisted.
CAND-ACADEMIC-2026-09-09-EXTRA-8e1caef4c376-003,What happens in criminal firms after godfather management removal? Judicial administration and firms’ performance,10.1007/s11187-020-00439-4,available,SciSpace exact DOI record,https://link.springer.com/article/10.1007/s11187-020-00439-4,OpenAlex; Crossref; Semantic Scholar; DataCite; CORE; Europe PMC; OpenCitations Meta; arXiv; Zenodo; HAL; DOAJ; paper/repository resolved; curator verified abstract source,verified_abstract_source,1,Semantic Scholar:upstream_429; CORE:upstream_429; HAL:fetch failed,2026-09-10,Previously verified abstract availability reused within the 30-day zero-cost cache; abstract text remains unpersisted.
CAND-ACADEMIC-2026-09-09-EXTRA-8e1caef4c376-004,Organised crime infiltration in the Netherlands: transportation companies hiding transit crimes,10.4324/9781315640617-12,available,OpenAlex,https://dspace.library.uu.nl/handle/1874/414369,OpenAlex; Crossref; Semantic Scholar; DataCite; CORE; Europe PMC; OpenCitations Meta; arXiv; Zenodo; HAL; DOAJ,doi,1,Semantic Scholar:upstream_429; CORE:upstream_429,2026-09-09,Previously verified abstract availability reused within the 30-day zero-cost cache; abstract text remains unpersisted.
CAND-ACADEMIC-2026-09-09-EXTRA-8e1caef4c376-005,Measuring organised crime infiltration in legal businesses,,available,OpenAlex,http://epubs.surrey.ac.uk/845135/1/Riccardi%20%26%20Berlusconi%20%282016%29%20Organised%20crime%20in%20European%20businesses_Chapter%202_manuscript.pdf,OpenAlex; Crossref; Semantic Scholar; DataCite; CORE; Europe PMC; arXiv; Zenodo; HAL; DOAJ,title_year,1,Semantic Scholar:upstream_429; CORE:upstream_429,2026-09-09,Previously verified abstract availability reused within the 30-day zero-cost cache; abstract text remains unpersisted.
CAND-ACADEMIC-2026-09-09-EXTRA-8e1caef4c376-006,Exploring infiltration behaviour by organised crime groups,10.1108/jmlc-10-2021-0117,available,OpenAlex,https://doi.org/10.1108/jmlc-10-2021-0117,OpenAlex; Crossref; Semantic Scholar; DataCite; CORE; Europe PMC; OpenCitations Meta; arXiv; Zenodo; HAL; DOAJ,doi,1,Semantic Scholar:upstream_429; CORE:upstream_429,2026-09-09,Previously verified abstract availability reused within the 30-day zero-cost cache; abstract text remains unpersisted.
CAND-ACADEMIC-2026-09-09-EXTRA-8e1caef4c376-007,"Corporate Governance, Stakeholder Involvement, and Government Interventions as Corporate Prevention Strategies Against Organized Crime",10.1007/978-3-031-74523-2_19,needs_web_search,,https://doi.org/10.1007/978-3-031-74523-2_19,OpenAlex; Crossref; Semantic Scholar; DataCite; CORE; Europe PMC; OpenCitations Meta; arXiv; Zenodo; HAL; DOAJ; paper/repository resolved,needs_web_search,1,Semantic Scholar:upstream_429; CORE:upstream_429; arXiv:upstream_429,2026-09-14,No abstract text detected by the bulk zero-cost cascade; retain for per-paper free web/assisted search.
CAND-ACADEMIC-2026-09-10-001,The Evolution of Organized Crime and Labor Racketeering Corruption,,needs_web_search,,https://www.oig.dol.gov/public/reports/laborracpaper.pdf,governed PDF; OpenAlex; Crossref; Semantic Scholar; DataCite; CORE; Europe PMC; arXiv; Zenodo; HAL; DOAJ; paper/repository resolved,needs_web_search,0,PDF:no_explicit_abstract:www.oig.dol.gov; Semantic Scholar:upstream_429; CORE:upstream_429; arXiv:upstream_429,2026-09-14,No abstract text detected by the bulk zero-cost cascade; retain for per-paper free web/assisted search.
CAND-ACADEMIC-2026-09-10-002,"""On the Waterfront"": RICO and Labor Racketeering",,available,OpenAlex,https://scholarship.law.nd.edu/law_faculty_scholarship/23,OpenAlex; Crossref; Semantic Scholar; DataCite; CORE; Europe PMC; arXiv; Zenodo; HAL; DOAJ,title_year,1,Semantic Scholar:upstream_429; DataCite:upstream_400; CORE:upstream_500,2026-09-10,Previously verified abstract availability reused within the 30-day zero-cost cache; abstract text remains unpersisted.
CAND-ACADEMIC-2026-09-10-003,Organized Crime Research Brief no. 27 - Commercial Construction and OC,,needs_web_search,,https://www.publicsafety.gc.ca/cnt/rsrcs/pblctns/rgnzd-crm-brf-27/rgnzd-crm-brf-27-eng.pdf,governed PDF; OpenAlex; Crossref; Semantic Scholar; DataCite; CORE; Europe PMC; arXiv; Zenodo; HAL; DOAJ; paper/repository resolved,needs_web_search,0,PDF:no_explicit_abstract:www.publicsafety.gc.ca; Semantic Scholar:upstream_429; CORE:upstream_429; arXiv:upstream_429,2026-09-14,No abstract text detected by the bulk zero-cost cascade; retain for per-paper free web/assisted search.
CAND-ACADEMIC-2026-09-10-004,Organised food crime: an analysis of the involvements of organised crime groups in the food sector in England and Italy,10.1007/s10611-021-09975-w,available,OpenAlex,https://doi.org/10.1007/s10611-021-09975-w,governed PDF; OpenAlex; Crossref; Semantic Scholar; DataCite; CORE; Europe PMC; OpenCitations Meta; arXiv; Zenodo; HAL; DOAJ,doi,1,PDF:not_pdf; Semantic Scholar:upstream_429; CORE:upstream_500,2026-09-10,Previously verified abstract availability reused within the 30-day zero-cost cache; abstract text remains unpersisted.
CAND-ACADEMIC-2026-09-10-005,Organized Crime in the Waste Management Industry,10.4324/9781003198635-9,available,OpenAlex,https://doi.org/10.4324/9781003198635-9,OpenAlex; Crossref; Semantic Scholar; DataCite; CORE; Europe PMC; OpenCitations Meta; arXiv; Zenodo; HAL; DOAJ,doi,1,Semantic Scholar:upstream_429,2026-09-10,Previously verified abstract availability reused within the 30-day zero-cost cache; abstract text remains unpersisted.
CAND-ACADEMIC-2026-09-10-006,Controllo giudiziario e sospensione degli effetti dell’informazione interdittiva antimafia. Possibili profili di incostituzionalità,,needs_web_search,,https://www.iris.unicz.it/handle/20.500.12317/104840,OpenAlex; Crossref; Semantic Scholar; DataCite; CORE; Europe PMC; arXiv; Zenodo; HAL; DOAJ; paper/repository resolved,needs_web_search,0,Semantic Scholar:upstream_429; CORE:upstream_429; arXiv:upstream_429,2026-09-14,No abstract text detected by the bulk zero-cost cascade; retain for per-paper free web/assisted search.
CAND-ACADEMIC-2026-09-10-007,"Crime, Crime Control and the Yakuza in Contemporary Japan",,available,OJP/NCJRS exact indexed abstract located with Parallel Search,https://www.ojp.gov/ncjrs/virtual-library/abstracts/crime-crime-control-and-yakuza-contemporary-japan,OpenAlex; Crossref; Semantic Scholar; DataCite; CORE; Europe PMC; arXiv; Zenodo; HAL; DOAJ; paper/repository resolved; curator verified abstract source,verified_abstract_source,1,Semantic Scholar:upstream_429,2026-09-13,Previously verified abstract availability reused within the 30-day zero-cost cache; abstract text remains unpersisted.
CAND-ACADEMIC-2026-09-10-008,Enforcement against Organized Crime Fosters Illegal Markets: Evidence from the Yakuza,10.31219/osf.io/r4cmb,available,nhh.no PDF,https://www.nhh.no/globalassets/departments/business-and-management-science/seminars/2020/270820.pdf,governed PDF,resolved_pdf,1,,2026-09-10,Previously verified abstract availability reused within the 30-day zero-cost cache; abstract text remains unpersisted.
CAND-ACADEMIC-2026-09-10-EXTRA-65282d1dbeff-001,"Who Pays? Casino Gambling, Hidden Interests, and Organized Crime",,needs_web_search,,https://www.ojp.gov/ncjrs/virtual-library/abstracts/who-pays-casino-gambling-hidden-interests-and-organized-crime,OpenAlex; Crossref; Semantic Scholar; DataCite; CORE; Europe PMC; arXiv; Zenodo; HAL; DOAJ; paper/repository resolved,needs_web_search,0,OpenAlex:upstream_400; Semantic Scholar:upstream_429; CORE:upstream_429; arXiv:upstream_429; DOAJ:upstream_400,2026-09-14,No abstract text detected by the bulk zero-cost cascade; retain for per-paper free web/assisted search.
CAND-ACADEMIC-2026-09-10-EXTRA-65282d1dbeff-002,"Other People’s Dirty Money: Professional Intermediaries, Market Dynamics and the Finances of White-collar, Corporate and Organized Crimes",10.1093/bjc/azz004,available,OpenAlex,https://doi.org/10.1093/bjc/azz004,governed PDF; OpenAlex; Crossref; Semantic Scholar; DataCite; CORE; Europe PMC; OpenCitations Meta; arXiv; Zenodo; HAL; DOAJ,doi,1,PDF:pdf_http_403; CORE:upstream_429,2026-09-10,Previously verified abstract availability reused within the 30-day zero-cost cache; abstract text remains unpersisted.
CAND-ACADEMIC-2026-09-10-EXTRA-65282d1dbeff-003,La prevenzione collaborativa. Potenzialità applicative del nuovo strumento di bonifica aziendale ex art. 94-bis Codice Antimafia,,needs_web_search,,https://www.anticorruzione.it/documents/91439/126610/LA+PREVENZIONE+COLLABORATIVA_art_+94bis+Codice+Antimafia.pdf/464cb231-9c8f-8600-7f5c-1b8f7178a2f9?t=1694780817920,OpenAlex; Crossref; Semantic Scholar; DataCite; CORE; Europe PMC; arXiv; Zenodo; HAL; DOAJ; paper/repository resolved,needs_web_search,0,Semantic Scholar:upstream_429; CORE:upstream_429; arXiv:upstream_429,2026-09-14,No abstract text detected by the bulk zero-cost cascade; retain for per-paper free web/assisted search.
CAND-ACADEMIC-2026-09-10-EXTRA-65282d1dbeff-004,L'impresa mafiosa: i risultati economici della criminalità organizzata e il ruolo delle politiche pubbliche,,available,OpenAlex,https://econpapers.repec.org/RePEc:pra:mprapa:9138,OpenAlex; Crossref; Semantic Scholar; DataCite; CORE; Europe PMC; arXiv; Zenodo; HAL; DOAJ,title_year,1,CORE:upstream_500,2026-09-10,Previously verified abstract availability reused within the 30-day zero-cost cache; abstract text remains unpersisted.
CAND-ACADEMIC-2026-09-10-EXTRA-8af43493861b-001,BUSINESS OF ORGANIZED CRIME,,needs_web_search,,https://www.ojp.gov/ncjrs/virtual-library/abstracts/business-organized-crime,OpenAlex; Crossref; Semantic Scholar; DataCite; CORE; Europe PMC; arXiv; Zenodo; HAL; DOAJ; paper/repository resolved,needs_web_search,0,Semantic Scholar:upstream_429; CORE:upstream_429; arXiv:upstream_429,2026-09-14,No abstract text detected by the bulk zero-cost cascade; retain for per-paper free web/assisted search.
CAND-ACADEMIC-2026-09-10-EXTRA-8af43493861b-002,The Dark Side of Private Ordering: An Institutional and Empirical Analysis of Organized Crime,10.2307/1600326,available,OpenAlex,https://doi.org/10.2307/1600326,OpenAlex; Crossref; Semantic Scholar; DataCite; CORE; Europe PMC; OpenCitations Meta; arXiv; Zenodo; HAL; DOAJ,doi,1,CORE:upstream_429; arXiv:upstream_429,2026-09-14,Abstract text detected by the zero-cost cascade; text is intentionally not persisted.
CAND-ACADEMIC-2026-09-10-EXTRA-8af43493861b-003,21st-Century Yakuza: Recent Trends in Organized Crime in Japan ~Part 1,10.1017/s1557466012032226,available,OpenAlex,https://doi.org/10.1017/s1557466012032226,governed PDF; OpenAlex; Crossref; Semantic Scholar; DataCite; CORE; Europe PMC; OpenCitations Meta; arXiv; Zenodo; HAL; DOAJ,doi,1,PDF:no_explicit_abstract:www.cambridge.org; Semantic Scholar:upstream_429; DataCite:upstream_400; CORE:upstream_429,2026-09-10,Previously verified abstract availability reused within the 30-day zero-cost cache; abstract text remains unpersisted.
CAND-ACADEMIC-2026-09-10-EXTRA-8af43493861b-004,"Gangs and the Gig Economy: Triads, Precarity and Illicit Work in Hong Kong",,available,Crossref,https://doi.org/10.1093/bjc/azad018,governed PDF; OpenAlex; Crossref; Semantic Scholar; DataCite; CORE; Europe PMC; arXiv; Zenodo; HAL; DOAJ,title_year,1,PDF:pdf_http_403; OpenAlex:upstream_429; CORE:upstream_429,2026-09-10,Previously verified abstract availability reused within the 30-day zero-cost cache; abstract text remains unpersisted.
CAND-ACADEMIC-2026-09-10-EXTRA-8af43493861b-005,The Triads as Business,10.4324/9780203030004,available,OpenAlex,https://doi.org/10.4324/9780203030004,OpenAlex; Crossref; Semantic Scholar; DataCite; CORE; Europe PMC; OpenCitations Meta; arXiv; Zenodo; HAL; DOAJ,doi,1,Semantic Scholar:upstream_429; CORE:upstream_429,2026-09-10,Previously verified abstract availability reused within the 30-day zero-cost cache; abstract text remains unpersisted.
CAND-ACADEMIC-2026-09-10-EXTRA-8af43493861b-006,Russian Organized Crime in the United States,,available,OpenAlex,https://www.ncjrs.gov/pdffiles1/nij/218560.pdf,OpenAlex; Crossref; Semantic Scholar; DataCite; CORE; Europe PMC; arXiv; Zenodo; HAL; DOAJ,title_year,1,Semantic Scholar:upstream_429; CORE:upstream_429,2026-09-10,Previously verified abstract availability reused within the 30-day zero-cost cache; abstract text remains unpersisted.
CAND-ACADEMIC-2026-09-10-EXTRA-8af43493861b-007,Threat of Russian Organized Crime,,needs_web_search,,https://www.hsdl.org/?abstract&did=471340,OpenAlex; Crossref; Semantic Scholar; DataCite; CORE; Europe PMC; arXiv; Zenodo; HAL; DOAJ; paper/repository resolved,needs_web_search,1,Semantic Scholar:upstream_429; CORE:upstream_429,2026-09-14,No abstract text detected by the bulk zero-cost cascade; retain for per-paper free web/assisted search.
CAND-ACADEMIC-2026-09-10-EXTRA-8af43493861b-008,The Russian Mafia: Private Protection in a New Market Economy,10.1093/019829736x.001.0001,available,OpenAlex,https://doi.org/10.1093/019829736x.001.0001,OpenAlex; Crossref; Semantic Scholar; DataCite; CORE; Europe PMC; OpenCitations Meta; arXiv; Zenodo; HAL; DOAJ,doi,1,Semantic Scholar:upstream_429; CORE:upstream_429,2026-09-10,Previously verified abstract availability reused within the 30-day zero-cost cache; abstract text remains unpersisted.
CAND-ACADEMIC-2026-09-10-EXTRA-8af43493861b-009,the Russian Mafia: Rise and Extinction,,needs_web_search,,https://academic.oup.com/edited-volume/38662/chapter/335787074,OpenAlex; Crossref; Semantic Scholar; DataCite; CORE; Europe PMC; arXiv; Zenodo; HAL; DOAJ; paper/repository resolved,needs_web_search,0,Semantic Scholar:upstream_429; CORE:upstream_429; arXiv:upstream_429,2026-09-14,No abstract text detected by the bulk zero-cost cascade; retain for per-paper free web/assisted search.
CAND-ACADEMIC-2026-09-10-EXTRA-8af43493861b-010,Factions and Brokers in the Russian Mafia: Investigating the Structure of the Thieves-in-Law,10.1093/bjc/azaf041,available,OpenAlex,https://doi.org/10.1093/bjc/azaf041,governed PDF; OpenAlex; Crossref; Semantic Scholar; DataCite; CORE; Europe PMC; OpenCitations Meta; arXiv; Zenodo; HAL; DOAJ,doi,1,PDF:pdf_http_403; CORE:upstream_429; arXiv:upstream_429,2026-09-14,Abstract text detected by the zero-cost cascade; text is intentionally not persisted.
CAND-ACADEMIC-2026-09-10-EXTRA-8af43493861b-011,"Let Sleeping Lawyers Lie: Organized Crime, Lawyers and the Regulation of Legal Services",10.1093/bjc/azv001,available,OpenAlex,https://doi.org/10.1093/bjc/azv001,governed PDF; OpenAlex; Crossref; Semantic Scholar; DataCite; CORE; Europe PMC; OpenCitations Meta; arXiv; Zenodo; HAL; DOAJ,doi,1,PDF:pdf_http_403; Semantic Scholar:upstream_429; CORE:upstream_429,2026-09-10,Previously verified abstract availability reused within the 30-day zero-cost cache; abstract text remains unpersisted.
CAND-ACADEMIC-2026-09-10-EXTRA-8af43493861b-012,The role of solicitors in facilitating ‘Organized Crime’: Situational crime opportunities and their regulation,10.1007/s10611-005-5655-2,needs_web_search,,https://doi.org/10.1007/s10611-005-5655-2,OpenAlex; Crossref; Semantic Scholar; DataCite; CORE; Europe PMC; OpenCitations Meta; arXiv; Zenodo; HAL; DOAJ; paper/repository resolved,needs_web_search,1,Semantic Scholar:upstream_429; CORE:upstream_429; arXiv:upstream_429,2026-09-14,No abstract text detected by the bulk zero-cost cascade; retain for per-paper free web/assisted search.
CAND-ACADEMIC-2026-09-10-EXTRA-8af43493861b-013,The 'Ndrangheta in Canada: Outpost or Transnational Power Centre?,,needs_web_search,,https://ecpr.eu/Events/Event/PaperDetails/66185,OpenAlex; Crossref; Semantic Scholar; DataCite; CORE; Europe PMC; arXiv; Zenodo; HAL; DOAJ; paper/repository resolved,needs_web_search,0,OpenAlex:upstream_400; Semantic Scholar:upstream_429; CORE:upstream_429; arXiv:upstream_429; DOAJ:upstream_400,2026-09-14,No abstract text detected by the bulk zero-cost cascade; retain for per-paper free web/assisted search.
CAND-ACADEMIC-2026-09-10-EXTRA-8af43493861b-014,"Hong Kong triads: the historical and political evolution of urban criminal polity, 1842–2020",10.1017/s0963926821001024,available,cambridge.org PDF,https://www.cambridge.org/core/services/aop-cambridge-core/content/view/A2813B5622896D4998EA1EA39AED9185/S0963926821001024a.pdf/hong_kong_triads_the_historical_and_political_evolution_of_urban_criminal_polity_18422020.pdf,governed PDF,resolved_pdf,1,,2026-09-10,Previously verified abstract availability reused within the 30-day zero-cost cache; abstract text remains unpersisted.
CAND-ACADEMIC-2026-09-10-EXTRA-8af43493861b-015,The Japanese Yakuza,,available,OpenAlex,https://doi.org/10.1093/oxfordhb/9780199730445.013.027,OpenAlex; Crossref; Semantic Scholar; DataCite; CORE; Europe PMC; arXiv; Zenodo; HAL; DOAJ,title_year,1,Semantic Scholar:upstream_429; CORE:upstream_429,2026-09-10,Previously verified abstract availability reused within the 30-day zero-cost cache; abstract text remains unpersisted.
CAND-ACADEMIC-2026-09-10-EXTRA-d22d325cf9b3-001,ANATOMY OF A SCAM - A CASE STUDY OF A PLANNED BANKRUPTCY BY ORGANIZED CRIME,,needs_web_search,,https://www.ojp.gov/ncjrs/virtual-library/abstracts/anatomy-scam-case-study-planned-bankruptcy-organized-crime,OpenAlex; Crossref; Semantic Scholar; DataCite; CORE; Europe PMC; arXiv; Zenodo; HAL; DOAJ; paper/repository resolved,needs_web_search,0,Semantic Scholar:upstream_429; CORE:upstream_429; arXiv:upstream_429,2026-09-14,No abstract text detected by the bulk zero-cost cascade; retain for per-paper free web/assisted search.
CAND-ACADEMIC-2026-09-10-EXTRA-d22d325cf9b3-002,USE OF STATE REGULATORY ACTION AGAINST CRIMINAL INFILTRATION OF LEGITIMATE BUSINESS,,needs_web_search,,https://ojp.gov/ncjrs/virtual-library/abstracts/use-state-regulatory-action-against-criminal-infiltration,OpenAlex; Crossref; Semantic Scholar; DataCite; CORE; Europe PMC; arXiv; Zenodo; HAL; DOAJ; paper/repository resolved,needs_web_search,0,Semantic Scholar:upstream_429; CORE:upstream_429; arXiv:upstream_429,2026-09-14,No abstract text detected by the bulk zero-cost cascade; retain for per-paper free web/assisted search.
CAND-ACADEMIC-2026-09-10-EXTRA-d22d325cf9b3-003,FROM ILLEGAL MARKETS TO LEGITIMATE BUSINESSES: THE PORTFOLIO OF ORGANISED CRIME IN EUROPE,,needs_web_search,,https://www.transcrime.it/wp-content/uploads/2015/12/ocp.pdf,governed PDF; OpenAlex; Crossref; Semantic Scholar; DataCite; CORE; Europe PMC; arXiv; Zenodo; HAL; DOAJ; paper/repository resolved,needs_web_search,0,PDF:pdf_too_large; Semantic Scholar:upstream_429; CORE:upstream_429; arXiv:upstream_429,2026-09-14,No abstract text detected by the bulk zero-cost cascade; retain for per-paper free web/assisted search.
CAND-ACADEMIC-2026-09-10-EXTRA-d22d325cf9b3-004,All in the construction family: cartel building and organised crime,,needs_web_search,,https://research.tilburguniversity.edu/en/publications/1087fbb2-a41c-4c83-ac2d-77a552025826,OpenAlex; Crossref; Semantic Scholar; DataCite; CORE; Europe PMC; arXiv; Zenodo; HAL; DOAJ; paper/repository resolved,needs_web_search,1,Semantic Scholar:upstream_429; CORE:upstream_429; arXiv:upstream_429,2026-09-14,No abstract text detected by the bulk zero-cost cascade; retain for per-paper free web/assisted search.
CAND-ACADEMIC-2026-09-10-EXTRA-d22d325cf9b3-005,Trust Thy Crooked Neighbor: Multiplexity in Chicago Organized Crime Networks,,needs_web_search,,https://nij.ojp.gov/library/publications/trust-thy-crooked-neighbor-multiplexity-chicago-organized-crime-networks,OpenAlex; Crossref; Semantic Scholar; DataCite; CORE; Europe PMC; arXiv; Zenodo; HAL; DOAJ; paper/repository resolved,needs_web_search,0,Semantic Scholar:upstream_429; CORE:upstream_429; arXiv:upstream_429,2026-09-14,No abstract text detected by the bulk zero-cost cascade; retain for per-paper free web/assisted search.
CAND-ACADEMIC-2026-09-10-EXTRA-dbc5cb0d9888-001,"Rico's ""Troubled... Transition"": Organized Crime, Strategic Institutional Factors, and Implementation Delay, 1971-1981",10.1177/073401680002500104,available,OpenAlex,https://doi.org/10.1177/073401680002500104,OpenAlex; Crossref; Semantic Scholar; DataCite; CORE; Europe PMC; OpenCitations Meta; arXiv; Zenodo; HAL; DOAJ,doi,1,Semantic Scholar:upstream_429; DataCite:upstream_400; CORE:upstream_429; Zenodo:upstream_504,2026-09-10,Previously verified abstract availability reused within the 30-day zero-cost cache; abstract text remains unpersisted.
CAND-ACADEMIC-2026-09-10-EXTRA-dbc5cb0d9888-002,Labor Racketeering: The Mafia and the Unions,,available,OpenAlex,https://doi.org/10.1086/652232,OpenAlex; Crossref; Semantic Scholar; DataCite; CORE; Europe PMC; arXiv; Zenodo; HAL; DOAJ,title_year,1,Semantic Scholar:upstream_429; CORE:upstream_429; Zenodo:upstream_504,2026-09-10,Previously verified abstract availability reused within the 30-day zero-cost cache; abstract text remains unpersisted.
CAND-ACADEMIC-2026-09-10-EXTRA-dbc5cb0d9888-003,The Rise and Fall of Organized Crime in the United States,10.1086/706895,available,OpenAlex,https://doi.org/10.1086/706895,OpenAlex; Crossref; Semantic Scholar; DataCite; CORE; Europe PMC; OpenCitations Meta; arXiv; Zenodo; HAL; DOAJ,doi,1,CORE:upstream_429; Zenodo:upstream_504,2026-09-10,Previously verified abstract availability reused within the 30-day zero-cost cache; abstract text remains unpersisted.
CAND-ACADEMIC-2026-09-10-EXTRA-dbc5cb0d9888-004,"Edge: Organized Crime, Business, and Labor Unions",,needs_web_search,,https://www.ojp.gov/ncjrs/virtual-library/abstracts/edge-organized-crime-business-and-labor-unions,OpenAlex; Crossref; Semantic Scholar; DataCite; CORE; Europe PMC; arXiv; Zenodo; HAL; DOAJ; paper/repository resolved,needs_web_search,0,Semantic Scholar:upstream_429; CORE:upstream_429; arXiv:upstream_429,2026-09-14,No abstract text detected by the bulk zero-cost cascade; retain for per-paper free web/assisted search.
CAND-ACADEMIC-2026-09-10-EXTRA-dbc5cb0d9888-005,The Upperworld and the Underworld: Case Studies of Racketeering and Business Infiltrations in the United States,,needs_web_search,,https://www.amazon.com/-/he/Robert-J-Kelly-ebook/dp/B000PY3MRO,OpenAlex; Crossref; Semantic Scholar; DataCite; CORE; Europe PMC; arXiv; Zenodo; HAL; DOAJ; paper/repository resolved,needs_web_search,0,Semantic Scholar:upstream_429; CORE:upstream_429; arXiv:upstream_429,2026-09-14,No abstract text detected by the bulk zero-cost cascade; retain for per-paper free web/assisted search.
CAND-ACADEMIC-2026-09-10-EXTRA-dbc5cb0d9888-006,A Review of Corruption and Organized Crime in the Construction Industry,,available,OpenAlex,https://www.diva-portal.org/smash/get/diva2:1486107/FULLTEXT01.pdf,governed PDF; OpenAlex; Crossref; Semantic Scholar; DataCite; CORE; Europe PMC; arXiv; Zenodo; HAL; DOAJ,title_year,1,PDF:no_explicit_abstract:www.diva-portal.org; Semantic Scholar:upstream_429; CORE:upstream_429,2026-09-10,Previously verified abstract availability reused within the 30-day zero-cost cache; abstract text remains unpersisted.
CAND-ACADEMIC-2026-09-10-EXTRA-dbc5cb0d9888-007,La Cosa Nostra in the United States,,needs_web_search,,https://www.ncjrs.gov/pdffiles1/nij/218555.pdf,governed PDF; OpenAlex; Crossref; Semantic Scholar; DataCite; CORE; Europe PMC; arXiv; Zenodo; HAL; DOAJ; paper/repository resolved,needs_web_search,1,PDF:no_explicit_abstract:www.ojp.gov; PDF:no_explicit_abstract:www.ncjrs.gov; Semantic Scholar:upstream_429; CORE:upstream_429; arXiv:upstream_429,2026-09-14,No abstract text detected by the bulk zero-cost cascade; retain for per-paper free web/assisted search.
CAND-ACADEMIC-2026-09-10-EXTRA-dbc5cb0d9888-008,Cosa Nostra: The Final Chapter?,10.1086/449288,available,OpenAlex,https://doi.org/10.1086/449288,OpenAlex; Crossref; Semantic Scholar; DataCite; CORE; Europe PMC; OpenCitations Meta; arXiv; Zenodo; HAL; DOAJ,doi,1,Semantic Scholar:upstream_429; CORE:upstream_429; Zenodo:upstream_504,2026-09-10,Previously verified abstract availability reused within the 30-day zero-cost cache; abstract text remains unpersisted.
CAND-ACADEMIC-2026-09-10-EXTRA-dbc5cb0d9888-009,"Le mafie nell'economia legale. Scambi, collusioni, azioni di contrasto",,needs_web_search,,http://bvbr.bib-bvb.de:8991/F?func=service&doc_library=BVB01&local_base=BVB01&doc_number=031639093&sequence=000001&line_number=0001&func_code=DB_RECORDS&service_type=MEDIA,OpenAlex; Crossref; Semantic Scholar; DataCite; CORE; Europe PMC; arXiv; Zenodo; HAL; DOAJ; paper/repository resolved,needs_web_search,1,CORE:upstream_429; arXiv:upstream_429; DOAJ:upstream_502,2026-09-14,No abstract text detected by the bulk zero-cost cascade; retain for per-paper free web/assisted search.
CAND-ACADEMIC-2026-09-10-EXTRA-dbc5cb0d9888-010,"Area grigia, scambi illeciti e spazi di potere",,needs_web_search,,https://iris.uniroma1.it/retrieve/e383532c-82fc-15e8-e053-a505fe0a3de9/Gallo_network-romano_2020.pdf,governed PDF; OpenAlex; Crossref; Semantic Scholar; DataCite; CORE; Europe PMC; arXiv; Zenodo; HAL; DOAJ; paper/repository resolved,needs_web_search,0,PDF:no_explicit_abstract:iris.uniroma1.it; Semantic Scholar:upstream_429; CORE:upstream_429; arXiv:upstream_429,2026-09-14,No abstract text detected by the bulk zero-cost cascade; retain for per-paper free web/assisted search.
CAND-ACADEMIC-2026-09-10-EXTRA-dbc5cb0d9888-011,"Doing Business Below the Line: Screening, Mafias and Public Funds",,available,ideas.repec.org,https://ideas.repec.org/p/baf/cbafwp/cbafwp1898.html,OpenAlex; Crossref; Semantic Scholar; DataCite; CORE; Europe PMC; arXiv; Zenodo; HAL; DOAJ; paper/repository resolved,resolved_url,1,Semantic Scholar:upstream_429; CORE:upstream_429; Zenodo:upstream_504,2026-09-10,Previously verified abstract availability reused within the 30-day zero-cost cache; abstract text remains unpersisted.
CAND-ACADEMIC-2026-09-10-EXTRA-dbc5cb0d9888-012,"Complicità trasversali fra mafia ed economia. Servizi, garanzie, regolazione",10.1425/85087,available,OpenAlex,https://dialnet.unirioja.es/servlet/articulo?codigo=5839567,OpenAlex; Crossref; Semantic Scholar; DataCite; CORE; Europe PMC; OpenCitations Meta; arXiv; Zenodo; HAL; DOAJ,doi,1,Semantic Scholar:upstream_429; CORE:upstream_429; Zenodo:upstream_504,2026-09-10,Previously verified abstract availability reused within the 30-day zero-cost cache; abstract text remains unpersisted.
CAND-ACADEMIC-2026-09-10-EXTRA-dbc5cb0d9888-013,Shaping mafia power through extortion: the evolution of the pizzo in Sicily,10.1007/s10611-025-10212-x,available,iris.unina.it PDF,https://www.iris.unina.it/retrieve/8a9cc913-6d5a-4331-be1c-77148a514b18/s10611-025-10212-x.pdf,governed PDF,resolved_pdf,1,,2026-09-10,Previously verified abstract availability reused within the 30-day zero-cost cache; abstract text remains unpersisted.
CAND-ACADEMIC-2026-09-10-EXTRA-dbc5cb0d9888-014,"The good connections: A Network Analysis of organized crime, patronage, and local elites",,available,purehost.bath.ac.uk PDF,https://purehost.bath.ac.uk/ws/files/322850834/mafia_network.pdf,governed PDF,resolved_pdf,1,,2026-09-10,Previously verified abstract availability reused within the 30-day zero-cost cache; abstract text remains unpersisted.
CAND-ACADEMIC-2026-09-10-EXTRA-dbc5cb0d9888-015,"The Secret Nexus. A Case Study of Deviant Masons, Mafia and Corruption in Italy",10.1093/bjc/azac096,available,OpenAlex,https://doi.org/10.1093/bjc/azac096,governed PDF; OpenAlex; Crossref; Semantic Scholar; DataCite; CORE; Europe PMC; OpenCitations Meta; arXiv; Zenodo; HAL; DOAJ,doi,1,PDF:pdf_http_403; Semantic Scholar:upstream_429; CORE:upstream_429; Zenodo:upstream_504,2026-09-10,Previously verified abstract availability reused within the 30-day zero-cost cache; abstract text remains unpersisted.
CAND-ACADEMIC-2026-09-10-EXTRA-dbc5cb0d9888-016,Mafia Firms and Aftermaths,,available,Crossref,https://doi.org/10.2139/ssrn.3475376,OpenAlex; Crossref; Semantic Scholar; DataCite; CORE; Europe PMC; arXiv; Zenodo; HAL; DOAJ,title_year,1,Semantic Scholar:upstream_429; CORE:upstream_429; Europe PMC:upstream_503; Zenodo:upstream_504,2026-09-10,Previously verified abstract availability reused within the 30-day zero-cost cache; abstract text remains unpersisted.
CAND-ACADEMIC-2026-09-10-EXTRA-dbc5cb0d9888-017,"Mafia Borderland: Narratives, Traits, and Expectations of Italian-American Mafias in Ontario and the Niagara Region",10.1080/08865655.2022.2151036,available,repository.essex.ac.uk PDF,https://repository.essex.ac.uk/34152/1/Mafia%20Borderland%20Narratives%20Traits%20and%20Expectations%20of%20Italian%20American%20Mafias%20in%20Ontario%20and%20the%20Niagara%20Region.pdf,governed PDF,resolved_pdf,1,,2026-09-10,Previously verified abstract availability reused within the 30-day zero-cost cache; abstract text remains unpersisted.
CAND-ACADEMIC-2026-09-10-EXTRA-dbc5cb0d9888-018,Organized crime and the visible hand: A theoretical critique on the economic analysis of organized crime,10.1177/1748895812465296,available,OpenAlex,https://doi.org/10.1177/1748895812465296,OpenAlex; Crossref; Semantic Scholar; DataCite; CORE; Europe PMC; OpenCitations Meta; arXiv; Zenodo; HAL; DOAJ,doi,1,Semantic Scholar:upstream_429; CORE:upstream_429; Europe PMC:upstream_503; Zenodo:upstream_504,2026-09-10,Previously verified abstract availability reused within the 30-day zero-cost cache; abstract text remains unpersisted.
CAND-ACADEMIC-2026-09-10-EXTRA-dbc5cb0d9888-019,Organised Crime in Germany: A Passe-Partout Definition Encompassing Different Phenomena,10.1007/978-1-4020-2765-9_12,needs_web_search,,https://doi.org/10.1007/978-1-4020-2765-9_12,governed PDF; OpenAlex; Crossref; Semantic Scholar; DataCite; CORE; Europe PMC; OpenCitations Meta; arXiv; Zenodo; HAL; DOAJ; paper/repository resolved,needs_web_search,1,PDF:no_explicit_abstract:publikationen.uni-tuebingen.de; Semantic Scholar:upstream_429; CORE:upstream_500; arXiv:upstream_429,2026-09-14,No abstract text detected by the bulk zero-cost cascade; retain for per-paper free web/assisted search.
CAND-ACADEMIC-2026-09-10-EXTRA-dbc5cb0d9888-020,Organized Crime in the Netherlands,,available,OpenAlex,https://doi.org/10.1163/9789004641747,OpenAlex; Crossref; Semantic Scholar; DataCite; CORE; Europe PMC; arXiv; Zenodo; HAL; DOAJ,title_year,1,Semantic Scholar:upstream_429; Zenodo:upstream_504,2026-09-10,Previously verified abstract availability reused within the 30-day zero-cost cache; abstract text remains unpersisted.
CAND-ACADEMIC-2026-09-10-EXTRA-dbc5cb0d9888-021,The Mafia and Organized Crime in Germany,10.1515/transcript.9783839424957.285,needs_web_search,,https://doi.org/10.1515/transcript.9783839424957.285,OpenAlex; Crossref; Semantic Scholar; DataCite; CORE; Europe PMC; OpenCitations Meta; arXiv; Zenodo; HAL; DOAJ; paper/repository resolved,needs_web_search,1,Semantic Scholar:upstream_429; CORE:upstream_429; arXiv:upstream_429,2026-09-14,No abstract text detected by the bulk zero-cost cascade; retain for per-paper free web/assisted search.
CAND-ACADEMIC-2026-09-10-EXTRA-dbc5cb0d9888-022,"Organized Crime, Transit Crime, and Racketeering",10.1086/501509,available,OpenAlex,https://doi.org/10.1086/501509,OpenAlex; Crossref; Semantic Scholar; DataCite; CORE; Europe PMC; OpenCitations Meta; arXiv; Zenodo; HAL; DOAJ,doi,1,Semantic Scholar:upstream_429; Zenodo:upstream_504,2026-09-10,Previously verified abstract availability reused within the 30-day zero-cost cache; abstract text remains unpersisted.
CAND-ACADEMIC-2026-09-10-EXTRA-dbc5cb0d9888-023,‘Familiness’ diversification and recognition: intergenerational changes in mobile ‘ndrangheta families in Australia,10.1007/s12117-024-09537-1,available,OpenAlex,https://link.springer.com/content/pdf/10.1007/s12117-024-09537-1.pdf,governed PDF; OpenAlex; Crossref; Semantic Scholar; DataCite; CORE; Europe PMC; OpenCitations Meta; arXiv; Zenodo; HAL; DOAJ,doi,1,PDF:not_pdf; Semantic Scholar:upstream_429; CORE:upstream_500; Zenodo:upstream_504,2026-09-10,Previously verified abstract availability reused within the 30-day zero-cost cache; abstract text remains unpersisted.
CAND-ACADEMIC-2026-09-10-EXTRA-dbc5cb0d9888-024,Eavesdropping on the Mob: the functional diversification of Mafia activities across territories,10.1177/1477370811403442,available,OpenAlex,https://doi.org/10.1177/1477370811403442,OpenAlex; Crossref; Semantic Scholar; DataCite; CORE; Europe PMC; OpenCitations Meta; arXiv; Zenodo; HAL; DOAJ,doi,1,Semantic Scholar:upstream_429; CORE:upstream_500; Zenodo:upstream_504,2026-09-10,Previously verified abstract availability reused within the 30-day zero-cost cache; abstract text remains unpersisted.
CAND-ACADEMIC-2026-09-10-EXTRA-dbc5cb0d9888-025,Italian Mafia in the Netherlands,10.3280/siss2013-003003en,available,research.vu.nl PDF,https://research.vu.nl/ws/portalfiles/portal/928415/ItalianMafiaintheNetherlands2013%20Finaldraft%2012072013.pdf,governed PDF,resolved_pdf,1,,2026-09-10,Previously verified abstract availability reused within the 30-day zero-cost cache; abstract text remains unpersisted.
CAND-ACADEMIC-2026-09-10-EXTRA-dbc5cb0d9888-026,Mafia’s infiltration and spillover effects in the construction sector,,needs_web_search,,https://lagv2019.sciencesconf.org/248734/document,OpenAlex; Crossref; Semantic Scholar; DataCite; CORE; Europe PMC; arXiv; Zenodo; HAL; DOAJ; paper/repository resolved,needs_web_search,0,Semantic Scholar:upstream_429; arXiv:upstream_429,2026-09-14,No abstract text detected by the bulk zero-cost cascade; retain for per-paper free web/assisted search.
CAND-ACADEMIC-2026-09-10-EXTRA-dbc5cb0d9888-027,Proxy targeting and multiplex resilience for organized crime network disruption in corporate interlock and communications networks,10.1007/s13278-025-01506-y,available,OpenAlex,https://doi.org/10.1007/s13278-025-01506-y,governed PDF; OpenAlex; Crossref; Semantic Scholar; DataCite; CORE; Europe PMC; OpenCitations Meta; arXiv; Zenodo; HAL; DOAJ,doi,1,PDF:not_pdf; Semantic Scholar:upstream_429; Zenodo:upstream_504,2026-09-10,Previously verified abstract availability reused within the 30-day zero-cost cache; abstract text remains unpersisted.
CAND-ACADEMIC-2026-09-10-EXTRA-dbc5cb0d9888-028,Organized Crime Infiltration of Legitimate Businesses in Europe: A Pilot Project in Five European Countries — Methodological Annex,,needs_web_search,,https://www.transcrime.it/wp-content/uploads/2015/11/Project-ARIEL_Methodological-Annex.pdf,governed PDF; OpenAlex; Crossref; Semantic Scholar; DataCite; CORE; Europe PMC; arXiv; Zenodo; HAL; DOAJ; paper/repository resolved,needs_web_search,0,PDF:no_explicit_abstract:www.transcrime.it; Semantic Scholar:upstream_429; CORE:upstream_500; arXiv:upstream_503,2026-09-14,No abstract text detected by the bulk zero-cost cascade; retain for per-paper free web/assisted search.
CAND-ACADEMIC-2026-09-10-EXTRA-dbc5cb0d9888-029,Understudied Organized Crime Offending: A Discussion of the Canadian Situation in the International Context,,needs_web_search,,https://publicatt.unicatt.it/handle/10807/36729,governed PDF; OpenAlex; Crossref; Semantic Scholar; DataCite; CORE; Europe PMC; arXiv; Zenodo; HAL; DOAJ; paper/repository resolved,needs_web_search,1,PDF:not_pdf; Semantic Scholar:upstream_429; CORE:upstream_500; arXiv:upstream_429,2026-09-14,No abstract text detected by the bulk zero-cost cascade; retain for per-paper free web/assisted search.
CAND-ACADEMIC-2026-09-10-EXTRA-dbc5cb0d9888-030,Penetrating State and Business: Organised Crime in Southern Africa,,needs_web_search,,https://www.africaportal.org/publications/penetrating-state-and-business-organised-crime-in-southern-africa-vol-2/,governed PDF; OpenAlex; Crossref; Semantic Scholar; DataCite; CORE; Europe PMC; arXiv; Zenodo; HAL; DOAJ; paper/repository resolved,needs_web_search,0.941,PDF:no_explicit_abstract:www.files.ethz.ch; Semantic Scholar:upstream_429; CORE:upstream_500; arXiv:upstream_429,2026-09-14,No abstract text detected by the bulk zero-cost cascade; retain for per-paper free web/assisted search.
CAND-ACADEMIC-2026-09-10-EXTRA-dbc5cb0d9888-031,Organized Crime Research Brief no. 26 – Securities and Organized Crime,,needs_web_search,,https://www.publicsafety.gc.ca/cnt/rsrcs/pblctns/rgnzd-crm-brf-26/rgnzd-crm-brf-26-eng.pdf,governed PDF; OpenAlex; Crossref; Semantic Scholar; DataCite; CORE; Europe PMC; arXiv; Zenodo; HAL; DOAJ; paper/repository resolved,needs_web_search,0,PDF:no_explicit_abstract:www.publicsafety.gc.ca; Semantic Scholar:upstream_429; arXiv:upstream_429,2026-09-14,No abstract text detected by the bulk zero-cost cascade; retain for per-paper free web/assisted search.
CAND-ACADEMIC-2026-09-10-EXTRA-dbc5cb0d9888-032,Established democracies. The case of Germany,,needs_web_search,,https://lgcl.csl.mpg.de/?category=organized-crime,OpenAlex; Crossref; Semantic Scholar; DataCite; CORE; Europe PMC; arXiv; Zenodo; HAL; DOAJ; paper/repository resolved,needs_web_search,0,Semantic Scholar:upstream_429; arXiv:upstream_429,2026-09-14,No abstract text detected by the bulk zero-cost cascade; retain for per-paper free web/assisted search.
CAND-ACADEMIC-2026-09-10-EXTRA-f276bc827f57-001,Organized Crime as a Business Enterprise,,needs_web_search,,https://www.ojp.gov/pdffiles1/Digitization/106775NCJRS.pdf,governed PDF; OpenAlex; Crossref; Semantic Scholar; DataCite; CORE; Europe PMC; arXiv; Zenodo; HAL; DOAJ; paper/repository resolved,needs_web_search,0,PDF:pdf_too_large; Semantic Scholar:upstream_429; arXiv:upstream_429,2026-09-14,No abstract text detected by the bulk zero-cost cascade; retain for per-paper free web/assisted search.
CAND-ACADEMIC-2026-09-10-EXTRA-f276bc827f57-002,From Man of Honour to Entrepreneur: The Evolution of the Mafia,10.64590/ilh,available,OpenAlex,https://doi.org/10.64590/ilh,governed PDF; OpenAlex; Crossref; Semantic Scholar; DataCite; CORE; Europe PMC; OpenCitations Meta; arXiv; Zenodo; HAL; DOAJ,doi,1,PDF:not_pdf; Semantic Scholar:upstream_429; CORE:upstream_429,2026-09-10,Previously verified abstract availability reused within the 30-day zero-cost cache; abstract text remains unpersisted.
CAND-ACADEMIC-2026-09-10-EXTRA-f276bc827f57-003,When corruption creates its Mafia. The “middle-world” case in Rome,10.1007/s12117-023-09521-1,available,arpi.unipi.it PDF,https://arpi.unipi.it/retrieve/ff5ef731-e732-4e41-98b1-2bb1bcee8999/Vannucci-2024-Trends_in_Organized_Crime.pdf,governed PDF,resolved_pdf,1,,2026-09-10,Previously verified abstract availability reused within the 30-day zero-cost cache; abstract text remains unpersisted.
CAND-ACADEMIC-2026-09-10-EXTRA-f276bc827f57-004,Major Issues Relating to Organized Crime Within the Context of Economic Relationships,,needs_web_search,,https://digitalcommons.osgoode.yorku.ca/reports/13,governed PDF; OpenAlex; Crossref; Semantic Scholar; DataCite; CORE; Europe PMC; arXiv; Zenodo; HAL; DOAJ; paper/repository resolved,needs_web_search,1,PDF:no_explicit_abstract:dalspace.library.dal.ca; Semantic Scholar:upstream_429; arXiv:upstream_429,2026-09-14,No abstract text detected by the bulk zero-cost cascade; retain for per-paper free web/assisted search.
CAND-ACADEMIC-2026-09-10-EXTRA-f276bc827f57-005,The Sicilian Mafia: The Business of Private Protection,,available,OpenAlex,https://doi.org/10.2307/2074312,OpenAlex; Crossref; Semantic Scholar; DataCite; CORE; Europe PMC; arXiv; Zenodo; HAL; DOAJ,title_year,1,Semantic Scholar:upstream_429; CORE:upstream_429,2026-09-10,Previously verified abstract availability reused within the 30-day zero-cost cache; abstract text remains unpersisted.
CAND-ACADEMIC-2026-09-10-EXTRA-f276bc827f57-006,Italian Organized Crime since 1950,10.1086/707319,available,OpenAlex,https://doi.org/10.1086/707319,OpenAlex; Crossref; Semantic Scholar; DataCite; CORE; Europe PMC; OpenCitations Meta; arXiv; Zenodo; HAL; DOAJ,doi,1,CORE:upstream_429,2026-09-10,Previously verified abstract availability reused within the 30-day zero-cost cache; abstract text remains unpersisted.
CAND-ACADEMIC-2026-09-10-EXTRA-f276bc827f57-007,Mafia e potere: processi di legittimazione e costruzione del consenso,10.1425/23230,available,OpenAlex,https://aperto.unito.it/handle/2318/9714,OpenAlex; Crossref; Semantic Scholar; DataCite; CORE; Europe PMC; OpenCitations Meta; arXiv; Zenodo; HAL; DOAJ,doi,1,CORE:upstream_429,2026-09-10,Previously verified abstract availability reused within the 30-day zero-cost cache; abstract text remains unpersisted.
CAND-ACADEMIC-2026-09-10-EXTRA-f276bc827f57-008,"The rising mafioso capitalists, opportunities, and the case of Turkey",10.1177/0309816811407298,available,OpenAlex,https://doi.org/10.1177/0309816811407298,OpenAlex; Crossref; Semantic Scholar; DataCite; CORE; Europe PMC; OpenCitations Meta; arXiv; Zenodo; HAL; DOAJ,doi,1,CORE:upstream_429,2026-09-10,Previously verified abstract availability reused within the 30-day zero-cost cache; abstract text remains unpersisted.
CAND-ACADEMIC-2026-09-10-EXTRA-f276bc827f57-009,La prevenzione mite: amministrazione giudiziaria e controllo giudiziario ex artt. 34 e 34 bis del codice antimafia,,available,OpenAlex,https://doi.org/10.54103/cross-17445,governed PDF; OpenAlex; Crossref; Semantic Scholar; DataCite; CORE; Europe PMC; arXiv; Zenodo; HAL; DOAJ,title_year,1,PDF:no_explicit_abstract:riviste.unimi.it; Semantic Scholar:upstream_429; CORE:upstream_429,2026-09-10,Previously verified abstract availability reused within the 30-day zero-cost cache; abstract text remains unpersisted.
CAND-ACADEMIC-2026-09-11-EXTRA-61e4d03af5c4-001,Mafia and Firm Performance. The Effect of Organized Crime and Its Judicial Removal,,available,series.francoangeli.it,https://series.francoangeli.it/index.php/oa/catalog/book/1465,OpenAlex; Crossref; Semantic Scholar; DataCite; CORE; Europe PMC; arXiv; Zenodo; HAL; DOAJ; paper/repository resolved,resolved_url,1,Semantic Scholar:upstream_429; CORE:upstream_429; arXiv:upstream_429,2026-09-13,Previously verified abstract availability reused within the 30-day zero-cost cache; abstract text remains unpersisted.
CAND-ACADEMIC-2026-09-11-EXTRA-61e4d03af5c4-002,The Mafia's Economic Grip: Firm Efficiency and a Composite Indicator of Organized Crime,10.1111/jors.12761,available,OpenAlex,https://doi.org/10.1111/jors.12761,OpenAlex; Crossref; Semantic Scholar; DataCite; CORE; Europe PMC; OpenCitations Meta; arXiv; Zenodo; HAL; DOAJ,doi,1,Semantic Scholar:upstream_429; CORE:upstream_429; arXiv:upstream_429,2026-09-13,Previously verified abstract availability reused within the 30-day zero-cost cache; abstract text remains unpersisted.
CAND-ACADEMIC-2026-09-11-EXTRA-61e4d03af5c4-003,"Perceived organized crime risk, R&D investment, and Technical efficiency: Evidence from Italian firms",10.1016/j.techsoc.2026.103421,available,OpenAlex,https://doi.org/10.1016/j.techsoc.2026.103421,OpenAlex; Crossref; Semantic Scholar; DataCite; CORE; Europe PMC; OpenCitations Meta; arXiv; Zenodo; HAL; DOAJ,doi,1,Semantic Scholar:upstream_429; CORE:upstream_429; arXiv:upstream_429,2026-09-13,Previously verified abstract availability reused within the 30-day zero-cost cache; abstract text remains unpersisted.
CAND-ACADEMIC-2026-09-11-EXTRA-61e4d03af5c4-004,Organized Crime and Productivity: Evidence from Firm-Level Data,,available,OpenAlex,https://papers.ssrn.com/sol3/papers.cfm?abstract_id=2368801,OpenAlex; Crossref; Semantic Scholar; DataCite; CORE; Europe PMC; arXiv; Zenodo; HAL; DOAJ,title_year,1,Semantic Scholar:upstream_429; CORE:upstream_429; arXiv:upstream_429,2026-09-13,Previously verified abstract availability reused within the 30-day zero-cost cache; abstract text remains unpersisted.
CAND-ACADEMIC-2026-09-11-EXTRA-61e4d03af5c4-005,"Industrial Clusters, Organized Crime and Productivity Growth in Italian SMEs",,available,OpenAlex,https://doi.org/10.1111/jors.12354,governed PDF; OpenAlex; Crossref; Semantic Scholar; DataCite; CORE; Europe PMC; arXiv; Zenodo; HAL; DOAJ,title_year,1,PDF:pdf_http_403; Semantic Scholar:upstream_429; CORE:upstream_429; arXiv:upstream_429,2026-09-13,Previously verified abstract availability reused within the 30-day zero-cost cache; abstract text remains unpersisted.
CAND-ACADEMIC-2026-09-11-EXTRA-61e4d03af5c4-006,Mafia risk perception: Evaluating the effect of organized crime on firm technical efficiency and investment proclivity,10.1016/j.seps.2023.101619,available,OpenAlex,https://doi.org/10.1016/j.seps.2023.101619,OpenAlex; Crossref; Semantic Scholar; DataCite; CORE; Europe PMC; OpenCitations Meta; arXiv; Zenodo; HAL; DOAJ,doi,1,Semantic Scholar:upstream_429; CORE:upstream_429; arXiv:upstream_429,2026-09-13,Previously verified abstract availability reused within the 30-day zero-cost cache; abstract text remains unpersisted.
CAND-ACADEMIC-2026-09-11-EXTRA-61e4d03af5c4-008,Businesses seized from organized crime groups: their relations with the banking system,,available,OpenAlex,https://www.bancaditalia.it/pubblicazioni/qef/2013-0202/QEF_202.pdf,governed PDF; OpenAlex; Crossref; Semantic Scholar; DataCite; CORE; Europe PMC; arXiv; Zenodo; HAL; DOAJ,title_year,1,PDF:no_explicit_abstract:www.bancaditalia.it; Semantic Scholar:upstream_429; CORE:upstream_429; arXiv:upstream_429,2026-09-13,Previously verified abstract availability reused within the 30-day zero-cost cache; abstract text remains unpersisted.
CAND-ACADEMIC-2026-09-11-EXTRA-61e4d03af5c4-009,Organized crime and business crime-enterprises in the Netherlands,10.1007/bf01915552,needs_web_search,,https://doi.org/10.1007/bf01915552,OpenAlex; Crossref; Semantic Scholar; DataCite; CORE; Europe PMC; OpenCitations Meta; arXiv; Zenodo; HAL; DOAJ; paper/repository resolved,needs_web_search,1,arXiv:upstream_503,2026-09-14,No abstract text detected by the bulk zero-cost cascade; retain for per-paper free web/assisted search.
CAND-ACADEMIC-2026-09-11-EXTRA-61e4d03af5c4-012,A Model of State-Crime Relations: Theory and Evidence,,available,vanderbilt.edu PDF,https://www.vanderbilt.edu/wp-content/uploads/sites/3/2023/04/Yoo_State-Crime.pdf,governed PDF,resolved_pdf,1,,2026-09-13,Previously verified abstract availability reused within the 30-day zero-cost cache; abstract text remains unpersisted.
CAND-ACADEMIC-2026-09-11-EXTRA-61e4d03af5c4-013,Criminal-Private-Sector-Corruption: Mafia Involvement as Brokers and Patrons in Construction Contracts in Montreal,,needs_web_search,,https://library2.smu.ca/bitstream/handle/01/29018/Spencer_Tyler_MASTERS_2019.pdf?isAllowed=y&sequence=1,governed PDF; OpenAlex; Crossref; Semantic Scholar; DataCite; CORE; Europe PMC; arXiv; Zenodo; HAL; DOAJ; paper/repository resolved,needs_web_search,1,PDF:pdf_too_large; Semantic Scholar:upstream_429; CORE:upstream_429; arXiv:upstream_429,2026-09-14,No abstract text detected by the bulk zero-cost cascade; retain for per-paper free web/assisted search.
CAND-ACADEMIC-2026-09-11-EXTRA-61e4d03af5c4-014,Organized Crime Research Brief no. 27 - Commercial Construction and OC,,needs_web_search,,https://www.publicsafety.gc.ca/cnt/rsrcs/pblctns/rgnzd-crm-brf-27/index-en.aspx,OpenAlex; Crossref; Semantic Scholar; DataCite; CORE; Europe PMC; arXiv; Zenodo; HAL; DOAJ; paper/repository resolved,needs_web_search,0,Semantic Scholar:upstream_429; CORE:upstream_429; arXiv:upstream_429,2026-09-14,No abstract text detected by the bulk zero-cost cascade; retain for per-paper free web/assisted search.
CAND-ACADEMIC-2026-09-11-EXTRA-e4fad066a46c-001,"Study of Organized Crime's Infiltration of the Pizza and Cheese Industry - A Report, March 1980",,needs_web_search,,https://www.ojp.gov/ncjrs/virtual-library/abstracts/study-organized-crimes-infiltration-pizza-and-cheese-industry,OpenAlex; Crossref; Semantic Scholar; DataCite; CORE; Europe PMC; arXiv; Zenodo; HAL; DOAJ; paper/repository resolved,needs_web_search,0,Semantic Scholar:upstream_429; CORE:upstream_429; arXiv:upstream_429,2026-09-14,No abstract text detected by the bulk zero-cost cascade; retain for per-paper free web/assisted search.
CAND-ACADEMIC-2026-09-12-001,Organized Crime: A Business Enterprise,10.1177/000271626334700103,available,OpenAlex,https://doi.org/10.1177/000271626334700103,OpenAlex; Crossref; Semantic Scholar; DataCite; CORE; Europe PMC; OpenCitations Meta; arXiv; Zenodo; HAL; DOAJ,doi,1,Semantic Scholar:upstream_429; CORE:upstream_429; arXiv:upstream_503,2026-09-13,Previously verified abstract availability reused within the 30-day zero-cost cache; abstract text remains unpersisted.
CAND-ACADEMIC-2026-09-12-002,Cartels Run by Criminal Organizations and Market Contestability,10.1007/978-1-349-14540-9_3,available,OpenAlex,https://doi.org/10.1007/978-1-349-14540-9_3,OpenAlex; Crossref; Semantic Scholar; DataCite; CORE; Europe PMC; OpenCitations Meta; arXiv; Zenodo; HAL; DOAJ,doi,1,Semantic Scholar:upstream_429; CORE:upstream_429; arXiv:upstream_503,2026-09-13,Previously verified abstract availability reused within the 30-day zero-cost cache; abstract text remains unpersisted.
CAND-ACADEMIC-2026-09-12-003,Business Victimization and Organized Crime,,needs_web_search,,https://www.ojp.gov/pdffiles1/pr/204376.pdf,governed PDF; OpenAlex; Crossref; Semantic Scholar; DataCite; CORE; Europe PMC; arXiv; Zenodo; HAL; DOAJ; paper/repository resolved,needs_web_search,0,PDF:no_explicit_abstract:www.ojp.gov; Semantic Scholar:upstream_429; CORE:upstream_429; arXiv:upstream_503,2026-09-14,No abstract text detected by the bulk zero-cost cascade; retain for per-paper free web/assisted search.
CAND-ACADEMIC-2026-09-12-EXTRA-2231aace38f9-001,Racketeering in Legitimate Industries - Two Case Studies - Phase 2,,needs_web_search,,https://www.ojp.gov/ncjrs/virtual-library/abstracts/racketeering-legitimate-industries-two-case-studies-phase-2,OpenAlex; Crossref; Semantic Scholar; DataCite; CORE; Europe PMC; arXiv; Zenodo; HAL; DOAJ; paper/repository resolved,needs_web_search,0,Semantic Scholar:upstream_429; CORE:upstream_429; arXiv:upstream_429,2026-09-14,No abstract text detected by the bulk zero-cost cascade; retain for per-paper free web/assisted search.
CAND-ACADEMIC-2026-09-12-EXTRA-2231aace38f9-002,University of Birmingham Organised Crime in the United Kingdom,,needs_web_search,,https://research.birmingham.ac.uk/files/39406380/report.pdf,governed PDF; OpenAlex; Crossref; Semantic Scholar; DataCite; CORE; Europe PMC; arXiv; Zenodo; HAL; DOAJ; paper/repository resolved,needs_web_search,0,PDF:pdf_http_403; Semantic Scholar:upstream_429; CORE:upstream_429; arXiv:upstream_429,2026-09-14,No abstract text detected by the bulk zero-cost cascade; retain for per-paper free web/assisted search.
CAND-ACADEMIC-2026-09-12-EXTRA-335f7df7ae34-001,Shaping space. A conceptual framework on the connections between organised crime groups and territories: An introduction to the special issue on ‘Spaces of Organised Crime’,,available,Europe PMC,https://doi.org/10.1007/s12117-021-09415-0,OpenAlex; Crossref; Semantic Scholar; DataCite; CORE; Europe PMC; arXiv; Zenodo; HAL; DOAJ,title_year,1,Semantic Scholar:upstream_429; CORE:upstream_429; arXiv:upstream_429,2026-09-13,Previously verified abstract availability reused within the 30-day zero-cost cache; abstract text remains unpersisted.
CAND-ACADEMIC-2026-09-12-EXTRA-38a999646d3f-001,Sources of Data That Identify and Measure the Impacts of Organized Crime,,needs_web_search,,https://www.ncjrs.gov/pdffiles1/Digitization/95266NCJRS.pdf,governed PDF; OpenAlex; Crossref; Semantic Scholar; DataCite; CORE; Europe PMC; arXiv; Zenodo; HAL; DOAJ; paper/repository resolved,needs_web_search,0,PDF:no_explicit_abstract:www.ncjrs.gov; Semantic Scholar:upstream_429; CORE:upstream_429; arXiv:upstream_429,2026-09-14,No abstract text detected by the bulk zero-cost cascade; retain for per-paper free web/assisted search.
CAND-ACADEMIC-2026-09-12-EXTRA-38a999646d3f-002,Expert Working Group Report on International Organized Crime,,needs_web_search,,https://www.hsdl.org/?abstract&did=20039,governed PDF; OpenAlex; Crossref; Semantic Scholar; DataCite; CORE; Europe PMC; arXiv; Zenodo; HAL; DOAJ; paper/repository resolved,needs_web_search,1,PDF:no_explicit_abstract:www.ojp.gov; Semantic Scholar:upstream_429; CORE:upstream_429; arXiv:upstream_429,2026-09-14,No abstract text detected by the bulk zero-cost cascade; retain for per-paper free web/assisted search.
CAND-ACADEMIC-2026-09-12-EXTRA-38a999646d3f-003,NEW JERSEY - COMMISSION OF INVESTIGATION - REPORT AND RECOMMENDATIONS ON THE INCURSION BY ORGANIZED CRIME INTO CERTAIN LEGITIMATE BUSINESSES IN ATLANTIC CITY,,needs_web_search,,https://www.ncjrs.gov/pdffiles1/Digitization/55801NCJRS.pdf,governed PDF; OpenAlex; Crossref; Semantic Scholar; DataCite; CORE; Europe PMC; arXiv; Zenodo; HAL; DOAJ; paper/repository resolved,needs_web_search,0,PDF:no_explicit_abstract:www.ncjrs.gov; Semantic Scholar:upstream_429; CORE:upstream_429; arXiv:upstream_429,2026-09-14,No abstract text detected by the bulk zero-cost cascade; retain for per-paper free web/assisted search.
CAND-ACADEMIC-2026-09-12-EXTRA-3ad3ee04659d-001,Lawyers as money laundering enablers? An evolving and contentious relationship,10.1080/17440572.2022.2089122,available,prohic.nl PDF,https://prohic.nl/wp-content/uploads/2022/08/432-LawyersMoneyLaunderingOrganizedCrimeMichaelLevi.July2022.pdf,governed PDF,resolved_pdf,1,,2026-09-13,Previously verified abstract availability reused within the 30-day zero-cost cache; abstract text remains unpersisted.
CAND-ACADEMIC-2026-09-12-EXTRA-3ad3ee04659d-002,Mafia ties and financial reporting quality spillovers: Evidence from private firms in Italy,10.3280/fr202519624,available,OpenAlex,https://doi.org/10.3280/fr202519624,OpenAlex; Crossref; Semantic Scholar; DataCite; CORE; Europe PMC; OpenCitations Meta; arXiv; Zenodo; HAL; DOAJ,doi,1,Semantic Scholar:upstream_429; CORE:upstream_429; arXiv:upstream_429,2026-09-13,Previously verified abstract availability reused within the 30-day zero-cost cache; abstract text remains unpersisted.
CAND-ACADEMIC-2026-09-12-EXTRA-426cdea055d3-001,Yakuza (Criminal Gangs) in Japan: Characteristics and ...,10.1177/104398620000600302,available,OpenAlex,https://doi.org/10.1177/104398620000600302,OpenAlex; Crossref; Semantic Scholar; DataCite; CORE; Europe PMC; OpenCitations Meta; arXiv; Zenodo; HAL; DOAJ,doi,1,Semantic Scholar:upstream_429; CORE:upstream_500; arXiv:upstream_429,2026-09-13,Previously verified abstract availability reused within the 30-day zero-cost cache; abstract text remains unpersisted.
CAND-ACADEMIC-2026-09-12-EXTRA-426cdea055d3-002,Chinese Triads and Japanese Yakuza - How Dangerous Is the Asian Mafia?,,available,OJP/NCJRS exact indexed abstract located with Parallel Search,https://www.ojp.gov/ncjrs/virtual-library/abstracts/chinese-triads-and-japanese-yakuza-how-dangerous-asian-mafia,OpenAlex; Crossref; Semantic Scholar; DataCite; CORE; Europe PMC; arXiv; Zenodo; HAL; DOAJ; paper/repository resolved; curator verified abstract source,verified_abstract_source,1,OpenAlex:upstream_400; Semantic Scholar:upstream_429; arXiv:upstream_429; DOAJ:upstream_400,2026-09-13,Previously verified abstract availability reused within the 30-day zero-cost cache; abstract text remains unpersisted.
CAND-ACADEMIC-2026-09-12-EXTRA-426cdea055d3-003,"The Japanese Mafia: Yakuza, Law, and the State",,available,OpenAlex,https://doi.org/10.5860/choice.42-0479,OpenAlex; Crossref; Semantic Scholar; DataCite; CORE; Europe PMC; arXiv; Zenodo; HAL; DOAJ,title_year,1,Semantic Scholar:upstream_429; CORE:upstream_500; arXiv:upstream_503,2026-09-13,Previously verified abstract availability reused within the 30-day zero-cost cache; abstract text remains unpersisted.
CAND-ACADEMIC-2026-09-12-EXTRA-570dae192194-001,"Study of Organized Crime's Infiltration of the Pizza and Cheese Industry - A Report, March 1980",,needs_web_search,,https://www.ojp.gov/ncjrs/virtual-library/abstracts/study-organized-crimes-infiltration-pizza-and-cheese-industry,OpenAlex; Crossref; Semantic Scholar; DataCite; CORE; Europe PMC; arXiv; Zenodo; HAL; DOAJ; paper/repository resolved,needs_web_search,0,Semantic Scholar:upstream_429; CORE:upstream_429; arXiv:upstream_429,2026-09-14,No abstract text detected by the bulk zero-cost cascade; retain for per-paper free web/assisted search.
CAND-ACADEMIC-2026-09-12-EXTRA-570dae192194-002,RICO (Racketeer Influenced and Corrupt Organizations) Concepts,,needs_web_search,,https://www.ojp.gov/ncjrs/virtual-library/abstracts/rico-racketeer-influenced-and-corrupt-organizations-concepts,OpenAlex; Crossref; Semantic Scholar; DataCite; CORE; Europe PMC; arXiv; Zenodo; HAL; DOAJ; paper/repository resolved,needs_web_search,0,Semantic Scholar:upstream_429; CORE:upstream_429; arXiv:upstream_429,2026-09-14,No abstract text detected by the bulk zero-cost cascade; retain for per-paper free web/assisted search.
CAND-ACADEMIC-2026-09-12-EXTRA-570dae192194-003,Corruption risk indicators in public procurement,,needs_web_search,,https://www.sciencedirect.com/science/article/abs/pii/S0038012126000157,OpenAlex; Crossref; Semantic Scholar; DataCite; CORE; Europe PMC; arXiv; Zenodo; HAL; DOAJ; paper/repository resolved,needs_web_search,0,Semantic Scholar:upstream_429; CORE:upstream_429; arXiv:upstream_429,2026-09-14,No abstract text detected by the bulk zero-cost cascade; retain for per-paper free web/assisted search.
CAND-ACADEMIC-2026-09-12-EXTRA-6e00fc2aca6a-001,Measuring Organized Crime in the Western Balkans,,needs_web_search,,https://www.unodc.org/documents/data-and-analysis/OC/Measuring-OC-in-WB.pdf,governed PDF; OpenAlex; Crossref; Semantic Scholar; DataCite; CORE; Europe PMC; arXiv; Zenodo; HAL; DOAJ; paper/repository resolved,needs_web_search,0,PDF:no_explicit_abstract:www.unodc.org; Semantic Scholar:upstream_429; CORE:upstream_429; arXiv:upstream_503,2026-09-14,No abstract text detected by the bulk zero-cost cascade; retain for per-paper free web/assisted search.
CAND-ACADEMIC-2026-09-12-EXTRA-6e00fc2aca6a-002,International Crime Business Survey: Findings From Nine Central-Eastern European Cities,10.1007/s10610-004-4122-4,needs_web_search,,https://doi.org/10.1007/s10610-004-4122-4,OpenAlex; Crossref; Semantic Scholar; DataCite; CORE; Europe PMC; OpenCitations Meta; arXiv; Zenodo; HAL; DOAJ; paper/repository resolved,needs_web_search,1,Semantic Scholar:upstream_429; CORE:upstream_429; arXiv:upstream_503,2026-09-14,No abstract text detected by the bulk zero-cost cascade; retain for per-paper free web/assisted search.
CAND-ACADEMIC-2026-09-12-EXTRA-6e00fc2aca6a-003,CRIME AND ITS IMPACT ON THE BALKANS,,needs_web_search,,https://www.unodc.org/documents/Balkan_study.pdf,governed PDF; OpenAlex; Crossref; Semantic Scholar; DataCite; CORE; Europe PMC; arXiv; Zenodo; HAL; DOAJ; paper/repository resolved,needs_web_search,0,PDF:The operation was aborted due to timeout; Semantic Scholar:upstream_429; CORE:upstream_429; arXiv:upstream_503,2026-09-14,No abstract text detected by the bulk zero-cost cascade; retain for per-paper free web/assisted search.
CAND-ACADEMIC-2026-09-12-EXTRA-724679219793-001,Textual Clues of Crime: Comparing Financial Narratives in Mafia-Connected and Legitimate Firms,,needs_web_search,,https://thesis.unipd.it/handle/20.500.12608/94797,OpenAlex; Crossref; Semantic Scholar; DataCite; CORE; Europe PMC; arXiv; Zenodo; HAL; DOAJ; paper/repository resolved,needs_web_search,0,Semantic Scholar:upstream_429; CORE:upstream_429; arXiv:upstream_503,2026-09-14,No abstract text detected by the bulk zero-cost cascade; retain for per-paper free web/assisted search.
CAND-ACADEMIC-2026-09-12-EXTRA-7652f77d6fde-003,Leveraging legitimacy: How the EU’s most threatening criminal networks abuse legal business structures,10.2813/7731594,needs_web_search,,https://doi.org/10.2813/7731594,governed PDF; OpenAlex; Crossref; Semantic Scholar; DataCite; CORE; Europe PMC; OpenCitations Meta; arXiv; Zenodo; HAL; DOAJ; paper/repository resolved,needs_web_search,0,PDF:no_explicit_abstract:www.europol.europa.eu; Semantic Scholar:upstream_429; CORE:upstream_429; arXiv:upstream_429,2026-09-14,No abstract text detected by the bulk zero-cost cascade; retain for per-paper free web/assisted search.
CAND-ACADEMIC-2026-09-12-EXTRA-7652f77d6fde-004,Decoding the EU’s most threatening criminal networks,10.2813/811566,needs_web_search,,https://doi.org/10.2813/811566,governed PDF; OpenAlex; Crossref; Semantic Scholar; DataCite; CORE; Europe PMC; OpenCitations Meta; arXiv; Zenodo; HAL; DOAJ; paper/repository resolved,needs_web_search,0,PDF:no_explicit_abstract:www.europol.europa.eu; Semantic Scholar:upstream_429; CORE:upstream_429; arXiv:upstream_429,2026-09-14,No abstract text detected by the bulk zero-cost cascade; retain for per-paper free web/assisted search.
CAND-ACADEMIC-2026-09-12-EXTRA-b54c1a6aa281-001,Investment of Criminal Proceeds into the Legitimate Economy: An Analysis of Italian and Russian Organised Crime in the UK Real Estate Market,,needs_web_search,,https://www.routledge.com/Investment-of-Criminal-Proceeds-into-the-Legitimate-Economy-An-Analysis-of-Italian-and-Russian-Organised-Crime-in-the-UK-Real-Estate-Market/Sclafani/p/book/9781032541938,OpenAlex; Crossref; Semantic Scholar; DataCite; CORE; Europe PMC; arXiv; Zenodo; HAL; DOAJ; paper/repository resolved,needs_web_search,0,Semantic Scholar:upstream_429; CORE:upstream_429; arXiv:upstream_429,2026-09-14,No abstract text detected by the bulk zero-cost cascade; retain for per-paper free web/assisted search.
CAND-ACADEMIC-2026-09-12-EXTRA-bca84c56f316-001,COVID-19 and Organized Crime: Strategies employed by criminal groups to increase their profits and power in the first months of the pandemic,,available,OpenAlex,https://doi.org/10.1007/s12117-021-09434-x,governed PDF; OpenAlex; Crossref; Semantic Scholar; DataCite; CORE; Europe PMC; arXiv; Zenodo; HAL; DOAJ,title_year,1,PDF:not_pdf; Semantic Scholar:upstream_429; CORE:upstream_429; arXiv:upstream_503; Zenodo:upstream_504,2026-09-13,Previously verified abstract availability reused within the 30-day zero-cost cache; abstract text remains unpersisted.
CAND-ACADEMIC-2026-09-12-EXTRA-bca84c56f316-002,Organized Crime and Gambling,,needs_web_search,,https://doi.org/10.2307/1142024,governed PDF; OpenAlex; Crossref; Semantic Scholar; DataCite; CORE; Europe PMC; arXiv; Zenodo; HAL; DOAJ; paper/repository resolved,needs_web_search,1,PDF:pdf_too_large; Semantic Scholar:upstream_429; CORE:upstream_429,2026-09-14,No abstract text detected by the bulk zero-cost cascade; retain for per-paper free web/assisted search.
CAND-ACADEMIC-2026-09-12-EXTRA-bca84c56f316-003,Triad Organized Crime in Macau Casinos: Extra-legal Governance and Entrepreneurship,10.1093/bjc/azw014,available,OpenAlex,https://doi.org/10.1093/bjc/azw014,OpenAlex; Crossref; Semantic Scholar; DataCite; CORE; Europe PMC; OpenCitations Meta; arXiv; Zenodo; HAL; DOAJ,doi,1,Semantic Scholar:upstream_429; CORE:upstream_500; arXiv:upstream_429,2026-09-14,Abstract text detected by the zero-cost cascade; text is intentionally not persisted.
CAND-ACADEMIC-2026-09-12-EXTRA-cfe8ae9b3710-001,"Complici, soci e alleati. Una ricerca sull'area grigia della mafia",10.7383/70771,needs_web_search,,https://dialnet.unirioja.es/servlet/articulo?codigo=3941609,OpenAlex; Crossref; Semantic Scholar; DataCite; CORE; Europe PMC; OpenCitations Meta; arXiv; Zenodo; HAL; DOAJ; paper/repository resolved,needs_web_search,1,Semantic Scholar:upstream_429; arXiv:upstream_429; Zenodo:upstream_504,2026-09-14,No abstract text detected by the bulk zero-cost cascade; retain for per-paper free web/assisted search.
CAND-ACADEMIC-2026-09-12-EXTRA-d6b0ffff25fd-001,How Criminal Organizations Expand to Strong States: Migrant Exploitation and Political Brokerage in Northern Italy,10.33774/apsa-2021-kq3b6,available,preprints.apsanet.org PDF,https://preprints.apsanet.org/engage/api-gateway/apsa/assets/orp/resource/item/601df8d1ed338ede6b4d16e3/original/how-criminal-organizations-expand-to-strong-states-migrant-exploitation-and-political-brokerage-in-northern-italy.pdf,governed PDF,resolved_pdf,1,,2026-09-14,Abstract text detected by the zero-cost cascade; text is intentionally not persisted.
CAND-ACADEMIC-2026-09-12-EXTRA-d6b0ffff25fd-002,The Departed: Italian Migration and the American Mafia,,available,OpenAlex,https://hdl.handle.net/10419/336064,OpenAlex; Crossref; Semantic Scholar; DataCite; CORE; Europe PMC; arXiv; Zenodo; HAL; DOAJ,title_year,1,Semantic Scholar:upstream_429; CORE:upstream_429; arXiv:upstream_503; Zenodo:upstream_504,2026-09-13,Previously verified abstract availability reused within the 30-day zero-cost cache; abstract text remains unpersisted.
CAND-ACADEMIC-2026-09-12-EXTRA-e43980672341-001,The Teamsters: Perception and Reality an Investigative Study of Organized Crime Influences in the Union,10.1007/s12117-001-1021-7,needs_web_search,,https://doi.org/10.1007/s12117-001-1021-7,OpenAlex; Crossref; Semantic Scholar; DataCite; CORE; Europe PMC; OpenCitations Meta; arXiv; Zenodo; HAL; DOAJ; paper/repository resolved,needs_web_search,1,Semantic Scholar:upstream_429; CORE:upstream_500; arXiv:upstream_429,2026-09-14,No abstract text detected by the bulk zero-cost cascade; retain for per-paper free web/assisted search.
CAND-ACADEMIC-2026-09-12-EXTRA-e43980672341-002,Organised crime and corruption: Anti-Corruption and Integrity Outlook 2026,,needs_web_search,,https://www.oecd.org/en/publications/2026/03/anti-corruption-and-integrity-outlook-2026_d8f55b04/full-report/component-15.html,OpenAlex; Crossref; Semantic Scholar; DataCite; CORE; Europe PMC; arXiv; Zenodo; HAL; DOAJ; paper/repository resolved,needs_web_search,0,Semantic Scholar:upstream_429; CORE:upstream_500; arXiv:upstream_503,2026-09-14,No abstract text detected by the bulk zero-cost cascade; retain for per-paper free web/assisted search.
CAND-ACADEMIC-2026-09-12-EXTRA-eff272748cb9-001,"Artificial Scarcity, Power, and the Italian Mafia",,available,OpenAlex,https://doi.org/10.2753/jei0021-3624480302,OpenAlex; Crossref; Semantic Scholar; DataCite; CORE; Europe PMC; arXiv; Zenodo; HAL; DOAJ,title_year,1,Semantic Scholar:upstream_429; CORE:upstream_429; arXiv:upstream_429; Zenodo:upstream_504,2026-09-13,Previously verified abstract availability reused within the 30-day zero-cost cache; abstract text remains unpersisted.
CAND-ACADEMIC-2026-09-13-001,The Mafia's role as a 'hidden' mediator in SME external credit,10.2139/ssrn.7417501,available,Crossref,https://doi.org/10.2139/ssrn.7417501,OpenAlex; Crossref; Semantic Scholar; DataCite; CORE; Europe PMC; OpenCitations Meta; arXiv; Zenodo; HAL; DOAJ,doi,1,Semantic Scholar:upstream_429; arXiv:upstream_429,2026-09-14,Abstract text detected by the zero-cost cascade; text is intentionally not persisted.
CAND-ACADEMIC-2026-09-13-EXTRA-0da19cdc8206-001,Firms’ legality and efficiency: evidence from public procurement,10.1007/s10657-025-09848-w,available,OpenAlex,https://doi.org/10.1007/s10657-025-09848-w,governed PDF; OpenAlex; Crossref; Semantic Scholar; DataCite; CORE; Europe PMC; OpenCitations Meta; arXiv; Zenodo; HAL; DOAJ,doi,1,PDF:not_pdf; Semantic Scholar:upstream_429; CORE:upstream_500; arXiv:upstream_429,2026-09-14,Abstract text detected by the zero-cost cascade; text is intentionally not persisted.
CAND-ACADEMIC-2026-09-13-EXTRA-0da19cdc8206-002,Government Certification in Public Procurement: Evidence from the Italian Legality Rating,,available,SSRN exact current abstract record located with Parallel Search,https://papers.ssrn.com/sol3/papers.cfm?abstract_id=4961758,curator verified abstract source,verified_abstract_source,1,,2026-09-13,Previously verified abstract availability reused within the 30-day zero-cost cache; abstract text remains unpersisted.
CAND-ACADEMIC-2026-09-13-EXTRA-0da19cdc8206-003,A Loan You Can't Refuse: Credit Rationing and Organized Crime Infiltration of Distressed Firms,,available,rfberlin.com PDF,https://www.rfberlin.com/wp-content/uploads/2025/10/25101.pdf,governed PDF,resolved_pdf,1,,2026-09-14,Abstract text detected by the zero-cost cascade; text is intentionally not persisted.
CAND-ACADEMIC-2026-09-13-EXTRA-39073337ed15-001,Destructive Entrepreneurship: The Cost of the Mafia for the Legal Economy,10.1080/00213624.2018.1430947,available,OpenAlex,https://doi.org/10.1080/00213624.2018.1430947,OpenAlex; Crossref; Semantic Scholar; DataCite; CORE; Europe PMC; OpenCitations Meta; arXiv; Zenodo; HAL; DOAJ,doi,1,Semantic Scholar:upstream_429; CORE:upstream_429; arXiv:upstream_429; Zenodo:upstream_504,2026-09-13,Previously verified abstract availability reused within the 30-day zero-cost cache; abstract text remains unpersisted.
CAND-ACADEMIC-2026-09-13-EXTRA-39073337ed15-002,Criminal-Private-Sector-Corruption: Mafia Involvement as Brokers and Patrons in Construction Contracts in Montreal,,needs_web_search,,https://library2.smu.ca/bitstream/handle/01/29018/Spencer_Tyler_MASTERS_2019.pdf?isAllowed=y&sequence=1,governed PDF; OpenAlex; Crossref; Semantic Scholar; DataCite; CORE; Europe PMC; arXiv; Zenodo; HAL; DOAJ; paper/repository resolved,needs_web_search,1,PDF:pdf_too_large; Semantic Scholar:upstream_429; CORE:upstream_500; arXiv:upstream_429; Zenodo:upstream_504,2026-09-14,No abstract text detected by the bulk zero-cost cascade; retain for per-paper free web/assisted search.
CAND-ACADEMIC-2026-09-13-EXTRA-39073337ed15-003,Organized Crime in the Construction Industry,10.1177/001112877702300306,available,OpenAlex,https://doi.org/10.1177/001112877702300306,OpenAlex; Crossref; Semantic Scholar; DataCite; CORE; Europe PMC; OpenCitations Meta; arXiv; Zenodo; HAL; DOAJ,doi,1,Semantic Scholar:upstream_429; CORE:upstream_429; arXiv:upstream_429; Zenodo:upstream_504,2026-09-13,Previously verified abstract availability reused within the 30-day zero-cost cache; abstract text remains unpersisted.
CAND-ACADEMIC-2026-09-13-EXTRA-429790710ccd-001,"Georganiseerde criminaliteit in Nederland: daders, verwevenheid en opsporing",,available,OpenAlex,https://pure.eur.nl/en/publications/a11766f9-1fe4-4975-92e7-d23a63f58c52,OpenAlex; Crossref; Semantic Scholar; DataCite; CORE; Europe PMC; arXiv; Zenodo; HAL; DOAJ,title_year,1,Semantic Scholar:upstream_429; CORE:upstream_500; arXiv:upstream_503; Zenodo:upstream_504,2026-09-14,Abstract text detected by the zero-cost cascade; text is intentionally not persisted.
CAND-ACADEMIC-2026-09-13-EXTRA-4b57a3081215-001,Managing Cartels: how Cartel Participants Create Stability in the Absence of law,10.1007/s10610-016-9329-7,available,OpenAlex,https://doi.org/10.1007/s10610-016-9329-7,governed PDF; OpenAlex; Crossref; Semantic Scholar; DataCite; CORE; Europe PMC; OpenCitations Meta; arXiv; Zenodo; HAL; DOAJ,doi,1,PDF:not_pdf; Semantic Scholar:upstream_429; CORE:upstream_429; arXiv:upstream_429; Zenodo:upstream_504,2026-09-14,Abstract text detected by the zero-cost cascade; text is intentionally not persisted.
CAND-ACADEMIC-2026-09-13-EXTRA-4b57a3081215-002,"Strong by concealment? How secrecy, trust, and social embeddedness facilitate corporate crime",,available,repub.eur.nl PDF,https://repub.eur.nl/pub/116716/RePub-116716-OA.pdf,governed PDF,resolved_pdf,1,,2026-09-14,Abstract text detected by the zero-cost cascade; text is intentionally not persisted.
CAND-ACADEMIC-2026-09-13-EXTRA-4b57a3081215-003,"Mafia infiltration, public administration and local institutions: A comparative study in Northern Italy",10.1177/1477370818803050,available,SAGE publisher abstract located with Parallel Search,https://journals.sagepub.com/doi/10.1177/1477370818803050,curator verified abstract source,verified_abstract_source,1,,2026-09-13,Previously verified abstract availability reused within the 30-day zero-cost cache; abstract text remains unpersisted.
CAND-ACADEMIC-2026-09-13-EXTRA-4b57a3081215-004,"Organized Crime, Captured Politicians, and the Allocation of Public Resources",10.1093/jleo/ewab015,available,Oxford Academic publisher abstract located with Parallel Search,https://academic.oup.com/jleo/article/38/3/774/6409959,curator verified abstract source,verified_abstract_source,1,,2026-09-13,Previously verified abstract availability reused within the 30-day zero-cost cache; abstract text remains unpersisted.
CAND-ACADEMIC-2026-09-13-EXTRA-4b57a3081215-005,"Parasites, Colluders, and Adversaries: Explaining Mafia Strategies Toward Public Institutions in Italy",10.1177/00323217251384494,available,University of Bologna CRIS exact repository record located with Parallel Search,https://cris.unibo.it/handle/11585/1029770,curator verified abstract source,verified_abstract_source,1,,2026-09-13,Previously verified abstract availability reused within the 30-day zero-cost cache; abstract text remains unpersisted.
CAND-ACADEMIC-2026-09-13-EXTRA-4b57a3081215-006,Neutralizing the tentacles of organized crime. Assessment of the impact of an anti-crime measure on mafia violence in Italy,10.1016/j.jebo.2024.04.027,available,ScienceDirect publisher abstract located with Parallel Search,https://www.sciencedirect.com/science/article/pii/S0167268124001628,curator verified abstract source,verified_abstract_source,1,,2026-09-13,Previously verified abstract availability reused within the 30-day zero-cost cache; abstract text remains unpersisted.
CAND-ACADEMIC-2026-09-13-EXTRA-4b57a3081215-007,Political Capture and Bureaucratic Behavior. Evidence from Mafia-Infiltrated Municipalities,,available,CEPR DP21805 abstract record located with Parallel Search,https://cepr.org/publications/dp21805,curator verified abstract source,verified_abstract_source,1,,2026-09-13,Previously verified abstract availability reused within the 30-day zero-cost cache; abstract text remains unpersisted.
CAND-ACADEMIC-2026-09-13-EXTRA-60872f2c2bf0-001,Mafia et économie légale : typologie des marchés infiltrés,,available,OpenAlex,https://doi.org/10.3406/ecoap.2012.3609,OpenAlex; Crossref; Semantic Scholar; DataCite; CORE; Europe PMC; arXiv; Zenodo; HAL; DOAJ,title_year,1,Semantic Scholar:upstream_429; CORE:upstream_429; arXiv:upstream_503,2026-09-14,Abstract text detected by the zero-cost cascade; text is intentionally not persisted.
CAND-ACADEMIC-2026-09-13-EXTRA-60872f2c2bf0-002,Sénat Rapport Ces dizaines de milliards qui gangrènent la société,,needs_web_search,,,OpenAlex; Crossref; Semantic Scholar; DataCite; CORE; Europe PMC; arXiv; Zenodo; HAL; DOAJ; paper/repository resolved,needs_web_search,0,Semantic Scholar:upstream_429; CORE:upstream_429; arXiv:upstream_429,2026-09-14,No abstract text detected by the bulk zero-cost cascade; retain for per-paper free web/assisted search.
CAND-ACADEMIC-2026-09-13-EXTRA-7450b0e2f8a2-001,Indicators of the Impacts of Organized Crime,,available,NIJ/OJP exact abstract record located with Parallel Search,https://nij.ojp.gov/library/publications/indicators-impacts-organized-crime,OpenAlex; Crossref; Semantic Scholar; DataCite; CORE; Europe PMC; arXiv; Zenodo; HAL; DOAJ; paper/repository resolved; curator verified abstract source,verified_abstract_source,1,CORE:upstream_429; arXiv:upstream_429; Zenodo:upstream_504,2026-09-13,Previously verified abstract availability reused within the 30-day zero-cost cache; abstract text remains unpersisted.
CAND-ACADEMIC-2026-09-13-EXTRA-7450b0e2f8a2-002,MORE,,needs_web_search,,https://doi.org/10.1145/3356726,governed PDF; OpenAlex; Crossref; Semantic Scholar; DataCite; CORE; Europe PMC; arXiv; Zenodo; HAL; DOAJ; paper/repository resolved,needs_web_search,1,PDF:no_explicit_abstract:www.swp-berlin.org; Semantic Scholar:upstream_429; CORE:upstream_429; arXiv:upstream_429; Zenodo:upstream_504,2026-09-14,No abstract text detected by the bulk zero-cost cascade; retain for per-paper free web/assisted search.
CAND-ACADEMIC-2026-09-13-EXTRA-7450b0e2f8a2-003,Alte und neue Bedrohungen der Organisierten Kriminalität,,needs_web_search,,https://www.bmi.gv.at/104/wissenschaft_und_forschung/siak-journal/siak-journal-ausgaben/jahrgang_2023/files/sinn_1_2023.pdf,governed PDF; OpenAlex; Crossref; Semantic Scholar; DataCite; CORE; Europe PMC; arXiv; Zenodo; HAL; DOAJ; paper/repository resolved,needs_web_search,0,PDF:no_explicit_abstract:www.bmi.gv.at; Semantic Scholar:upstream_429; CORE:upstream_429; arXiv:upstream_429; Zenodo:upstream_504,2026-09-14,No abstract text detected by the bulk zero-cost cascade; retain for per-paper free web/assisted search.
CAND-ACADEMIC-2026-09-13-EXTRA-7450b0e2f8a2-004,Wirtschaftsmacht Organisierte Kriminalität,10.1007/978-3-662-55269-8,needs_web_search,,https://doi.org/10.1007/978-3-662-55269-8,governed PDF; OpenAlex; Crossref; Semantic Scholar; DataCite; CORE; Europe PMC; OpenCitations Meta; arXiv; Zenodo; HAL; DOAJ; paper/repository resolved,needs_web_search,1,PDF:not_pdf; Semantic Scholar:upstream_429; CORE:upstream_429; arXiv:upstream_429,2026-09-14,No abstract text detected by the bulk zero-cost cascade; retain for per-paper free web/assisted search.
CAND-ACADEMIC-2026-09-13-EXTRA-76bb4c0cee3e-001,Gaming the system: exploiting regulatory and institutional loopholes for accumulation in Southern Italy's wind energy sector,10.1016/j.erss.2025.104465,available,OpenAlex,https://doi.org/10.1016/j.erss.2025.104465,OpenAlex; Crossref; Semantic Scholar; DataCite; CORE; Europe PMC; OpenCitations Meta; arXiv; Zenodo; HAL; DOAJ,doi,1,Semantic Scholar:upstream_429; CORE:upstream_429; arXiv:upstream_429; Zenodo:upstream_504,2026-09-13,Previously verified abstract availability reused within the 30-day zero-cost cache; abstract text remains unpersisted.
CAND-ACADEMIC-2026-09-13-EXTRA-76bb4c0cee3e-002,Entrepreneurship and organised crime: a systematic review and research agenda based on three decades of scholarship,10.1108/jsbed-12-2022-0515,available,OpenAlex,https://doi.org/10.1108/jsbed-12-2022-0515,OpenAlex; Crossref; Semantic Scholar; DataCite; CORE; Europe PMC; OpenCitations Meta; arXiv; Zenodo; HAL; DOAJ,doi,1,Semantic Scholar:upstream_429; CORE:upstream_429; arXiv:upstream_429; Zenodo:upstream_504,2026-09-13,Previously verified abstract availability reused within the 30-day zero-cost cache; abstract text remains unpersisted.
CAND-ACADEMIC-2026-09-13-EXTRA-76bb4c0cee3e-003,Estimating Money Laundering Risks: An Application to Business Sectors in the Netherlands,10.1007/s10610-018-9391-4,available,OpenAlex,https://doi.org/10.1007/s10610-018-9391-4,governed PDF; OpenAlex; Crossref; Semantic Scholar; DataCite; CORE; Europe PMC; OpenCitations Meta; arXiv; Zenodo; HAL; DOAJ,doi,1,PDF:not_pdf; Semantic Scholar:upstream_429; CORE:upstream_429; arXiv:upstream_429; Zenodo:upstream_504,2026-09-13,Previously verified abstract availability reused within the 30-day zero-cost cache; abstract text remains unpersisted.
CAND-ACADEMIC-2026-09-13-EXTRA-a5ca7bf0f145-001,The economics of extortion: Theory and the case of the Sicilian Mafia,,available,iris.unipa.it PDF,https://iris.unipa.it/retrieve/8ac4a071-9d68-445d-bb6b-d9348085c017/1-s2.0-S0147596723000501-main.pdf,governed PDF,resolved_pdf,1,,2026-09-14,Abstract text detected by the zero-cost cascade; text is intentionally not persisted.
CAND-ACADEMIC-2026-09-13-EXTRA-a6766e6649ed-002,Mafianomics: How Did Mob Entrepreneurs Infiltrate,,needs_web_search,,https://www.jstor.org/stable/4227335,OpenAlex; Crossref; Semantic Scholar; DataCite; CORE; Europe PMC; arXiv; Zenodo; HAL; DOAJ; paper/repository resolved,needs_web_search,0,Semantic Scholar:upstream_429; CORE:upstream_429; arXiv:upstream_429,2026-09-14,No abstract text detected by the bulk zero-cost cascade; retain for per-paper free web/assisted search.
CAND-ACADEMIC-2026-09-13-EXTRA-a6766e6649ed-003,Fighting Organized Crime by Targeting their Revenue,,available,Oxford Academic publisher abstract located with Parallel Search,https://academic.oup.com/jleo/article/39/3/722/6552195,OpenAlex; Crossref; Semantic Scholar; DataCite; CORE; Europe PMC; arXiv; Zenodo; HAL; DOAJ; paper/repository resolved; curator verified abstract source,verified_abstract_source,1,Semantic Scholar:upstream_429; CORE:upstream_429; arXiv:upstream_429; Zenodo:upstream_504,2026-09-13,Previously verified abstract availability reused within the 30-day zero-cost cache; abstract text remains unpersisted.
CAND-ACADEMIC-2026-09-13-EXTRA-a6766e6649ed-004,Organized Crime and the Legal Economy,,needs_web_search,,https://unicri.org/sites/default/files/2021-06/UNICRI_Organized_Crime_and_Legal_Economy_report.pdf,governed PDF; OpenAlex; Crossref; Semantic Scholar; DataCite; CORE; Europe PMC; arXiv; Zenodo; HAL; DOAJ; paper/repository resolved,needs_web_search,0,PDF:no_explicit_abstract:unicri.org; Semantic Scholar:upstream_429; CORE:upstream_429; arXiv:upstream_503,2026-09-14,No abstract text detected by the bulk zero-cost cascade; retain for per-paper free web/assisted search.
CAND-ACADEMIC-2026-09-13-EXTRA-a6766e6649ed-005,Transnational Organized Crime and Foreign Direct Investment in Spain,,needs_web_search,,https://doi.org/10.1163/9789004469846_008,OpenAlex; Crossref; Semantic Scholar; DataCite; CORE; Europe PMC; arXiv; Zenodo; HAL; DOAJ; paper/repository resolved,needs_web_search,1,Semantic Scholar:upstream_429; CORE:upstream_429; arXiv:upstream_429,2026-09-14,No abstract text detected by the bulk zero-cost cascade; retain for per-paper free web/assisted search.
CAND-ACADEMIC-2026-09-13-EXTRA-a6766e6649ed-006,Comparing the Ties That Bind Criminal Networks: Is Blood Thicker Than Water?,,needs_web_search,,https://doi.org/10.1057/sj.2009.18,OpenAlex; Crossref; Semantic Scholar; DataCite; CORE; Europe PMC; arXiv; Zenodo; HAL; DOAJ; paper/repository resolved,needs_web_search,1,OpenAlex:upstream_400; Semantic Scholar:upstream_429; CORE:upstream_429; arXiv:upstream_429; DOAJ:upstream_400,2026-09-14,No abstract text detected by the bulk zero-cost cascade; retain for per-paper free web/assisted search.
CAND-ACADEMIC-2026-09-13-EXTRA-a6766e6649ed-007,Organised crime infiltration in the UK : crash-for-cash and VAT carousels,,needs_web_search,,https://lawcat.berkeley.edu/record/1180812,OpenAlex; Crossref; Semantic Scholar; DataCite; CORE; Europe PMC; arXiv; Zenodo; HAL; DOAJ; paper/repository resolved,needs_web_search,0,Semantic Scholar:upstream_429; CORE:upstream_429; arXiv:upstream_429,2026-09-14,No abstract text detected by the bulk zero-cost cascade; retain for per-paper free web/assisted search.
CAND-ACADEMIC-2026-09-13-EXTRA-c71ea3b3c996-001,Mafia's infiltration and spillover effects in the construction sector,,needs_web_search,,https://lagv2019.sciencesconf.org/248734/document,OpenAlex; Crossref; Semantic Scholar; DataCite; CORE; Europe PMC; arXiv; Zenodo; HAL; DOAJ; paper/repository resolved,needs_web_search,0,Semantic Scholar:upstream_429; CORE:upstream_429; arXiv:upstream_429,2026-09-14,No abstract text detected by the bulk zero-cost cascade; retain for per-paper free web/assisted search.
CAND-ACADEMIC-2026-09-13-EXTRA-c8d693f88061-001,Conspiracy among the many: the mafia in legitimate industries,,available,OpenAlex,https://doi.org/10.1007/978-1-349-62853-7_5,OpenAlex; Crossref; Semantic Scholar; DataCite; CORE; Europe PMC; arXiv; Zenodo; HAL; DOAJ,title_year,1,Semantic Scholar:upstream_429; CORE:upstream_429; arXiv:upstream_429,2026-09-14,Abstract text detected by the zero-cost cascade; text is intentionally not persisted.
CAND-ACADEMIC-2026-09-13-EXTRA-c8d693f88061-002,Making sense of professional enablers’ involvement in laundering organized crime proceeds and of their regulation,10.1007/s12117-020-09401-y,available,OpenAlex,https://doi.org/10.1007/s12117-020-09401-y,OpenAlex; Crossref; Semantic Scholar; DataCite; CORE; Europe PMC; OpenCitations Meta; arXiv; Zenodo; HAL; DOAJ,doi,1,CORE:upstream_429; arXiv:upstream_429,2026-09-14,Abstract text detected by the zero-cost cascade; text is intentionally not persisted.
CAND-ACADEMIC-2026-09-13-EXTRA-c8d693f88061-003,The Organised Crime Economy,,needs_web_search,,,OpenAlex; Crossref; Semantic Scholar; DataCite; CORE; Europe PMC; arXiv; Zenodo; HAL; DOAJ; paper/repository resolved,needs_web_search,0,Semantic Scholar:upstream_429; CORE:upstream_429; arXiv:upstream_429,2026-09-14,No abstract text detected by the bulk zero-cost cascade; retain for per-paper free web/assisted search.
CAND-ACADEMIC-2026-09-13-EXTRA-ca8a9fb601b4-001,Ascent of the corporate model in environmental-organized crime,10.1023/a:1008348805646,needs_web_search,,https://doi.org/10.1023/a:1008348805646,OpenAlex; Crossref; Semantic Scholar; DataCite; CORE; Europe PMC; OpenCitations Meta; arXiv; Zenodo; HAL; DOAJ; paper/repository resolved,needs_web_search,1,Semantic Scholar:upstream_429; CORE:upstream_429; arXiv:upstream_429,2026-09-14,No abstract text detected by the bulk zero-cost cascade; retain for per-paper free web/assisted search.
CAND-ACADEMIC-2026-09-13-EXTRA-df65ea613c7f-001,Business cartels and organised crime: exclusive and inclusive systems of collusion,10.1007/s12117-018-9350-y,available,OpenAlex,https://doi.org/10.1007/s12117-018-9350-y,governed PDF; OpenAlex; Crossref; Semantic Scholar; DataCite; CORE; Europe PMC; OpenCitations Meta; arXiv; Zenodo; HAL; DOAJ,doi,1,PDF:not_pdf; CORE:upstream_429; arXiv:upstream_429; Zenodo:upstream_504,2026-09-13,Previously verified abstract availability reused within the 30-day zero-cost cache; abstract text remains unpersisted.
CAND-ACADEMIC-2026-09-13-EXTRA-ff172108cfd0-001,Organized crime and banks: assessing the effects of anti-mafia police actions on lending,10.2139/ssrn.5290101,available,ecb.europa.eu PDF,https://www.ecb.europa.eu/pub/pdf/scpwps/ecb.wp3060~2ea4ebd7aa.en.pdf,governed PDF,resolved_pdf,1,,2026-09-14,Abstract text detected by the zero-cost cascade; text is intentionally not persisted.
CAND-ACADEMIC-2026-09-13-EXTRA-ff172108cfd0-002,The Effects of Mafia Infiltration on Public Procurement Performance,10.1016/j.ejpoleco.2020.101923,available,CORE,https://doi.org/10.1016/j.ejpoleco.2020.101923,governed PDF; OpenAlex; Crossref; Semantic Scholar; DataCite; CORE; Europe PMC; OpenCitations Meta; arXiv; Zenodo; HAL; DOAJ,doi,1,PDF:pdf_http_404; Semantic Scholar:upstream_429; arXiv:upstream_503,2026-09-14,Abstract text detected by the zero-cost cascade; text is intentionally not persisted.
CAND-ACADEMIC-2026-09-13-EXTRA-ff172108cfd0-003,"Other People’s Dirty Money: Professional Intermediaries, Market Dynamics and the Finances of White-collar, Corporate and Organized Crimes",10.1093/bjc/azz004,available,OpenAlex,https://doi.org/10.1093/bjc/azz004,governed PDF; OpenAlex; Crossref; Semantic Scholar; DataCite; CORE; Europe PMC; OpenCitations Meta; arXiv; Zenodo; HAL; DOAJ,doi,1,PDF:pdf_http_403; Semantic Scholar:upstream_429; CORE:upstream_429; arXiv:upstream_429,2026-09-14,Abstract text detected by the zero-cost cascade; text is intentionally not persisted.
CAND-ACADEMIC-2026-09-13-EXTRA-ff172108cfd0-004,Organized Crime and Legitimate Business,,needs_web_search,,https://doi.org/10.4135/9781506305110.n10,OpenAlex; Crossref; Semantic Scholar; DataCite; CORE; Europe PMC; arXiv; Zenodo; HAL; DOAJ; paper/repository resolved,needs_web_search,1,Semantic Scholar:upstream_429; CORE:upstream_429,2026-09-14,No abstract text detected by the bulk zero-cost cascade; retain for per-paper free web/assisted search.
CAND-ACADEMIC-2026-09-13-EXTRA-ff172108cfd0-005,L’infiltration mafieuse dans l’économie légale,,needs_web_search,,https://www.afri-ct.org/article/l-infiltration-mafieuse-dans-l,OpenAlex; Crossref; Semantic Scholar; DataCite; CORE; Europe PMC; arXiv; Zenodo; HAL; DOAJ; paper/repository resolved,needs_web_search,0,Semantic Scholar:upstream_429; CORE:upstream_429; arXiv:upstream_429,2026-09-14,No abstract text detected by the bulk zero-cost cascade; retain for per-paper free web/assisted search.
CAND-ACADEMIC-2026-09-13-EXTRA-ff172108cfd0-006,Mapping the Risk of Serious and Organised Crime Infiltrating Legitimate Businesses: Technical Annexes,,needs_web_search,,https://www.rand.org/pubs/external_publications/EP68578.html,OpenAlex; Crossref; Semantic Scholar; DataCite; CORE; Europe PMC; arXiv; Zenodo; HAL; DOAJ; paper/repository resolved,needs_web_search,1,Semantic Scholar:upstream_429; CORE:upstream_500; arXiv:upstream_429,2026-09-14,No abstract text detected by the bulk zero-cost cascade; retain for per-paper free web/assisted search.
CAND-ACADEMIC-2026-09-13-EXTRA-ff172108cfd0-008,Detection Model of Legally Registered Mafia Firms in Italy,,available,CORE,https://core.ac.uk/download/78634356.pdf,governed PDF; OpenAlex; Crossref; Semantic Scholar; DataCite; CORE; Europe PMC; arXiv; Zenodo; HAL; DOAJ,title_year,1,PDF:pdf_http_403; Semantic Scholar:upstream_429; arXiv:upstream_429,2026-09-14,Abstract text detected by the zero-cost cascade; text is intentionally not persisted.
CAND-ACADEMIC-2026-09-14-001,Study of Property Ownership and Devolution in the Organized Crime Environment,,needs_web_search,,https://www.ojp.gov/pdffiles1/Digitization/95269NCJRS.pdf,governed PDF; OpenAlex; Crossref; Semantic Scholar; DataCite; CORE; Europe PMC; arXiv; Zenodo; HAL; DOAJ; paper/repository resolved,needs_web_search,0,PDF:no_explicit_abstract:www.ojp.gov; Semantic Scholar:upstream_429; CORE:upstream_429; arXiv:upstream_429,2026-09-14,No abstract text detected by the bulk zero-cost cascade; retain for per-paper free web/assisted search.
CAND-ACADEMIC-2026-09-14-002,A REVIEW OF CORRUPTION AND ORGANIZED CRIME IN THE CONSTRUCTION INDUSTRY,,available,OpenAlex,https://www.diva-portal.org/smash/get/diva2:1486107/FULLTEXT01.pdf,governed PDF; OpenAlex; Crossref; Semantic Scholar; DataCite; CORE; Europe PMC; arXiv; Zenodo; HAL; DOAJ,title_year,1,PDF:no_explicit_abstract:www.diva-portal.org; Semantic Scholar:upstream_429; CORE:upstream_429; arXiv:upstream_429,2026-09-14,Abstract text detected by the zero-cost cascade; text is intentionally not persisted.
CAND-ACADEMIC-2026-09-14-EXTRA-185ed19e8af6-003,"Edge: Organized Crime, Business, and Labor Unions",,needs_web_search,,,OpenAlex; Crossref; Semantic Scholar; DataCite; CORE; Europe PMC; arXiv; Zenodo; HAL; DOAJ; paper/repository resolved,needs_web_search,0,Semantic Scholar:upstream_429; CORE:upstream_500; arXiv:upstream_429,2026-09-14,No abstract text detected by the bulk zero-cost cascade; retain for per-paper free web/assisted search.
CAND-ACADEMIC-2026-09-14-EXTRA-185ed19e8af6-004,Organized Crime and Legitimate Business,,needs_web_search,,https://doi.org/10.4135/9781506305110.n10,OpenAlex; Crossref; Semantic Scholar; DataCite; CORE; Europe PMC; arXiv; Zenodo; HAL; DOAJ; paper/repository resolved,needs_web_search,1,Semantic Scholar:upstream_429; CORE:upstream_429,2026-09-14,No abstract text detected by the bulk zero-cost cascade; retain for per-paper free web/assisted search.
CAND-ACADEMIC-2026-09-14-EXTRA-185ed19e8af6-009,Racketeer Influenced and Corrupt Organizations: Distinguishing the “Enterprise” Issues,,available,OpenAlex,https://openscholarship.wustl.edu/law_lawreview/vol59/iss4/10,OpenAlex; Crossref; Semantic Scholar; DataCite; CORE; Europe PMC; arXiv; Zenodo; HAL; DOAJ,title_year,1,Semantic Scholar:upstream_429; CORE:upstream_429; arXiv:upstream_503,2026-09-14,Abstract text detected by the zero-cost cascade; text is intentionally not persisted.
CAND-ACADEMIC-2026-09-14-EXTRA-4a228cf6ff53-001,Organized Crime in Poland as a field of research and its contemporary situation,,needs_web_search,,,OpenAlex; Crossref; Semantic Scholar; DataCite; CORE; Europe PMC; arXiv; Zenodo; HAL; DOAJ; paper/repository resolved,needs_web_search,0,Semantic Scholar:upstream_429; CORE:upstream_429; arXiv:upstream_429,2026-09-14,No abstract text detected by the bulk zero-cost cascade; retain for per-paper free web/assisted search.
CAND-ACADEMIC-2026-09-14-EXTRA-632dc0bcd186-001,Criminal Networks in EU Ports: Risks and challenges for Law Enforcement,,needs_web_search,,https://www.europol.europa.eu/cms/sites/default/files/documents/Europol_Joint-report_Criminal%20networks%20in%20EU%20ports_Public_version.pdf,governed PDF; OpenAlex; Crossref; Semantic Scholar; DataCite; CORE; Europe PMC; arXiv; Zenodo; HAL; DOAJ; paper/repository resolved,needs_web_search,0,PDF:no_explicit_abstract:www.europol.europa.eu; Semantic Scholar:upstream_429; CORE:upstream_429; arXiv:upstream_429,2026-09-14,No abstract text detected by the bulk zero-cost cascade; retain for per-paper free web/assisted search.
CAND-ACADEMIC-2026-09-14-EXTRA-632dc0bcd186-002,The fight against agribusiness crime and the regeneration of agricultural land confiscated from organised crime groups in Italy,10.4000/belgeo.58516,available,OpenAlex,https://doi.org/10.4000/belgeo.58516,OpenAlex; Crossref; Semantic Scholar; DataCite; CORE; Europe PMC; OpenCitations Meta; arXiv; Zenodo; HAL; DOAJ,doi,1,Semantic Scholar:upstream_429; CORE:upstream_429; arXiv:upstream_429,2026-09-14,Abstract text detected by the zero-cost cascade; text is intentionally not persisted.
CAND-ACADEMIC-2026-09-14-EXTRA-632dc0bcd186-003,A national study of crime in the Australian fishing industry,,needs_web_search,,https://www.aic.gov.au/sites/default/files/2020-05/rpp076.pdf,governed PDF; OpenAlex; Crossref; Semantic Scholar; DataCite; CORE; Europe PMC; arXiv; Zenodo; HAL; DOAJ; paper/repository resolved,needs_web_search,0,PDF:no_explicit_abstract:www.aic.gov.au; Semantic Scholar:upstream_429; CORE:upstream_429; arXiv:upstream_429,2026-09-14,No abstract text detected by the bulk zero-cost cascade; retain for per-paper free web/assisted search.
CAND-ACADEMIC-2026-09-14-EXTRA-7f70be396631-001,The Socio-Legal Construction of Organised Crime in Romania,,needs_web_search,,,OpenAlex; Crossref; Semantic Scholar; DataCite; CORE; Europe PMC; arXiv; Zenodo; HAL; DOAJ; paper/repository resolved,needs_web_search,0,Semantic Scholar:upstream_429; CORE:upstream_429; arXiv:upstream_429,2026-09-14,No abstract text detected by the bulk zero-cost cascade; retain for per-paper free web/assisted search.
CAND-ACADEMIC-2026-09-14-EXTRA-8b3f2d6a91c4-001,Blowing in the Wind: The Infiltration of Sicilian Mafia in the Wind Power Business,,available,green.unibocconi.eu PDF,https://green.unibocconi.eu/sites/default/files/media/attach/GREEN_wp04.pdf,governed PDF,resolved_pdf,1,,2026-09-14,Abstract text detected by the zero-cost cascade; text is intentionally not persisted.
CAND-ACADEMIC-2026-09-14-EXTRA-8b3f2d6a91c4-002,Waste and organized crime in regional environments: How waste tariffs and the mafia affect waste management and disposal,,available,ScienceDirect final publisher abstract located with Parallel Search,https://www.sciencedirect.com/science/article/abs/pii/S0928765515000299,curator verified abstract source,verified_abstract_source,1,,2026-09-14,Previously verified abstract availability reused within the 30-day zero-cost cache; abstract text remains unpersisted.
CAND-ACADEMIC-2026-09-14-EXTRA-8b3f2d6a91c4-003,Future involvement of organised crime in energy supply: Scenarios to 2020,,needs_web_search,,,OpenAlex; Crossref; Semantic Scholar; DataCite; CORE; Europe PMC; arXiv; Zenodo; HAL; DOAJ; paper/repository resolved,needs_web_search,0,Semantic Scholar:upstream_429; CORE:upstream_500; arXiv:upstream_429,2026-09-14,No abstract text detected by the bulk zero-cost cascade; retain for per-paper free web/assisted search.
CAND-ACADEMIC-2026-09-14-EXTRA-8b3f2d6a91c4-004,The use of regulatory regimes to prevent the infiltration of organised crime groups into lawful occupations and industries,,needs_web_search,,,OpenAlex; Crossref; Semantic Scholar; DataCite; CORE; Europe PMC; arXiv; Zenodo; HAL; DOAJ; paper/repository resolved,needs_web_search,0,Semantic Scholar:upstream_429; CORE:upstream_429; arXiv:upstream_429,2026-09-14,No abstract text detected by the bulk zero-cost cascade; retain for per-paper free web/assisted search.
CAND-ACADEMIC-2026-09-14-EXTRA-951a8ec0de3a-001,"Profit, or power? Towards a construction of organized crime in Czech policy",10.1016/j.ijlcj.2021.100489,needs_web_search,,https://doi.org/10.1016/j.ijlcj.2021.100489,OpenAlex; Crossref; Semantic Scholar; DataCite; CORE; Europe PMC; OpenCitations Meta; arXiv; Zenodo; HAL; DOAJ; paper/repository resolved,needs_web_search,1,Semantic Scholar:upstream_429; CORE:upstream_429; arXiv:upstream_429,2026-09-14,No abstract text detected by the bulk zero-cost cascade; retain for per-paper free web/assisted search.
CAND-ACADEMIC-2026-09-14-EXTRA-951a8ec0de3a-002,Abusive Labor Practices Used by Organized Crime in the Construction Industry in New York City,,needs_web_search,,,OpenAlex; Crossref; Semantic Scholar; DataCite; CORE; Europe PMC; arXiv; Zenodo; HAL; DOAJ; paper/repository resolved,needs_web_search,0,OpenAlex:upstream_429; Semantic Scholar:upstream_429; CORE:upstream_429; arXiv:upstream_429,2026-09-14,No abstract text detected by the bulk zero-cost cascade; retain for per-paper free web/assisted search.
CAND-ACADEMIC-2026-09-14-EXTRA-962e7c8b450c-001,ORGANISED CRIME: A growing threat to democracy,,needs_web_search,,,OpenAlex; Crossref; Semantic Scholar; DataCite; CORE; Europe PMC; arXiv; Zenodo; HAL; DOAJ; paper/repository resolved,needs_web_search,0,OpenAlex:upstream_429; Semantic Scholar:upstream_429; CORE:upstream_429; arXiv:upstream_429,2026-09-14,No abstract text detected by the bulk zero-cost cascade; retain for per-paper free web/assisted search.
CAND-ACADEMIC-2026-09-14-EXTRA-962e7c8b450c-002,Report on Organized Crime and the Legal Economy,,needs_web_search,,,OpenAlex; Crossref; Semantic Scholar; DataCite; CORE; Europe PMC; arXiv; Zenodo; HAL; DOAJ; paper/repository resolved,needs_web_search,0,OpenAlex:upstream_429; Semantic Scholar:upstream_429; CORE:upstream_429; arXiv:upstream_429,2026-09-14,No abstract text detected by the bulk zero-cost cascade; retain for per-paper free web/assisted search.
CAND-ACADEMIC-2026-09-14-EXTRA-a6b4145d08dd-001,Food Crime: Deterrence of a Potential Money Laundering Typology Through Blockchain and Generative Artificial Intelligence (Gen AI),10.1007/s10610-025-09641-0,available,OpenAlex,https://doi.org/10.1007/s10610-025-09641-0,OpenAlex; Crossref; Semantic Scholar; DataCite; CORE; Europe PMC; OpenCitations Meta; arXiv; Zenodo; HAL; DOAJ,doi,1,Semantic Scholar:upstream_429; CORE:upstream_429; arXiv:upstream_429,2026-09-14,Abstract text detected by the zero-cost cascade; text is intentionally not persisted.
CAND-ACADEMIC-2026-09-14-EXTRA-a6b4145d08dd-002,Organized Crime in the Agri-Food Industry,10.4324/9781003198635-12,available,University of Hull institutional repository abstract located with Parallel Search,https://hull-repository.worktribe.com/output/3945326/organized-crime-in-the-agri-food-industry,curator verified abstract source,verified_abstract_source,1,,2026-09-14,Previously verified abstract availability reused within the 30-day zero-cost cache; abstract text remains unpersisted.
CAND-ACADEMIC-2026-09-14-EXTRA-a6b4145d08dd-003,From Cocaine to Avocados: Criminal Market Expansion and Violence,,available,Crossref,https://doi.org/10.1017/s0020818325100763,OpenAlex; Crossref; Semantic Scholar; DataCite; CORE; Europe PMC; arXiv; Zenodo; HAL; DOAJ,title_year,1,OpenAlex:upstream_429; Semantic Scholar:upstream_429; CORE:upstream_429; arXiv:upstream_429,2026-09-14,Abstract text detected by the zero-cost cascade; text is intentionally not persisted.
CAND-ACADEMIC-2026-09-14-EXTRA-a6b4145d08dd-004,Cash in the Trash,,needs_web_search,,https://www.unodc.org/documents/bmb/environmental-crime/FINAL_for_printing_-_Cash_in_the_Trash.pdf,governed PDF; OpenAlex; Crossref; Semantic Scholar; DataCite; CORE; Europe PMC; arXiv; Zenodo; HAL; DOAJ; paper/repository resolved,needs_web_search,0,PDF:no_explicit_abstract:www.unodc.org; OpenAlex:upstream_429; Semantic Scholar:upstream_429; CORE:upstream_429; arXiv:upstream_429,2026-09-14,No abstract text detected by the bulk zero-cost cascade; retain for per-paper free web/assisted search.
CAND-ACADEMIC-2026-09-14-EXTRA-a6b4145d08dd-005,A Script Analysis of Organized Crime in the Swedish Construction Industry,,needs_web_search,,https://www.diva-portal.org/smash/get/diva2:1544272/FULLTEXT02,OpenAlex; Crossref; Semantic Scholar; DataCite; CORE; Europe PMC; arXiv; Zenodo; HAL; DOAJ; paper/repository resolved,needs_web_search,0,OpenAlex:upstream_429; Semantic Scholar:upstream_429; CORE:upstream_429; arXiv:upstream_429,2026-09-14,No abstract text detected by the bulk zero-cost cascade; retain for per-paper free web/assisted search.
CAND-ACADEMIC-2026-09-14-EXTRA-a6b4145d08dd-006,Prevention of Organized Crime in Denmark and Sweden,,needs_web_search,,https://doi.org/10.6027/temanord2025-530,governed PDF; OpenAlex; Crossref; Semantic Scholar; DataCite; CORE; Europe PMC; arXiv; Zenodo; HAL; DOAJ; paper/repository resolved,needs_web_search,1,PDF:no_explicit_abstract:pub.norden.org; OpenAlex:upstream_429; Semantic Scholar:upstream_429; CORE:upstream_429; arXiv:upstream_429,2026-09-14,No abstract text detected by the bulk zero-cost cascade; retain for per-paper free web/assisted search.
CAND-ACADEMIC-2026-09-14-EXTRA-bc96956790e3-001,"Casinos, Money Laundering, Underground Banking, and Transnational Organized Crime in East and Southeast Asia: A Hidden and Accelerating Threat",,needs_web_search,,https://www.unodc.org/roseap/uploads/documents/Publications/2024/Casino_Underground_Banking_Report_2024.pdf,governed PDF; OpenAlex; Crossref; Semantic Scholar; DataCite; CORE; Europe PMC; arXiv; Zenodo; HAL; DOAJ; paper/repository resolved,needs_web_search,0,PDF:pdf_too_large; OpenAlex:upstream_429; Semantic Scholar:upstream_429; CORE:upstream_429; arXiv:upstream_503,2026-09-14,No abstract text detected by the bulk zero-cost cascade; retain for per-paper free web/assisted search.
CAND-ACADEMIC-2026-09-14-EXTRA-eafcc7998720-001,Health Care Fraud - A Rising Threat,,needs_web_search,,https://www.ojp.gov/pdffiles1/Digitization/82661NCJRS.pdf,governed PDF; OpenAlex; Crossref; Semantic Scholar; DataCite; CORE; Europe PMC; arXiv; Zenodo; HAL; DOAJ; paper/repository resolved,needs_web_search,0,PDF:no_explicit_abstract:www.ojp.gov; OpenAlex:upstream_429; Semantic Scholar:upstream_429; CORE:upstream_429; arXiv:upstream_429,2026-09-14,No abstract text detected by the bulk zero-cost cascade; retain for per-paper free web/assisted search.
