candidate_id,title,doi,resolution_status,best_url,best_url_kind,full_text_url,open_access_url,landing_url,doi_url,source_urls,resolved_doi,resolution_sources,match_method,match_confidence,checked_at,notes
CAND-ACADEMIC-2026-09-08-EXTRA-a6caf5d7567b-001,The Economic Effects of Mafia: Firm Level Evidence,10.1257/aer.20201015,full_text,https://pubs.aeaweb.org/doi/pdf/10.1257/aer.20201015,full_text,https://pubs.aeaweb.org/doi/pdf/10.1257/aer.20201015,,https://doi.org/10.1257/aer.20201015,https://doi.org/10.1257/aer.20201015,https://ideas.repec.org/a/aea/aecrev/v112y2022i8p2748-73.html,10.1257/aer.20201015,OpenAlex; Crossref,OpenAlex:doi; Crossref:doi,high,2026-09-08,Unpaywall:not_configured
CAND-ACADEMIC-2026-09-08-EXTRA-a6caf5d7567b-002,The Economic Impact of Organized Crime Infiltration in the Legal Economy: Evidence from the Judicial Administration of Organized Crime Firms,10.1007/s40797-020-00128-x,full_text,https://docs.iza.org/dp13028.pdf,full_text,https://docs.iza.org/dp13028.pdf,,http://link.springer.com/10.1007/s40797-020-00128-x,https://doi.org/10.1007/s40797-020-00128-x,https://docs.iza.org/dp13028.pdf; https://doi.org/10.1007/s40797-020-00128-x,10.1007/s40797-020-00128-x,OpenAlex; Crossref,OpenAlex:doi; Crossref:doi,high,2026-09-13,Unpaywall:not_configured
CAND-ACADEMIC-2026-09-08-EXTRA-a6caf5d7567b-003,Mafias and Firms,,full_text,https://www.econstor.eu/bitstream/10419/295916/1/dp16893.pdf,full_text,https://www.econstor.eu/bitstream/10419/295916/1/dp16893.pdf,https://hdl.handle.net/10419/295916,https://ideas.repec.org/p/cpr/ceprdp/18982.html,https://doi.org/10.31235/osf.io/sr6ep_v1,https://hdl.handle.net/10419/296132; https://papers.ssrn.com/sol3/papers.cfm?abstract_id=4793899; https://www.econstor.eu/bitstream/10419/295916/1/dp16893.pdf; https://ideas.repec.org/p/cpr/ceprdp/18982.html,10.31235/osf.io/sr6ep_v1,OpenAlex; Crossref; EconStor via Parallel Search,OpenAlex:title_year; Crossref:title_year; Parallel Search:exact_title_authors_year; EconStor:repository_pdf,high,2026-09-12,Parallel Search selected-paper OA lane: exact 2024 title/authors matched the EconStor IZA DP 16893 full-text manifestation; existing OSF DOI/version relation retained; no canonical merge.
CAND-ACADEMIC-2026-09-08-EXTRA-a6caf5d7567b-004,Mafia Infiltration and Ownership Dynamics in Italian Companies Amidst,,full_text,https://www.aiel.it/Files/Administrator/Submissions/Documents/submission638500802500193978.pdf,full_text,https://www.aiel.it/Files/Administrator/Submissions/Documents/submission638500802500193978.pdf,,,,https://www.aiel.it/Files/Administrator/Submissions/Documents/submission638500802500193978.pdf,,,source_only,low,2026-09-08,Unpaywall:not_configured
CAND-ACADEMIC-2026-09-08-EXTRA-a6caf5d7567b-005,Accounting for Crime: Detecting Mafia-connected Firms Using Machine Learning,,full_text,https://papers.ssrn.com/sol3/Delivery.cfm/4912709.pdf?abstractid=4912709&mirid=1,full_text,https://papers.ssrn.com/sol3/Delivery.cfm/4912709.pdf?abstractid=4912709&mirid=1,https://papers.ssrn.com/sol3/papers.cfm?abstract_id=4912709,https://papers.ssrn.com/sol3/papers.cfm?abstract_id=4912709,https://doi.org/10.2139/ssrn.4912709,https://papers.ssrn.com/sol3/papers.cfm?abstract_id=4912709; https://papers.ssrn.com/sol3/Delivery.cfm/4912709.pdf?abstractid=4912709&mirid=1,10.2139/ssrn.4912709,OpenAlex; SSRN via Parallel Search,OpenAlex:title_year; Parallel Search:exact_title_authors; SSRN:direct_pdf,high,2026-09-12,"Parallel Search selected-paper OA lane: exact SSRN title/authors and DOI matched; direct 50-page PDF located (posted 2024-08-13, revised 2025-04-10); no canonical merge."
CAND-ACADEMIC-2026-09-08-EXTRA-a6caf5d7567b-006,"Anti‐Mafia Police Actions, Criminal Firms, and Peer Firm Tax Avoidance",10.1111/1475-679x.12455,full_text,https://onlinelibrary.wiley.com/doi/pdfdirect/10.1111/1475-679X.12455,full_text,https://onlinelibrary.wiley.com/doi/pdfdirect/10.1111/1475-679X.12455,https://hdl.handle.net/11577/3452446,https://eprints.lancs.ac.uk/id/eprint/174036/,https://doi.org/10.1111/1475-679x.12455,https://doi.org/10.1111/1475-679x.12455,10.1111/1475-679x.12455,OpenAlex; Crossref,OpenAlex:doi; Crossref:doi,high,2026-09-08,Unpaywall:not_configured
CAND-ACADEMIC-2026-09-08-EXTRA-a6caf5d7567b-007,The mafia influence in the business context: Infiltration of criminal firms in the public procurement market,10.1007/s10997-026-09789-9,full_text,https://link.springer.com/content/pdf/10.1007/s10997-026-09789-9.pdf,full_text,https://link.springer.com/content/pdf/10.1007/s10997-026-09789-9.pdf,https://link.springer.com/article/10.1007/s10997-026-09789-9?utm_source=rct_congratemailt&utm_medium=email&utm_campaign=oa_20260422&utm_content=10.1007/s10997-026-09789-9,,https://doi.org/10.1007/s10997-026-09789-9,https://doi.org/10.1007/s10997-026-09789-9,10.1007/s10997-026-09789-9,OpenAlex; Crossref,OpenAlex:doi; Crossref:doi,high,2026-09-08,Unpaywall:not_configured
CAND-ACADEMIC-2026-09-08-EXTRA-a6caf5d7567b-008,"Organized Crime, Public Procurement and Firms",,full_text,https://elena-stella.com/papers/stella_jmp.pdf,full_text,https://elena-stella.com/papers/stella_jmp.pdf,,,,https://elena-stella.com/papers/stella_jmp.pdf,,,source_only,low,2026-09-08,Unpaywall:not_configured
CAND-ACADEMIC-2026-09-08-EXTRA-a6caf5d7567b-009,The extra‐legal governance of corruption: Tracing the organization of corruption in public procurement,10.1111/gove.12648,full_text,https://onlinelibrary.wiley.com/doi/pdfdirect/10.1111/gove.12648,full_text,https://onlinelibrary.wiley.com/doi/pdfdirect/10.1111/gove.12648,http://hdl.handle.net/11568/1111029,https://hdl.handle.net/20.500.14018/27106,https://doi.org/10.1111/gove.12648,https://doi.org/10.1111/gove.12648,10.1111/gove.12648,OpenAlex; Crossref,OpenAlex:doi; Crossref:doi,high,2026-09-08,Unpaywall:not_configured
CAND-ACADEMIC-2026-09-08-EXTRA-a6caf5d7567b-010,Threshold of shadows: Unveiling organised crime in Italian municipal public procurement,10.1016/j.ejpoleco.2025.102752,full_text,https://api.elsevier.com/content/article/PII:S0176268025001120?httpAccept=text/plain,full_text,https://api.elsevier.com/content/article/PII:S0176268025001120?httpAccept=text/plain,,,https://doi.org/10.1016/j.ejpoleco.2025.102752,https://doi.org/10.1016/j.ejpoleco.2025.102752,10.1016/j.ejpoleco.2025.102752,OpenAlex; Crossref,OpenAlex:doi; Crossref:doi,high,2026-09-08,Unpaywall:not_configured
CAND-ACADEMIC-2026-09-08-EXTRA-a6caf5d7567b-011,Mafia and bricks: unfair competition in local markets and policy interventions,10.1007/s11187-019-00250-w,full_text,https://link.springer.com/article/10.1007/s11187-019-00250-w/fulltext.html,full_text,https://link.springer.com/article/10.1007/s11187-019-00250-w/fulltext.html,,http://link.springer.com/10.1007/s11187-019-00250-w,https://doi.org/10.1007/s11187-019-00250-w,https://link.springer.com/article/10.1007/s11187-019-00250-w,10.1007/s11187-019-00250-w,OpenAlex; Crossref,OpenAlex:doi; Crossref:doi,high,2026-09-08,Unpaywall:not_configured
CAND-ACADEMIC-2026-09-08-EXTRA-a6caf5d7567b-012,"How Mafias Migrate: Transplantation, Functional Diversification, and Separation",10.1086/708870,full_text,https://www.journals.uchicago.edu/doi/pdf/10.1086/708870,full_text,https://www.journals.uchicago.edu/doi/pdf/10.1086/708870,,https://ora.ox.ac.uk/objects/uuid:09256201-471a-4209-9128-b2af066b397a,https://doi.org/10.1086/708870,https://doi.org/10.1086/708870,10.1086/708870,OpenAlex; Crossref,OpenAlex:doi; Crossref:doi,high,2026-09-08,Unpaywall:not_configured
CAND-ACADEMIC-2026-09-08-EXTRA-a6caf5d7567b-013,Bricks or cooks? Geographical and social determinants of the investment choices of mafia-type organized crime,10.1177/17488958241293927,full_text,https://journals.sagepub.com/doi/full-xml/10.1177/17488958241293927,full_text,https://journals.sagepub.com/doi/full-xml/10.1177/17488958241293927,,,https://doi.org/10.1177/17488958241293927,https://doi.org/10.1177/17488958241293927,10.1177/17488958241293927,OpenAlex; Crossref,OpenAlex:doi; Crossref:doi,high,2026-09-08,Unpaywall:not_configured
CAND-ACADEMIC-2026-09-08-EXTRA-a6caf5d7567b-014,Understanding and Detecting Criminal Firms,,full_text,https://core.ac.uk/download/576931876.pdf,full_text,https://core.ac.uk/download/576931876.pdf,,,,https://hdl.handle.net/11577/3478856; https://core.ac.uk/download/576931876.pdf,,Curator verified full text,source_only; reading_aid_override:full_text_intro,high,2026-09-12,"Unpaywall:not_configured; Curator-verified full-text locator synchronised from reading_aid_overrides.json; retrieval only, with no eligibility or canonicalisation decision.; Curator-verified full-text locator synchronised from reading_aid_overrides.json; retrieval only, with no eligibility or canonicalisation decision.; Curator-verified full-text locator synchronised from reading_aid_overrides.json; retrieval only, with no eligibility or canonicalisation decision.; Curator-verified full-text locator synchronised from reading_aid_overrides.json; retrieval only, with no eligibility or canonicalisation decision.; Curator-verified full-text locator synchronised from reading_aid_overrides.json; retrieval only, with no eligibility or canonicalisation decision.; Curator-verified full-text locator synchronised from reading_aid_overrides.json; retrieval only, with no eligibility or canonicalisation decision.; Curator-verified full-text locator synchronised from reading_aid_overrides.json; retrieval only, with no eligibility or canonicalisation decision.; Curator-verified full-text locator synchronised from reading_aid_overrides.json; retrieval only, with no eligibility or canonicalisation decision.; Curator-verified full-text locator synchronised from reading_aid_overrides.json; retrieval only, with no eligibility or canonicalisation decision.; Curator-verified full-text locator synchronised from reading_aid_overrides.json; retrieval only, with no eligibility or canonicalisation decision.; Curator-verified full-text locator synchronised from reading_aid_overrides.json; retrieval only, with no eligibility or canonicalisation decision.; Curator-verified full-text locator synchronised from reading_aid_overrides.json; retrieval only, with no eligibility or canonicalisation decision."
CAND-ACADEMIC-2026-09-08-EXTRA-a6caf5d7567b-015,A machine learning approach for the detection of firms linked to organised crime in Italy,,full_text,https://uif.bancaditalia.it/pubblicazioni/quaderni/2024/quaderno-22-2024/quaderno-22-2024.pdf,full_text,https://uif.bancaditalia.it/pubblicazioni/quaderni/2024/quaderno-22-2024/quaderno-22-2024.pdf,,,,https://uif.bancaditalia.it/pubblicazioni/quaderni/2024/quaderno-22-2024/quaderno-22-2024.pdf,,,source_only,low,2026-09-08,Unpaywall:not_configured
CAND-ACADEMIC-2026-09-08-EXTRA-a6caf5d7567b-016,Evaluating risks-based communities of Mafia companies: a complex networks perspective,10.1007/s11156-021-00984-3,full_text,https://iris.uniroma1.it/bitstream/11573/1542906/1/RQFA_CastellanoFranceschetti2021.pdf,full_text,https://iris.uniroma1.it/bitstream/11573/1542906/1/RQFA_CastellanoFranceschetti2021.pdf,http://hdl.handle.net/11393/284008,http://link.springer.com/10.1007/s11156-021-00984-3,https://doi.org/10.1007/s11156-021-00984-3,https://doi.org/10.1007/s11156-021-00984-3,10.1007/s11156-021-00984-3,OpenAlex; Crossref,OpenAlex:doi; Crossref:doi,high,2026-09-08,Unpaywall:not_configured
CAND-ACADEMIC-2026-09-08-EXTRA-a6caf5d7567b-017,"Oltre le mafie imprenditrici, oltre l’Italia: una mappatura dei fattori di rischio di infiltrazione della criminalità organizzata nelle imprese in Europa",10.13130/cross-11822,full_text,https://riviste.unimi.it/index.php/cross/article/download/5/pdf/35200,full_text,https://riviste.unimi.it/index.php/cross/article/download/5/pdf/35200,https://doaj.org/article/314d46f8a6b54a89986608e706cc6a65,,https://doi.org/10.13130/cross-11822,https://doi.org/10.13130/cross-11822; https://publicatt.unicatt.it/handle/10807/223768; https://riviste.unimi.it/index.php/cross/article/download/5/pdf/35200,10.13130/cross-11822,OpenAlex; Curator verified full text,OpenAlex:doi; reading_aid_override:full_text_intro,high,2026-09-13,"Unpaywall:not_configured; Curator-verified full-text locator synchronised from reading_aid_overrides.json; retrieval only, with no eligibility or canonicalisation decision.; Curator-verified full-text locator synchronised from reading_aid_overrides.json; retrieval only, with no eligibility or canonicalisation decision.; Curator-verified full-text locator synchronised from reading_aid_overrides.json; retrieval only, with no eligibility or canonicalisation decision.; Curator-verified full-text locator synchronised from reading_aid_overrides.json; retrieval only, with no eligibility or canonicalisation decision.; Curator-verified full-text locator synchronised from reading_aid_overrides.json; retrieval only, with no eligibility or canonicalisation decision.; Curator-verified full-text locator synchronised from reading_aid_overrides.json; retrieval only, with no eligibility or canonicalisation decision."
CAND-ACADEMIC-2026-09-08-EXTRA-a6caf5d7567b-018,/’impatto di corruzione e ma¿a suJli appalti puEElici un’esplorazione empirica,,full_text,https://publicatt.unicatt.it/retrieve/handle/10807/117902/191792/Milani%20et%20al%202018%20L%27impatto%20di%20corruzione%20e%20mafia%20sugli%20appalti%20pubblici.pdf,full_text,https://publicatt.unicatt.it/retrieve/handle/10807/117902/191792/Milani%20et%20al%202018%20L%27impatto%20di%20corruzione%20e%20mafia%20sugli%20appalti%20pubblici.pdf,,,,https://publicatt.unicatt.it/retrieve/handle/10807/117902/191792/Milani%20et%20al%202018%20L%27impatto%20di%20corruzione%20e%20mafia%20sugli%20appalti%20pubblici.pdf,,,source_only,low,2026-09-08,Unpaywall:not_configured
CAND-ACADEMIC-2026-09-08-EXTRA-a6caf5d7567b-019,"Regulatory certification, informal governance, and productivity under weak state capacity",10.1007/s10101-026-00388-w,full_text,https://link.springer.com/content/pdf/10.1007/s10101-026-00388-w.pdf,full_text,https://link.springer.com/content/pdf/10.1007/s10101-026-00388-w.pdf,https://doi.org/10.1007/s10101-026-00388-w,,https://doi.org/10.1007/s10101-026-00388-w,https://link.springer.com/article/10.1007/s10101-026-00388-w,10.1007/s10101-026-00388-w,OpenAlex; Crossref,OpenAlex:doi; Crossref:doi,high,2026-09-08,Unpaywall:not_configured
CAND-ACADEMIC-2026-09-08-EXTRA-a6caf5d7567b-020,Mafia Infiltration and Ownership Dynamics in Italian Companies during Covid-19,,full_text,https://www.csef.it/WP/wp750.pdf,full_text,https://www.csef.it/WP/wp750.pdf,,,,https://www.csef.it/WP/wp750.pdf,,,source_only,low,2026-09-08,Unpaywall:not_configured
CAND-ACADEMIC-2026-09-09-001,Mafia infiltrations in times of crisis: Evidence from the Covid-19 shock,,full_text,https://ifs.org.uk/sites/default/files/2023-10/WP202328-Mafia-infiltrations-in-times-of-crisis-Evidence-from-the-Covid-19-shock-1_0.pdf,full_text,https://ifs.org.uk/sites/default/files/2023-10/WP202328-Mafia-infiltrations-in-times-of-crisis-Evidence-from-the-Covid-19-shock-1_0.pdf,http://dx.doi.org/10.1920/wp/ifs.2023.2823,http://hdl.handle.net/10419/284254,https://doi.org/10.1920/wp/ifs.2023.2823,https://ideas.repec.org/p/ifs/ifsewp/23-28.html; https://www.bancaditalia.it/pubblicazioni/temi-discussione/2025/2025-1502/index.html?com.dotmarketing.htmlpage.language=1; https://ifs.org.uk/sites/default/files/2023-10/WP202328-Mafia-infiltrations-in-times-of-crisis-Evidence-from-the-Covid-19-shock-1_0.pdf,10.1920/wp/ifs.2023.2823,OpenAlex; Crossref; Curator verified full text,OpenAlex:title_year; Crossref:title_year; reading_aid_override:full_text_intro,high,2026-09-12,"Unpaywall:not_configured; Curator-verified full-text locator synchronised from reading_aid_overrides.json; retrieval only, with no eligibility or canonicalisation decision.; Curator-verified full-text locator synchronised from reading_aid_overrides.json; retrieval only, with no eligibility or canonicalisation decision.; Curator-verified full-text locator synchronised from reading_aid_overrides.json; retrieval only, with no eligibility or canonicalisation decision.; Curator-verified full-text locator synchronised from reading_aid_overrides.json; retrieval only, with no eligibility or canonicalisation decision.; Curator-verified full-text locator synchronised from reading_aid_overrides.json; retrieval only, with no eligibility or canonicalisation decision.; Curator-verified full-text locator synchronised from reading_aid_overrides.json; retrieval only, with no eligibility or canonicalisation decision.; Curator-verified full-text locator synchronised from reading_aid_overrides.json; retrieval only, with no eligibility or canonicalisation decision.; Curator-verified full-text locator synchronised from reading_aid_overrides.json; retrieval only, with no eligibility or canonicalisation decision.; Curator-verified full-text locator synchronised from reading_aid_overrides.json; retrieval only, with no eligibility or canonicalisation decision.; Curator-verified full-text locator synchronised from reading_aid_overrides.json; retrieval only, with no eligibility or canonicalisation decision.; Curator-verified full-text locator synchronised from reading_aid_overrides.json; retrieval only, with no eligibility or canonicalisation decision.; Curator-verified full-text locator synchronised from reading_aid_overrides.json; retrieval only, with no eligibility or canonicalisation decision."
CAND-ACADEMIC-2026-09-09-002,Money laundering through the strategic management of accounting transactions,10.1016/j.cpa.2018.08.003,full_text,https://api.elsevier.com/content/article/PII:S1045235418302612?httpAccept=text/plain,full_text,https://api.elsevier.com/content/article/PII:S1045235418302612?httpAccept=text/plain,http://hdl.handle.net/2445/132582,http://www.sciencedirect.com/science/article/pii/S1045235418302612,https://doi.org/10.1016/j.cpa.2018.08.003,https://www.sciencedirect.com/science/article/pii/S1045235418302612; https://portalrecerca.csuc.cat/article/doi/10.1016/j.cpa.2018.08.003,10.1016/j.cpa.2018.08.003,OpenAlex; Crossref,OpenAlex:doi; Crossref:doi,high,2026-09-09,Unpaywall:not_configured
CAND-ACADEMIC-2026-09-09-003,Financial crime risk assessment: machine learning insights into ownership structures in secrecy firms,10.1080/17440572.2024.2402848,full_text,https://www.tandfonline.com/doi/pdf/10.1080/17440572.2024.2402848,full_text,https://www.tandfonline.com/doi/pdf/10.1080/17440572.2024.2402848,,http://hdl.handle.net/10.1080/17440572.2024.2402848,https://doi.org/10.1080/17440572.2024.2402848,https://doi.org/10.1080/17440572.2024.2402848,10.1080/17440572.2024.2402848,OpenAlex; Crossref,OpenAlex:doi; Crossref:doi,high,2026-09-09,Unpaywall:not_configured
CAND-ACADEMIC-2026-09-09-004,Organized Crime and Firms' Financial Statements: Evidence from Criminal Investigations in Italy,10.2308/tar-2019-0079,full_text,https://publications.aaahq.org/accounting-review/article-pdf/97/3/77/41516/i1558-7967-97-3-77.pdf,full_text,https://publications.aaahq.org/accounting-review/article-pdf/97/3/77/41516/i1558-7967-97-3-77.pdf,,,https://doi.org/10.2308/tar-2019-0079,https://papers.ssrn.com/sol3/papers.cfm?abstract_id=3031747; https://doi.org/10.2308/tar-2019-0079,10.2308/tar-2019-0079,OpenAlex; Crossref,OpenAlex:doi; Crossref:doi,high,2026-09-09,Unpaywall:not_configured
CAND-ACADEMIC-2026-09-09-005,Organized Crime and Firms: Evidence from Antimafia Enforcement Actions,10.1287/mnsc.2021.00859,full_text,https://pubsonline.informs.org/doi/pdf/10.1287/mnsc.2021.00859,full_text,https://pubsonline.informs.org/doi/pdf/10.1287/mnsc.2021.00859,,http://doi.org/10.1287/mnsc.2021.00859,https://doi.org/10.1287/mnsc.2021.00859,https://ideas.repec.org/a/inm/ormnsc/v70y2024i10p6569-6596.html; https://doi.org/10.1287/mnsc.2021.00859,10.1287/mnsc.2021.00859,OpenAlex; Crossref,OpenAlex:doi; Crossref:doi,high,2026-09-09,Unpaywall:not_configured
CAND-ACADEMIC-2026-09-09-006,The effects of mafia infiltration on public procurement performance,10.1016/j.ejpoleco.2020.101923,full_text,https://diposit.ub.edu/dspace/bitstream/2445/170238/1/702910.pdf,full_text,https://diposit.ub.edu/dspace/bitstream/2445/170238/1/702910.pdf,http://hdl.handle.net/2445/170238,http://www.sciencedirect.com/science/article/pii/S0176268020300719,https://doi.org/10.1016/j.ejpoleco.2020.101923,https://doi.org/10.1016/j.ejpoleco.2020.101923,10.1016/j.ejpoleco.2020.101923,OpenAlex; Crossref,OpenAlex:doi; Crossref:doi,high,2026-09-09,Unpaywall:not_configured
CAND-ACADEMIC-2026-09-09-007,Organized crime behavior of shell-company networks in procurement: prevention insights for policy and reform,10.1007/s12117-023-09499-w,full_text,https://link.springer.com/content/pdf/10.1007/s12117-023-09499-w.pdf,full_text,https://link.springer.com/content/pdf/10.1007/s12117-023-09499-w.pdf,,,https://doi.org/10.1007/s12117-023-09499-w,https://doi.org/10.1007/s12117-023-09499-w; https://arxiv.org/abs/2307.10028,10.1007/s12117-023-09499-w,OpenAlex; Crossref,OpenAlex:doi; Crossref:doi,high,2026-09-09,Unpaywall:not_configured
CAND-ACADEMIC-2026-09-09-008,How Mafias Migrate: The Case of the 'Ndrangheta in Northern Italy,,full_text,http://www.economics.ox.ac.uk/materials/papers/2294/59varese.pdf,full_text,http://www.economics.ox.ac.uk/materials/papers/2294/59varese.pdf,https://papers.ssrn.com/sol3/Delivery.cfm/SSRN_ID900566_code517200.pdf?abstractid=900566&mirid=1&type=2,https://doi.org/10.1111/j.1540-5893.2006.00260.x,https://doi.org/10.1111/j.1540-5893.2006.00260.x,https://www.cambridge.org/core/journals/law-and-society-review/article/how-mafias-migrate-the-case-of-the-ndrangheta-in-northern-italy/83AFB5D62F69AB4E5CDD1027022E2735; https://papers.ssrn.com/sol3/papers.cfm?abstract_id=900566,10.1111/j.1540-5893.2006.00260.x,OpenAlex; Crossref,OpenAlex:title_year; Crossref:title_year,medium,2026-09-09,Unpaywall:not_configured
CAND-ACADEMIC-2026-09-09-009,Migrating mafias,10.1016/j.regsciurbeco.2013.11.005,full_text,https://api.elsevier.com/content/article/PII:S0166046213001099?httpAccept=text/plain,full_text,https://api.elsevier.com/content/article/PII:S0166046213001099?httpAccept=text/plain,,http://hdl.handle.net/10446/29323,https://doi.org/10.1016/j.regsciurbeco.2013.11.005,https://www.sciencedirect.com/science/article/abs/pii/S0166046213001099; https://doi.org/10.1016/j.regsciurbeco.2013.11.005,10.1016/j.regsciurbeco.2013.11.005,OpenAlex; Crossref,OpenAlex:doi; Crossref:doi,high,2026-09-09,Unpaywall:not_configured
CAND-ACADEMIC-2026-09-09-010,Characteristics of Italian firms in the judicial administration: Can financial ratios be red flags of criminal infiltrations?,10.22495/cocv21i3siart10,full_text,https://virtusinterpress.org/IMG/pdf/cocv21i3siart10.pdf,full_text,https://virtusinterpress.org/IMG/pdf/cocv21i3siart10.pdf,,,https://doi.org/10.22495/cocv21i3siart10,https://doi.org/10.22495/cocv21i3siart10,10.22495/cocv21i3siart10,OpenAlex; Crossref,OpenAlex:doi; Crossref:doi,high,2026-09-09,Unpaywall:not_configured
CAND-ACADEMIC-2026-09-09-011,Appalti e corruzione: alcune evidenze sulla penetrazione criminale negli appalti di lavori,,full_text,https://igier.unibocconi.eu/sites/default/files/media/attach/Appalti-Corruzione.pdf,full_text,https://igier.unibocconi.eu/sites/default/files/media/attach/Appalti-Corruzione.pdf,,,,https://igier.unibocconi.eu/sites/default/files/media/attach/Appalti-Corruzione.pdf; https://iris.unibocconi.it/handle/11565/4042583,,,source_only,low,2026-09-09,Unpaywall:not_configured
CAND-ACADEMIC-2026-09-09-012,APPALTI PUBBLICI E CRIMINALITÀ ORGANIZZATA,10.13130/cross-7791,open_access_landing,https://doaj.org/article/3f2008c8b34b4c81a15c730bd3ac30c7,open_access,,https://doaj.org/article/3f2008c8b34b4c81a15c730bd3ac30c7,https://riviste.unimi.it/index.php/cross/article/view/7791,https://doi.org/10.13130/cross-7791,https://riviste.unimi.it/index.php/cross/article/download/7791/7463; https://doi.org/10.13130/cross-7791,10.13130/cross-7791,OpenAlex,OpenAlex:doi,high,2026-09-09,Unpaywall:not_configured
CAND-ACADEMIC-2026-09-09-013,Exploring the Impact of Soft Preventive Judicial Measures on Business Resilience and Performance under Organised Crime Infiltration: Evidence from a Multi Case Analysis,,source_link_only,https://iris.unipa.it/handle/10447/710250,source,,,,,https://iris.unipa.it/handle/10447/710250,,,source_only,low,2026-09-09,Unpaywall:not_configured
CAND-ACADEMIC-2026-09-09-014,A Loan You Can’t Refuse: Credit Rationing and Organized Crime Infiltration of Distressed Firms,,full_text,https://uif.bancaditalia.it/pubblicazioni/quaderni/2025/quaderno-32-2025/QAR-32.pdf,full_text,https://uif.bancaditalia.it/pubblicazioni/quaderni/2025/quaderno-32-2025/QAR-32.pdf,,https://doi.org/10.2139/ssrn.5656561,https://doi.org/10.2139/ssrn.5656561,https://uif.bancaditalia.it/pubblicazioni/quaderni/2025/quaderno-32-2025/index.html?com.dotmarketing.htmlpage.language=1; https://ideas.repec.org/p/ces/ceswps/_12219.html; https://uif.bancaditalia.it/pubblicazioni/quaderni/2025/quaderno-32-2025/QAR-32.pdf,10.2139/ssrn.5656561,Crossref; Curator verified full text,Crossref:title_year; reading_aid_override:full_text_intro,high,2026-09-13,"Unpaywall:not_configured; Curator-verified full-text locator synchronised from reading_aid_overrides.json; retrieval only, with no eligibility or canonicalisation decision.; Curator-verified full-text locator synchronised from reading_aid_overrides.json; retrieval only, with no eligibility or canonicalisation decision.; Curator-verified full-text locator synchronised from reading_aid_overrides.json; retrieval only, with no eligibility or canonicalisation decision.; Curator-verified full-text locator synchronised from reading_aid_overrides.json; retrieval only, with no eligibility or canonicalisation decision.; Curator-verified full-text locator synchronised from reading_aid_overrides.json; retrieval only, with no eligibility or canonicalisation decision.; Curator-verified full-text locator synchronised from reading_aid_overrides.json; retrieval only, with no eligibility or canonicalisation decision.; Curator-verified full-text locator synchronised from reading_aid_overrides.json; retrieval only, with no eligibility or canonicalisation decision.; Curator-verified full-text locator synchronised from reading_aid_overrides.json; retrieval only, with no eligibility or canonicalisation decision."
CAND-ACADEMIC-2026-09-09-EXTRA-24b7a783a9a3-001,The financial profile of firms infiltrated by organised crime in Italy,,full_text,https://uif.bancaditalia.it/pubblicazioni/quaderni/2022/quaderno-17-2022/QAR_17_march_2022.pdf,full_text,https://uif.bancaditalia.it/pubblicazioni/quaderni/2022/quaderno-17-2022/QAR_17_march_2022.pdf,,,,https://uif.bancaditalia.it/pubblicazioni/quaderni/2022/quaderno-17-2022/QAR_17_march_2022.pdf,,,source_only,low,2026-09-09,Unpaywall:not_configured
CAND-ACADEMIC-2026-09-09-EXTRA-24b7a783a9a3-002,IDENTIFYING PATTERNS OF MAFIA MOBILITY: THE PRESENCE OF THE ITALIAN MAFIAS IN EUROPE,,landing_page,http://hdl.handle.net/10280/6118,landing,,,http://hdl.handle.net/10280/6118,,https://publicatt.unicatt.it/handle/10280/6118,,OpenAlex,OpenAlex:title_year,medium,2026-09-09,Unpaywall:not_configured
CAND-ACADEMIC-2026-09-09-EXTRA-24b7a783a9a3-003,The Italian mafias in the world: A systematic assessment of the mobility of criminal groups,10.1177/1477370815623570,full_text,http://epubs.surrey.ac.uk/845127/1/Calderoni%20et%20al.%20%282015%29%20The%20Italian%20mafias%20in%20the%20world_manuscript.pdf,full_text,http://epubs.surrey.ac.uk/845127/1/Calderoni%20et%20al.%20%282015%29%20The%20Italian%20mafias%20in%20the%20world_manuscript.pdf,http://hdl.handle.net/10807/70011,https://orca.cardiff.ac.uk/id/eprint/88460/,https://doi.org/10.1177/1477370815623570,https://doi.org/10.1177/1477370815623570,10.1177/1477370815623570,OpenAlex; Crossref,OpenAlex:doi; Crossref:doi,high,2026-09-09,Unpaywall:not_configured
CAND-ACADEMIC-2026-09-09-EXTRA-24b7a783a9a3-004,Understanding criminal mobility: The case of the Neapolitan Camorra,10.1080/1354571x.2014.962257,full_text,https://purehost.bath.ac.uk/ws/portalfiles/portal/122463450/Functionalmobility.pdf,full_text,https://purehost.bath.ac.uk/ws/portalfiles/portal/122463450/Functionalmobility.pdf,https://researchportal.bath.ac.uk/en/publications/3f96d041-c992-4d36-bcf7-cf8efa749546,http://www.scopus.com/inward/record.url?scp=84920036359&partnerID=8YFLogxK,https://doi.org/10.1080/1354571x.2014.962257,https://purehost.bath.ac.uk/ws/portalfiles/portal/122463450/Functionalmobility.pdf; https://doi.org/10.1080/1354571X.2014.962257,10.1080/1354571x.2014.962257,OpenAlex; Crossref,OpenAlex:doi; Crossref:doi,high,2026-09-09,Unpaywall:not_configured
CAND-ACADEMIC-2026-09-09-EXTRA-5e31cc756b0e-001,"Penetration of Legitimate Business by Organized Crime, An Analysis",,full_text,https://www.ojp.gov/pdffiles1/Digitization/2300NCJRS.pdf,full_text,https://www.ojp.gov/pdffiles1/Digitization/2300NCJRS.pdf,,,,https://ojp.gov/ncjrs/virtual-library/abstracts/penetration-legitimate-business-organized-crime-analysis; https://www.ojp.gov/pdffiles1/Digitization/2300NCJRS.pdf,,Curator verified full text,source_only; reading_aid_override:full_text_intro,high,2026-09-13,"Unpaywall:not_configured; Curator-verified full-text locator synchronised from reading_aid_overrides.json; retrieval only, with no eligibility or canonicalisation decision.; Curator-verified full-text locator synchronised from reading_aid_overrides.json; retrieval only, with no eligibility or canonicalisation decision.; Curator-verified full-text locator synchronised from reading_aid_overrides.json; retrieval only, with no eligibility or canonicalisation decision.; Curator-verified full-text locator synchronised from reading_aid_overrides.json; retrieval only, with no eligibility or canonicalisation decision.; Curator-verified full-text locator synchronised from reading_aid_overrides.json; retrieval only, with no eligibility or canonicalisation decision.; Curator-verified full-text locator synchronised from reading_aid_overrides.json; retrieval only, with no eligibility or canonicalisation decision.; Curator-verified full-text locator synchronised from reading_aid_overrides.json; retrieval only, with no eligibility or canonicalisation decision.; Curator-verified full-text locator synchronised from reading_aid_overrides.json; retrieval only, with no eligibility or canonicalisation decision.; Curator-verified full-text locator synchronised from reading_aid_overrides.json; retrieval only, with no eligibility or canonicalisation decision."
CAND-ACADEMIC-2026-09-09-EXTRA-5e31cc756b0e-002,"Organized Crime and the Infiltration of Legitimate Business: Civil Remedies for ""Criminal Activity""",10.2307/3311463,landing_page,https://doi.org/10.2307/3311463,landing,,,https://doi.org/10.2307/3311463,https://doi.org/10.2307/3311463,https://www.jstor.org/stable/3311463,10.2307/3311463,OpenAlex; Crossref,OpenAlex:doi; Crossref:doi,high,2026-09-09,Unpaywall:not_configured
CAND-ACADEMIC-2026-09-09-EXTRA-5e31cc756b0e-003,Facilitating the Italian Mafia: The Grey Zone of Complicity and Collusion,10.1080/13608746.2019.1575563,full_text,https://www.tandfonline.com/doi/pdf/10.1080/13608746.2019.1575563,full_text,https://www.tandfonline.com/doi/pdf/10.1080/13608746.2019.1575563,https://doi.org/10.17613/z1be-5j95,http://hdl.handle.net/10.1080/13608746.2019.1575563,https://doi.org/10.1080/13608746.2019.1575563,https://researchportal.bath.ac.uk/en/publications/facilitating-the-italian-mafia-the-grey-zone-of-complicity-and-co-2/; https://doi.org/10.1080/13608746.2019.1575563,10.1080/13608746.2019.1575563,OpenAlex; Crossref,OpenAlex:doi; Crossref:doi,high,2026-09-09,Unpaywall:not_configured
CAND-ACADEMIC-2026-09-09-EXTRA-5e31cc756b0e-004,When the Godfather Falls: Implications for Industry Peers,,open_access_landing,https://doi.org/10.2139/ssrn.4960619,open_access,,https://doi.org/10.2139/ssrn.4960619,,https://doi.org/10.2139/ssrn.4960619,https://papers.ssrn.com/sol3/papers.cfm?abstract_id=4960619,10.2139/ssrn.4960619,OpenAlex; Crossref,OpenAlex:title_year; Crossref:title_year,medium,2026-09-09,Unpaywall:not_configured
CAND-ACADEMIC-2026-09-09-EXTRA-5e31cc756b0e-005,White List: An Administrative Tool to Contrast Crime,10.3390/g13010008,full_text,https://www.mdpi.com/2073-4336/13/1/8/pdf?version=1640848600,full_text,https://www.mdpi.com/2073-4336/13/1/8/pdf?version=1640848600,http://hdl.handle.net/10419/257585,https://www.mdpi.com/2073-4336/13/1/8/,https://doi.org/10.3390/g13010008,https://ideas.repec.org/a/gam/jgames/v13y2021i1p8-d714243.html; https://doi.org/10.3390/g13010008,10.3390/g13010008,OpenAlex; Crossref,OpenAlex:doi; Crossref:doi,high,2026-09-09,Unpaywall:not_configured
CAND-ACADEMIC-2026-09-09-EXTRA-5e31cc756b0e-006,Legality certification and firm performance: Evidence from Italy’s anti-mafia white list,10.1016/j.ecosys.2026.101421,full_text,https://api.elsevier.com/content/article/PII:S0939362526000464?httpAccept=text/plain,full_text,https://api.elsevier.com/content/article/PII:S0939362526000464?httpAccept=text/plain,,,https://doi.org/10.1016/j.ecosys.2026.101421,https://www.sciencedirect.com/science/article/pii/S0939362526000464; https://doi.org/10.1016/j.ecosys.2026.101421,10.1016/j.ecosys.2026.101421,OpenAlex; Crossref,OpenAlex:doi; Crossref:doi,high,2026-09-09,Unpaywall:not_configured
CAND-ACADEMIC-2026-09-09-EXTRA-5e31cc756b0e-007,Organized Crime Infiltration of Legitimate Businesses in Europe: A Pilot Project in Five European Countries,,full_text,https://www.transcrime.it/wp-content/uploads/2015/11/Project-ARIEL_Final-report.pdf,full_text,https://www.transcrime.it/wp-content/uploads/2015/11/Project-ARIEL_Final-report.pdf,,,,https://bra.se/english/publications/archive/2015-11-26-organized-crime-infiltration-of-legitimate-businesses-in-europe; https://www.transcrime.it/wp-content/uploads/2015/11/Project-ARIEL_Final-report.pdf,,,source_only,low,2026-09-09,Unpaywall:not_configured
CAND-ACADEMIC-2026-09-09-EXTRA-5e31cc756b0e-008,The risk of mafia infiltration in Italian municipalities: Statistical and machine learning evidence from financial information,,full_text,https://uif.bancaditalia.it/pubblicazioni/quaderni/2025/quaderno-27-2025/QAR-27.pdf,full_text,https://uif.bancaditalia.it/pubblicazioni/quaderni/2025/quaderno-27-2025/QAR-27.pdf,,,,https://uif.bancaditalia.it/pubblicazioni/quaderni/2025/quaderno-27-2025/index.html?com.dotmarketing.htmlpage.language=1; https://uif.bancaditalia.it/pubblicazioni/quaderni/2025/quaderno-27-2025/QAR-27.pdf,,,source_only,low,2026-09-09,Unpaywall:not_configured
CAND-ACADEMIC-2026-09-09-EXTRA-5e31cc756b0e-009,Diagnostic Infrastructures and Behavioural Drift in Public Financial Management: Evidence from Municipalities Dissolved for Mafia Infiltration,,source_link_only,https://papers.ssrn.com/sol3/papers.cfm?abstract_id=5203951,source,,,,,https://papers.ssrn.com/sol3/papers.cfm?abstract_id=5203951,,,source_only,low,2026-09-09,Unpaywall:not_configured
CAND-ACADEMIC-2026-09-09-EXTRA-5e31cc756b0e-010,Mapping the Risk of Serious and Organised Crime Infiltrating Legitimate Businesses: Final Report,10.2837/64101,full_text,https://op.europa.eu/o/opportal-service/download-handler?identifier=ab3534a2-87a0-11eb-ac4c-01aa75ed71a1&format=pdf&language=en&productionSystem=cellar&part=,full_text,https://op.europa.eu/o/opportal-service/download-handler?identifier=ab3534a2-87a0-11eb-ac4c-01aa75ed71a1&format=pdf&language=en&productionSystem=cellar&part=,,,https://doi.org/10.2837/64101,https://www.rand.org/pubs/external_publications/EP68577.html; https://doi.org/10.2837/64101; https://op.europa.eu/o/opportal-service/download-handler?identifier=ab3534a2-87a0-11eb-ac4c-01aa75ed71a1&format=pdf&language=en&productionSystem=cellar&part=,10.2837/64101,Curator verified full text,source_only; reading_aid_override:full_text_intro,high,2026-09-13,"Unpaywall:not_configured; Curator-verified full-text locator synchronised from reading_aid_overrides.json; retrieval only, with no eligibility or canonicalisation decision.; Curator-verified full-text locator synchronised from reading_aid_overrides.json; retrieval only, with no eligibility or canonicalisation decision.; Curator-verified full-text locator synchronised from reading_aid_overrides.json; retrieval only, with no eligibility or canonicalisation decision.; Curator-verified full-text locator synchronised from reading_aid_overrides.json; retrieval only, with no eligibility or canonicalisation decision.; Curator-verified full-text locator synchronised from reading_aid_overrides.json; retrieval only, with no eligibility or canonicalisation decision.; Curator-verified full-text locator synchronised from reading_aid_overrides.json; retrieval only, with no eligibility or canonicalisation decision.; Curator-verified full-text locator synchronised from reading_aid_overrides.json; retrieval only, with no eligibility or canonicalisation decision.; Curator-verified full-text locator synchronised from reading_aid_overrides.json; retrieval only, with no eligibility or canonicalisation decision.; Curator-verified full-text locator synchronised from reading_aid_overrides.json; retrieval only, with no eligibility or canonicalisation decision.; Curator-verified full-text locator synchronised from reading_aid_overrides.json; retrieval only, with no eligibility or canonicalisation decision."
CAND-ACADEMIC-2026-09-09-EXTRA-5e31cc756b0e-011,"Mafia, Politics and Machine Predictions",,open_access_landing,https://doi.org/10.2139/ssrn.4912204,open_access,,https://doi.org/10.2139/ssrn.4912204,https://doi.org/10.2139/ssrn.4901233,https://doi.org/10.2139/ssrn.4912204,https://cepr.org/publications/dp19322,10.2139/ssrn.4912204,OpenAlex; Crossref,OpenAlex:title_year; Crossref:title_year,medium,2026-09-09,Unpaywall:not_configured
CAND-ACADEMIC-2026-09-09-EXTRA-5e31cc756b0e-012,The effects of organized crime on legitimate businesses,10.1108/13590790610660926,full_text,http://www.emeraldinsight.com/doi/full-xml/10.1108/13590790610660926,full_text,http://www.emeraldinsight.com/doi/full-xml/10.1108/13590790610660926,,,https://doi.org/10.1108/13590790610660926,https://www.ingentaconnect.com/content/mcb/jfc/2006/00000013/00000002/art00007?crawler=true; https://doi.org/10.1108/13590790610660926,10.1108/13590790610660926,OpenAlex; Crossref,OpenAlex:doi; Crossref:doi,high,2026-09-09,Unpaywall:not_configured
CAND-ACADEMIC-2026-09-09-EXTRA-5e31cc756b0e-013,Organised criminals and the legal economy,,source_link_only,https://www.routledge.com/Organised-Crime-in-European-Businesses/Savona-Riccardi-Berlusconi/p/book/9781138499478,source,,,,,https://www.routledge.com/Organised-Crime-in-European-Businesses/Savona-Riccardi-Berlusconi/p/book/9781138499478,,,source_only,low,2026-09-09,Unpaywall:not_configured
CAND-ACADEMIC-2026-09-09-EXTRA-6b5b5e038ac4-001,"Revealing “Mafia Inc.”? Financial Crisis, Organized Crime, and the Birth of New Enterprises",10.1162/rest_a_00942,full_text,https://www.zora.uzh.ch/id/eprint/136816/7/econwp251.pdf,full_text,https://www.zora.uzh.ch/id/eprint/136816/7/econwp251.pdf,https://doi.org/10.5167/uzh-136816,http://hdl.handle.net/10419/209732,https://doi.org/10.1162/rest_a_00942,https://direct.mit.edu/rest/article-abstract/104/1/142/97638,10.1162/rest_a_00942,OpenAlex; Crossref,OpenAlex:doi; Crossref:doi,high,2026-09-11,Unpaywall:not_configured
CAND-ACADEMIC-2026-09-09-EXTRA-6b5b5e038ac4-002,Mapping the Risk of Serious and Organised Crime Infiltrating Legitimate Businesses: Technical Annexes,10.2837/442937,full_text,https://op.europa.eu/o/opportal-service/download-handler?identifier=bd3cb673-879d-11eb-ac4c-01aa75ed71a1&format=pdf&language=en&productionSystem=cellar&part=,full_text,https://op.europa.eu/o/opportal-service/download-handler?identifier=bd3cb673-879d-11eb-ac4c-01aa75ed71a1&format=pdf&language=en&productionSystem=cellar&part=,,,https://doi.org/10.2837/442937,https://www.rand.org/pubs/external_publications/EP68578.html; https://op.europa.eu/o/opportal-service/download-handler?identifier=bd3cb673-879d-11eb-ac4c-01aa75ed71a1&format=pdf&language=en&productionSystem=cellar&part=,10.2837/442937,Curator verified full text,source_only; reading_aid_override:full_text_intro,high,2026-09-13,"Unpaywall:not_configured; Curator-verified full-text locator synchronised from reading_aid_overrides.json; retrieval only, with no eligibility or canonicalisation decision.; Curator-verified full-text locator synchronised from reading_aid_overrides.json; retrieval only, with no eligibility or canonicalisation decision.; Curator-verified full-text locator synchronised from reading_aid_overrides.json; retrieval only, with no eligibility or canonicalisation decision.; Curator-verified full-text locator synchronised from reading_aid_overrides.json; retrieval only, with no eligibility or canonicalisation decision.; Curator-verified full-text locator synchronised from reading_aid_overrides.json; retrieval only, with no eligibility or canonicalisation decision.; Curator-verified full-text locator synchronised from reading_aid_overrides.json; retrieval only, with no eligibility or canonicalisation decision.; Curator-verified full-text locator synchronised from reading_aid_overrides.json; retrieval only, with no eligibility or canonicalisation decision.; Curator-verified full-text locator synchronised from reading_aid_overrides.json; retrieval only, with no eligibility or canonicalisation decision.; Curator-verified full-text locator synchronised from reading_aid_overrides.json; retrieval only, with no eligibility or canonicalisation decision.; Curator-verified full-text locator synchronised from reading_aid_overrides.json; retrieval only, with no eligibility or canonicalisation decision."
CAND-ACADEMIC-2026-09-09-EXTRA-6b5b5e038ac4-003,The Illusion of Success: A Case Study in the Infiltration of Legitimate Business,,full_text,https://www.ojp.gov/pdffiles1/Digitization/93999NCJRS.pdf,full_text,https://www.ojp.gov/pdffiles1/Digitization/93999NCJRS.pdf,,,,https://www.ojp.gov/ncjrs/virtual-library/abstracts/illusion-success-case-study-infiltration-legitimate-business; https://www.ojp.gov/pdffiles1/Digitization/93999NCJRS.pdf,,Curator verified full text,source_only; reading_aid_override:full_text_intro,high,2026-09-13,"Unpaywall:not_configured; Curator-verified full-text locator synchronised from reading_aid_overrides.json; retrieval only, with no eligibility or canonicalisation decision.; Curator-verified full-text locator synchronised from reading_aid_overrides.json; retrieval only, with no eligibility or canonicalisation decision.; Curator-verified full-text locator synchronised from reading_aid_overrides.json; retrieval only, with no eligibility or canonicalisation decision.; Curator-verified full-text locator synchronised from reading_aid_overrides.json; retrieval only, with no eligibility or canonicalisation decision.; Curator-verified full-text locator synchronised from reading_aid_overrides.json; retrieval only, with no eligibility or canonicalisation decision.; Curator-verified full-text locator synchronised from reading_aid_overrides.json; retrieval only, with no eligibility or canonicalisation decision.; Curator-verified full-text locator synchronised from reading_aid_overrides.json; retrieval only, with no eligibility or canonicalisation decision.; Curator-verified full-text locator synchronised from reading_aid_overrides.json; retrieval only, with no eligibility or canonicalisation decision.; Curator-verified full-text locator synchronised from reading_aid_overrides.json; retrieval only, with no eligibility or canonicalisation decision.; Curator-verified full-text locator synchronised from reading_aid_overrides.json; retrieval only, with no eligibility or canonicalisation decision."
CAND-ACADEMIC-2026-09-09-EXTRA-6b5b5e038ac4-004,Racketeering in Legitimate Industries: A Study in The Economics of Intimidation,,full_text,https://www.rand.org/content/dam/rand/pubs/reports/2007/R3525.pdf,full_text,https://www.rand.org/content/dam/rand/pubs/reports/2007/R3525.pdf,,https://www.rand.org/content/dam/rand/pubs/reports/2007/R3525.pdf,,https://www.rand.org/pubs/reports/R3525.html; https://www.rand.org/content/dam/rand/pubs/reports/2007/R3525.pdf,,OpenAlex; Curator verified full text,OpenAlex:title_year; reading_aid_override:full_text_intro,high,2026-09-13,"Unpaywall:not_configured; Curator-verified full-text locator synchronised from reading_aid_overrides.json; retrieval only, with no eligibility or canonicalisation decision.; Curator-verified full-text locator synchronised from reading_aid_overrides.json; retrieval only, with no eligibility or canonicalisation decision.; Curator-verified full-text locator synchronised from reading_aid_overrides.json; retrieval only, with no eligibility or canonicalisation decision.; Curator-verified full-text locator synchronised from reading_aid_overrides.json; retrieval only, with no eligibility or canonicalisation decision.; Curator-verified full-text locator synchronised from reading_aid_overrides.json; retrieval only, with no eligibility or canonicalisation decision.; Curator-verified full-text locator synchronised from reading_aid_overrides.json; retrieval only, with no eligibility or canonicalisation decision.; Curator-verified full-text locator synchronised from reading_aid_overrides.json; retrieval only, with no eligibility or canonicalisation decision."
CAND-ACADEMIC-2026-09-09-EXTRA-6b5b5e038ac4-005,Racketeering in Legitimate Industries - Two Case Studies - Executive Summary,,source_link_only,https://www.ojp.gov/library/publications/racketeering-legitimate-industries-two-case-studies-executive-summary,source,,,,,https://www.ojp.gov/library/publications/racketeering-legitimate-industries-two-case-studies-executive-summary,,,source_only,low,2026-09-11,Unpaywall:not_configured
CAND-ACADEMIC-2026-09-09-EXTRA-6b5b5e038ac4-006,The Cartage Industry in New York,10.1086/449224,full_text,http://www.journals.uchicago.edu/doi/pdf/10.1086/449224,full_text,http://www.journals.uchicago.edu/doi/pdf/10.1086/449224,,https://doi.org/10.1086/449224,https://doi.org/10.1086/449224,https://www.journals.uchicago.edu/doi/10.1086/449224,10.1086/449224,OpenAlex; Crossref,OpenAlex:doi; Crossref:doi,high,2026-09-11,Unpaywall:not_configured
CAND-ACADEMIC-2026-09-09-EXTRA-6b5b5e038ac4-007,Corruption and Racketeering in the New York City Construction Industry,,landing_page,https://lib.ugent.be/en/catalog/rug01:000229354,landing,,,https://lib.ugent.be/en/catalog/rug01:000229354,,https://nyupress.org/9780814730348/corruption-and-racketeering-in-the-new-york-city-construction-industry,,OpenAlex,OpenAlex:title_year,medium,2026-09-11,Unpaywall:not_configured
CAND-ACADEMIC-2026-09-09-EXTRA-6b5b5e038ac4-008,The Persistence of Organized Crime in New York City Construction: An Economic Perspective,10.1177/001979398904200406,full_text,https://journals.sagepub.com/doi/pdf/10.1177/001979398904200406,full_text,https://journals.sagepub.com/doi/pdf/10.1177/001979398904200406,,https://journals.sagepub.com/doi/10.1177/001979398904200406,https://doi.org/10.1177/001979398904200406,https://scholarship.haverford.edu/cgi/viewcontent.cgi?article=1147&context=economics_facpubs; https://doi.org/10.1177/001979398904200406,10.1177/001979398904200406,OpenAlex; Crossref,OpenAlex:doi; Crossref:doi,high,2026-09-13,Unpaywall:not_configured
CAND-ACADEMIC-2026-09-09-EXTRA-6b5b5e038ac4-009,Study of Organized Crime Business-Type Activities and Their Implications For Law Enforcement,,source_link_only,https://uat.ojp.gov/library/publications/study-organized-crime-business-type-activities-and-their-implications-law,source,,,,,https://uat.ojp.gov/library/publications/study-organized-crime-business-type-activities-and-their-implications-law,,,source_only,low,2026-09-11,Unpaywall:not_configured
CAND-ACADEMIC-2026-09-09-EXTRA-6b5b5e038ac4-010,"The Private Sector and Organized Crime: Criminal Entrepreneurship, Illicit Profits, and Private Sector Security Governance",,source_link_only,https://www.routledge.com/The-Private-Sector-and-Organized-Crime-Criminal-Entrepreneurship-Illicit-Profits-and-Private-Sector-Security-Governance/Zabyelina-Thachuk/p/book/9781032056654,source,,,,,https://www.routledge.com/The-Private-Sector-and-Organized-Crime-Criminal-Entrepreneurship-Illicit-Profits-and-Private-Sector-Security-Governance/Zabyelina-Thachuk/p/book/9781032056654,,,source_only,low,2026-09-11,Unpaywall:not_configured
CAND-ACADEMIC-2026-09-09-EXTRA-6b5b5e038ac4-011,Entrepreneurship and Organised Crime: A Systematic Review and Research Agenda Based on Three Decades of Scholarship,,full_text,https://www.emerald.com/insight/content/doi/10.1108/JSBED-12-2022-0515/full/html,full_text,https://www.emerald.com/insight/content/doi/10.1108/JSBED-12-2022-0515/full/html,,https://doi.org/10.1108/jsbed-12-2022-0515,https://doi.org/10.1108/jsbed-12-2022-0515,https://www.iris.unict.it/handle/20.500.11769/599089,10.1108/jsbed-12-2022-0515,OpenAlex; Crossref,OpenAlex:title_year; Crossref:title_year,medium,2026-09-11,Unpaywall:not_configured
CAND-ACADEMIC-2026-09-09-EXTRA-6b5b5e038ac4-012,Labor Tax Avoidance and Its Determinants: The Case of Mafia Firms in Italy,10.1007/s10551-014-2304-7,full_text,http://link.springer.com/article/10.1007/s10551-014-2304-7/fulltext.html,full_text,http://link.springer.com/article/10.1007/s10551-014-2304-7/fulltext.html,,http://hdl.handle.net/10.1007/s10551-014-2304-7,https://doi.org/10.1007/s10551-014-2304-7,https://ideas.repec.org/a/kap/jbuset/v132y2015i1p41-62.html,10.1007/s10551-014-2304-7,OpenAlex; Crossref,OpenAlex:doi; Crossref:doi,high,2026-09-11,Unpaywall:not_configured
CAND-ACADEMIC-2026-09-09-EXTRA-6b5b5e038ac4-013,Tough on criminal wealth? Exploring the link between organized crime’s asset confiscation and regional entrepreneurship,10.1007/s11187-018-0003-y,full_text,https://link.springer.com/content/pdf/10.1007/s11187-018-0003-y.pdf,full_text,https://link.springer.com/content/pdf/10.1007/s11187-018-0003-y.pdf,https://doi.org/10.1007/s11187-018-0003-y,http://link.springer.com/10.1007/s11187-018-0003-y,https://doi.org/10.1007/s11187-018-0003-y,https://ideas.repec.org/a/kap/sbusec/v51y2018i2d10.1007_s11187-018-0003-y.html,10.1007/s11187-018-0003-y,OpenAlex; Crossref,OpenAlex:doi; Crossref:doi,high,2026-09-11,Unpaywall:not_configured
CAND-ACADEMIC-2026-09-09-EXTRA-6b5b5e038ac4-014,Closed for mafia: Evidence from the removal of mafia firms on commercial property values,10.1111/jors.12612,full_text,https://iris.uniroma1.it/bitstream/11573/1651622/4/Calamunci_Closed_2022.pdf,full_text,https://iris.uniroma1.it/bitstream/11573/1651622/4/Calamunci_Closed_2022.pdf,https://doi.org/10.1111/jors.12612,,https://doi.org/10.1111/jors.12612,https://onlinelibrary.wiley.com/doi/full/10.1111/jors.12612,10.1111/jors.12612,OpenAlex; Crossref,OpenAlex:doi; Crossref:doi,high,2026-09-11,Unpaywall:not_configured
CAND-ACADEMIC-2026-09-09-EXTRA-6b5b5e038ac4-015,The Spatial Impact of Judicial Administration on Firms’ Performance,10.1111/labr.70019,full_text,https://onlinelibrary.wiley.com/doi/full-xml/10.1111/labr.70019,full_text,https://onlinelibrary.wiley.com/doi/full-xml/10.1111/labr.70019,https://doi.org/10.1111/labr.70019,,https://doi.org/10.1111/labr.70019,https://onlinelibrary.wiley.com/doi/full/10.1111/labr.70019,10.1111/labr.70019,OpenAlex; Crossref,OpenAlex:doi; Crossref:doi,high,2026-09-11,Unpaywall:not_configured
CAND-ACADEMIC-2026-09-09-EXTRA-6b5b5e038ac4-016,Institutional trust and the confiscation of real estate assets from organised crime,10.1017/s1744137426100459,full_text,https://www.cambridge.org/core/services/aop-cambridge-core/content/view/22CD16570A1AEF8DF68CA940E6C1BC76/S1744137426100459a.pdf/div-class-title-institutional-trust-and-the-confiscation-of-real-estate-assets-from-organised-crime-div.pdf,full_text,https://www.cambridge.org/core/services/aop-cambridge-core/content/view/22CD16570A1AEF8DF68CA940E6C1BC76/S1744137426100459a.pdf/div-class-title-institutional-trust-and-the-confiscation-of-real-estate-assets-from-organised-crime-div.pdf,https://doi.org/10.1017/s1744137426100459,,https://doi.org/10.1017/s1744137426100459,https://www.cambridge.org/core/journals/journal-of-institutional-economics/article/institutional-trust-and-the-confiscation-of-real-estate-assets-from-organised-crime/22CD16570A1AEF8DF68CA940E6C1BC76,10.1017/s1744137426100459,OpenAlex; Crossref,OpenAlex:doi; Crossref:doi,high,2026-09-11,Unpaywall:not_configured
CAND-ACADEMIC-2026-09-09-EXTRA-6b5b5e038ac4-017,Transition management strategies of confiscated mafia-type firms: the role of public administrations and nonprofit organizations,10.1108/jpbafm-03-2023-0041,full_text,https://www.emerald.com/insight/content/doi/10.1108/JPBAFM-03-2023-0041/full/pdf?title=transition-management-strategies-of-confiscated-mafia-type-firms-the-role-of-public-administrations-and-nonprofit-organizations,full_text,https://www.emerald.com/insight/content/doi/10.1108/JPBAFM-03-2023-0041/full/pdf?title=transition-management-strategies-of-confiscated-mafia-type-firms-the-role-of-public-administrations-and-nonprofit-organizations,https://doi.org/10.1108/jpbafm-03-2023-0041,,https://doi.org/10.1108/jpbafm-03-2023-0041,https://www.emerald.com/jpbafm/article/35/6/121/234108/Transition-management-strategies-of-confiscated,10.1108/jpbafm-03-2023-0041,OpenAlex; Crossref,OpenAlex:doi; Crossref:doi,high,2026-09-11,Unpaywall:not_configured
CAND-ACADEMIC-2026-09-09-EXTRA-6b5b5e038ac4-018,Localized effects of confiscated and re-allocated real estate mafia assets,10.1093/jeg/lbad035,full_text,https://academic.oup.com/joeg/advance-article-pdf/doi/10.1093/jeg/lbad035/54879370/lbad035.pdf,full_text,https://academic.oup.com/joeg/advance-article-pdf/doi/10.1093/jeg/lbad035/54879370/lbad035.pdf,https://doi.org/10.1093/jeg/lbad035,http://hdl.handle.net/10.1093/jeg/lbad035,https://doi.org/10.1093/jeg/lbad035,https://academic.oup.com/joeg/article/24/2/219/7499713,10.1093/jeg/lbad035,OpenAlex; Crossref,OpenAlex:doi; Crossref:doi,high,2026-09-11,Unpaywall:not_configured
CAND-ACADEMIC-2026-09-09-EXTRA-6b5b5e038ac4-019,Detection Model of Legally Registered Mafia Firms in Italy,10.1111/emre.12039,full_text,https://api.wiley.com/onlinelibrary/tdm/v1/articles/10.1111%2Femre.12039,full_text,https://api.wiley.com/onlinelibrary/tdm/v1/articles/10.1111%2Femre.12039,,http://hdl.handle.net/2445/106362,https://doi.org/10.1111/emre.12039,https://onlinelibrary.wiley.com/doi/10.1111/emre.12039,10.1111/emre.12039,OpenAlex; Crossref,OpenAlex:doi; Crossref:doi,high,2026-09-11,Unpaywall:not_configured
CAND-ACADEMIC-2026-09-09-EXTRA-6b5b5e038ac4-020,Accrual management as an indication of money laundering through legally registered Mafia firms in Italy,10.1108/aaaj-12-2015-2329,full_text,https://www.emerald.com/insight/content/doi/10.1108/AAAJ-12-2015-2329/full/xml,full_text,https://www.emerald.com/insight/content/doi/10.1108/AAAJ-12-2015-2329/full/xml,http://hdl.handle.net/2072/376258,http://hdl.handle.net/2445/122397,https://doi.org/10.1108/aaaj-12-2015-2329,https://www.emerald.com/insight/content/doi/10.1108/AAAJ-12-2015-2329/full/html,10.1108/aaaj-12-2015-2329,OpenAlex; Crossref,OpenAlex:doi; Crossref:doi,high,2026-09-11,Unpaywall:not_configured
CAND-ACADEMIC-2026-09-09-EXTRA-6b5b5e038ac4-021,Mapping Organized Crime as a Stakeholder: A Risk-Based and Responsive Governance Perspective,10.1111/rego.70194,full_text,https://onlinelibrary.wiley.com/doi/full-xml/10.1111/rego.70194,full_text,https://onlinelibrary.wiley.com/doi/full-xml/10.1111/rego.70194,https://doi.org/10.1111/rego.70194,https://hdl.handle.net/10447/711966,https://doi.org/10.1111/rego.70194,https://onlinelibrary.wiley.com/doi/full/10.1111/rego.70194,10.1111/rego.70194,OpenAlex; Crossref,OpenAlex:doi; Crossref:doi,high,2026-09-11,Unpaywall:not_configured
CAND-ACADEMIC-2026-09-09-EXTRA-6b5b5e038ac4-022,"The sex market, bars and nightclubs: criminal infiltration in Slovenia",,source_link_only,https://www.routledge.com/Organised-Crime-in-European-Businesses/Savona-Riccardi-Berlusconi/p/book/9781138499478,source,,,,,https://www.routledge.com/Organised-Crime-in-European-Businesses/Savona-Riccardi-Berlusconi/p/book/9781138499478,,,source_only,low,2026-09-11,Unpaywall:not_configured
CAND-ACADEMIC-2026-09-09-EXTRA-6b5b5e038ac4-023,From drug trafficking to wholesale trade business: organised crime infiltration in Spain,,source_link_only,https://www.routledge.com/Organised-Crime-in-European-Businesses/Savona-Riccardi-Berlusconi/p/book/9781138499478,source,,,,,https://www.routledge.com/Organised-Crime-in-European-Businesses/Savona-Riccardi-Berlusconi/p/book/9781138499478,,,source_only,low,2026-09-11,Unpaywall:not_configured
CAND-ACADEMIC-2026-09-09-EXTRA-6b5b5e038ac4-024,Social welfare fraud and criminal infiltration in Sweden,,source_link_only,https://www.routledge.com/Organised-Crime-in-European-Businesses/Savona-Riccardi-Berlusconi/p/book/9781138499478,source,,,,,https://www.routledge.com/Organised-Crime-in-European-Businesses/Savona-Riccardi-Berlusconi/p/book/9781138499478,,,source_only,low,2026-09-11,Unpaywall:not_configured
CAND-ACADEMIC-2026-09-09-EXTRA-6b5b5e038ac4-025,Crash-for-cash and VAT carousels: organised crime infiltration in the United Kingdom,,source_link_only,https://www.routledge.com/Organised-Crime-in-European-Businesses/Savona-Riccardi-Berlusconi/p/book/9781138499478,source,,,,,https://www.routledge.com/Organised-Crime-in-European-Businesses/Savona-Riccardi-Berlusconi/p/book/9781138499478,,,source_only,low,2026-09-11,Unpaywall:not_configured
CAND-ACADEMIC-2026-09-09-EXTRA-6b5b5e038ac4-026,Grand banditisme traditionnel and foreign groups: organised crime infiltration in France,,source_link_only,https://www.routledge.com/Organised-Crime-in-European-Businesses/Savona-Riccardi-Berlusconi/p/book/9781138499478,source,,,,,https://www.routledge.com/Organised-Crime-in-European-Businesses/Savona-Riccardi-Berlusconi/p/book/9781138499478,,,source_only,low,2026-09-11,Unpaywall:not_configured
CAND-ACADEMIC-2026-09-09-EXTRA-6b5b5e038ac4-027,From bikers to entrepreneurs: motorcycle gangs infiltration in Finland,,source_link_only,https://www.routledge.com/Organised-Crime-in-European-Businesses/Savona-Riccardi-Berlusconi/p/book/9781138499478,source,,,,,https://www.routledge.com/Organised-Crime-in-European-Businesses/Savona-Riccardi-Berlusconi/p/book/9781138499478,,,source_only,low,2026-09-11,Unpaywall:not_configured
CAND-ACADEMIC-2026-09-09-EXTRA-6b5b5e038ac4-028,The impact of organised crime infiltration on the European legitimate economy,,source_link_only,https://www.routledge.com/Organised-Crime-in-European-Businesses/Savona-Riccardi-Berlusconi/p/book/9781138499478,source,,,,,https://www.routledge.com/Organised-Crime-in-European-Businesses/Savona-Riccardi-Berlusconi/p/book/9781138499478,,,source_only,low,2026-09-11,Unpaywall:not_configured
CAND-ACADEMIC-2026-09-09-EXTRA-6b5b5e038ac4-029,From the analysis of criminal infiltration to the assessment of its risk,,landing_page,https://www.taylorfrancis.com/chapters/analysis-criminal-infiltration-assessment-risk-lorella-garofalo/e/10.4324/9781315640617-24,landing,,,https://www.taylorfrancis.com/chapters/analysis-criminal-infiltration-assessment-risk-lorella-garofalo/e/10.4324/9781315640617-24,https://doi.org/10.4324/9781315640617-24,https://www.routledge.com/Organised-Crime-in-European-Businesses/Savona-Riccardi-Berlusconi/p/book/9781138499478,10.4324/9781315640617-24,OpenAlex,OpenAlex:title_year,medium,2026-09-11,Unpaywall:not_configured
CAND-ACADEMIC-2026-09-09-EXTRA-6b5b5e038ac4-030,Mafia infiltrations in times of crisis: evidence from the Covid-19 shock,,full_text,https://www.bancaditalia.it/pubblicazioni/temi-discussione/2025/2025-1502/en_tema_1502.pdf,full_text,https://www.bancaditalia.it/pubblicazioni/temi-discussione/2025/2025-1502/en_tema_1502.pdf,,,,https://ideas.repec.org/p/bdi/wptemi/td_1502_25.html; https://www.bancaditalia.it/pubblicazioni/temi-discussione/2025/2025-1502/en_tema_1502.pdf,,Curator verified full text,source_only; reading_aid_override:full_text_intro,high,2026-09-13,"Unpaywall:not_configured; Curator-verified full-text locator synchronised from reading_aid_overrides.json; retrieval only, with no eligibility or canonicalisation decision.; Curator-verified full-text locator synchronised from reading_aid_overrides.json; retrieval only, with no eligibility or canonicalisation decision.; Curator-verified full-text locator synchronised from reading_aid_overrides.json; retrieval only, with no eligibility or canonicalisation decision."
CAND-ACADEMIC-2026-09-09-EXTRA-85e203d4eb5a-001,Testing the reliability of OSINT network data for investigating organised crime infiltration of legal-market businesses,10.1080/17440572.2025.2567277,full_text,https://www.tandfonline.com/doi/pdf/10.1080/17440572.2025.2567277,full_text,https://www.tandfonline.com/doi/pdf/10.1080/17440572.2025.2567277,,,https://doi.org/10.1080/17440572.2025.2567277,https://doi.org/10.1080/17440572.2025.2567277,10.1080/17440572.2025.2567277,OpenAlex; Crossref,OpenAlex:doi; Crossref:doi,high,2026-09-09,Unpaywall:not_configured
CAND-ACADEMIC-2026-09-09-EXTRA-85e203d4eb5a-002,Beyond Mafia: Considerations on Criminal Infiltration in the Legal Economy,10.56687/9781529247145-010,full_text,https://www.degruyterbrill.com/document/doi/10.56687/9781529247145-010/pdf,full_text,https://www.degruyterbrill.com/document/doi/10.56687/9781529247145-010/pdf,,,https://doi.org/10.56687/9781529247145-010,https://doi.org/10.56687/9781529247145-010; https://bristoluniversitypressdigital.com/downloadpdf/edcollchap-oa/book/9781529247145/ch007.pdf,10.56687/9781529247145-010,OpenAlex; Crossref; Curator verified full text,OpenAlex:doi; Crossref:doi; reading_aid_override:full_text_intro,high,2026-09-13,"Unpaywall:not_configured; Curator-verified full-text locator synchronised from reading_aid_overrides.json; retrieval only, with no eligibility or canonicalisation decision.; Curator-verified full-text locator synchronised from reading_aid_overrides.json; retrieval only, with no eligibility or canonicalisation decision.; Curator-verified full-text locator synchronised from reading_aid_overrides.json; retrieval only, with no eligibility or canonicalisation decision.; Curator-verified full-text locator synchronised from reading_aid_overrides.json; retrieval only, with no eligibility or canonicalisation decision.; Curator-verified full-text locator synchronised from reading_aid_overrides.json; retrieval only, with no eligibility or canonicalisation decision.; Curator-verified full-text locator synchronised from reading_aid_overrides.json; retrieval only, with no eligibility or canonicalisation decision.; Curator-verified full-text locator synchronised from reading_aid_overrides.json; retrieval only, with no eligibility or canonicalisation decision.; Curator-verified full-text locator synchronised from reading_aid_overrides.json; retrieval only, with no eligibility or canonicalisation decision.; Curator-verified full-text locator synchronised from reading_aid_overrides.json; retrieval only, with no eligibility or canonicalisation decision.; Curator-verified full-text locator synchronised from reading_aid_overrides.json; retrieval only, with no eligibility or canonicalisation decision.; Curator-verified full-text locator synchronised from reading_aid_overrides.json; retrieval only, with no eligibility or canonicalisation decision."
CAND-ACADEMIC-2026-09-09-EXTRA-85e203d4eb5a-003,Introduction: Organized Crime Penetrations of Legitimate Businesses,10.1007/978-1-4615-4883-6_2,full_text,http://link.springer.com/content/pdf/10.1007/978-1-4615-4883-6_2.pdf,full_text,http://link.springer.com/content/pdf/10.1007/978-1-4615-4883-6_2.pdf,,,https://doi.org/10.1007/978-1-4615-4883-6_2,https://doi.org/10.1007/978-1-4615-4883-6_2,10.1007/978-1-4615-4883-6_2,OpenAlex; Crossref,OpenAlex:doi; Crossref:doi,high,2026-09-09,Unpaywall:not_configured
CAND-ACADEMIC-2026-09-09-EXTRA-85e203d4eb5a-004,Organized Crime and Legitimate Business,10.4135/9781506305110.n10,doi_only,https://doi.org/10.4135/9781506305110.n10,source,,,,https://doi.org/10.4135/9781506305110.n10,https://doi.org/10.4135/9781506305110.n10,10.4135/9781506305110.n10,OpenAlex; Crossref,OpenAlex:doi; Crossref:doi,high,2026-09-09,Unpaywall:not_configured
CAND-ACADEMIC-2026-09-09-EXTRA-85e203d4eb5a-005,How Criminals Infiltrate Public Procurement: Organised Crime and Corruption in Legal Markets and Public Sectors,,full_text,https://cejiss.org/images/issue_articles/2016-volume-10-issue-1/article-01.pdf,full_text,https://cejiss.org/images/issue_articles/2016-volume-10-issue-1/article-01.pdf,,,,https://cejiss.org/images/issue_articles/2016-volume-10-issue-1/article-01.pdf,,OpenAlex,OpenAlex:title_year,medium,2026-09-09,Unpaywall:not_configured
CAND-ACADEMIC-2026-09-09-EXTRA-85e203d4eb5a-006,Organized Crime and Economic Growth: Evidence from Municipalities Infiltrated by the Mafia,10.1257/aer.20221687,full_text,https://pubs.aeaweb.org/doi/pdf/10.1257/aer.20221687,full_text,https://pubs.aeaweb.org/doi/pdf/10.1257/aer.20221687,,https://www.aeaweb.org/doi/10.1257/aer.20221687,https://doi.org/10.1257/aer.20221687,https://doi.org/10.1257/aer.20221687; https://www.nber.org/papers/w32002,10.1257/aer.20221687,OpenAlex; Crossref,OpenAlex:doi; Crossref:doi,high,2026-09-09,Unpaywall:not_configured
CAND-ACADEMIC-2026-09-09-EXTRA-85e203d4eb5a-007,Mafia expansion to new territories: the 'Ndrangheta in Germany,,source_link_only,https://ora.ox.ac.uk/objects/uuid:1de693d7-e5f5-4876-b7e7-7e6c1e2094d6,source,,,,,https://ora.ox.ac.uk/objects/uuid:1de693d7-e5f5-4876-b7e7-7e6c1e2094d6,,,source_only,low,2026-09-09,Unpaywall:not_configured
CAND-ACADEMIC-2026-09-09-EXTRA-85e203d4eb5a-008,The territorial expansion of mafia-type organized crime. The case of the Italian mafia in Germany,10.1007/s10611-013-9473-7,full_text,http://link.springer.com/article/10.1007/s10611-013-9473-7/fulltext.html,full_text,http://link.springer.com/article/10.1007/s10611-013-9473-7/fulltext.html,http://hdl.handle.net/2318/141667,,https://doi.org/10.1007/s10611-013-9473-7,https://doi.org/10.1007/s10611-013-9473-7,10.1007/s10611-013-9473-7,OpenAlex; Crossref,OpenAlex:doi; Crossref:doi,high,2026-09-09,Unpaywall:not_configured
CAND-ACADEMIC-2026-09-09-EXTRA-85e203d4eb5a-009,Mafia infiltration in legitimate companies in Italy: From traditional sectors to emerging businesses,,source_link_only,https://publicatt.unicatt.it/handle/10807/223872,source,,,,,https://publicatt.unicatt.it/handle/10807/223872,,,source_only,low,2026-09-09,Unpaywall:not_configured
CAND-ACADEMIC-2026-09-09-EXTRA-85e203d4eb5a-010,Detection of shell companies in financial institutions using dynamic social network,10.1016/j.eswa.2022.117981,full_text,https://eprints.ucm.es/id/eprint/73458/1/1-s2.0-S095741742201209X-main.pdf,full_text,https://eprints.ucm.es/id/eprint/73458/1/1-s2.0-S095741742201209X-main.pdf,,,https://doi.org/10.1016/j.eswa.2022.117981,https://doi.org/10.1016/j.eswa.2022.117981,10.1016/j.eswa.2022.117981,OpenAlex; Crossref,OpenAlex:doi; Crossref:doi,high,2026-09-09,Unpaywall:not_configured
CAND-ACADEMIC-2026-09-09-EXTRA-85e203d4eb5a-011,Keeping Pace with Organised Crime: Seven Reflections on Research and Policy Priorities,10.1080/03071847.2026.2681442,full_text,https://www.repository.cam.ac.uk/bitstreams/65ba4edb-6dab-44e1-827d-9958c1393c9b/download,full_text,https://www.repository.cam.ac.uk/bitstreams/65ba4edb-6dab-44e1-827d-9958c1393c9b/download,https://www.repository.cam.ac.uk/handle/1810/404345,,https://doi.org/10.1080/03071847.2026.2681442,https://doi.org/10.1080/03071847.2026.2681442,10.1080/03071847.2026.2681442,OpenAlex; Crossref,OpenAlex:doi; Crossref:doi,high,2026-09-09,Unpaywall:not_configured
CAND-ACADEMIC-2026-09-09-EXTRA-85e203d4eb5a-012,Monitoring Quality of Mafia-Connected Accountants,10.1111/1475-679x.70055,full_text,https://onlinelibrary.wiley.com/doi/full-xml/10.1111/1475-679x.70055,full_text,https://onlinelibrary.wiley.com/doi/full-xml/10.1111/1475-679x.70055,https://doi.org/10.1111/1475-679x.70055,,https://doi.org/10.1111/1475-679x.70055,https://doi.org/10.1111/1475-679X.70055,10.1111/1475-679x.70055,OpenAlex; Crossref,OpenAlex:doi; Crossref:doi,high,2026-09-09,Unpaywall:not_configured
CAND-ACADEMIC-2026-09-09-EXTRA-85e203d4eb5a-013,Organized crime and banks: assessing the effects of anti-mafia police actions on lending,,full_text,https://www.ecb.europa.eu/pub/pdf/scpwps/ecb.wp3060~2ea4ebd7aa.en.pdf,full_text,https://www.ecb.europa.eu/pub/pdf/scpwps/ecb.wp3060~2ea4ebd7aa.en.pdf,https://doi.org/10.2139/ssrn.5290101,,https://doi.org/10.2139/ssrn.5290101,https://www.ecb.europa.eu/pub/pdf/scpwps/ecb.wp3060~2ea4ebd7aa.en.pdf,10.2139/ssrn.5290101,OpenAlex; Crossref,OpenAlex:title_year; Crossref:title_year,medium,2026-09-09,Unpaywall:not_configured
CAND-ACADEMIC-2026-09-09-EXTRA-8e1caef4c376-001,Organised crime infiltration in the legitimate private economy - An empirical network analysis approach,10.48550/arxiv.1403.5071,full_text,https://arxiv.org/pdf/1403.5071,full_text,https://arxiv.org/pdf/1403.5071,http://arxiv.org/abs/1403.5071,,https://doi.org/10.48550/arxiv.1403.5071,https://arxiv.org/abs/1403.5071,10.48550/arxiv.1403.5071,OpenAlex,OpenAlex:doi,high,2026-09-09,Unpaywall:not_configured
CAND-ACADEMIC-2026-09-09-EXTRA-8e1caef4c376-002,Identification and Economic Analysis of Governance Mechanisms in Legally Registered Mafia Firms,,full_text,https://management-aims.com/index.php/mgmt/article/download/3955/9677,full_text,https://management-aims.com/index.php/mgmt/article/download/3955/9677,,https://hdl.handle.net/1871.1/56b10d27-c8dd-4ae9-8e86-8ad21edd9431,,https://management-aims.com/index.php/mgmt/article/view/3955; https://management-aims.com/index.php/mgmt/article/download/3955/9677,,OpenAlex; Curator verified full text,OpenAlex:title_year; reading_aid_override:full_text_intro,high,2026-09-13,"Unpaywall:not_configured; Curator-verified full-text locator synchronised from reading_aid_overrides.json; retrieval only, with no eligibility or canonicalisation decision.; Curator-verified full-text locator synchronised from reading_aid_overrides.json; retrieval only, with no eligibility or canonicalisation decision.; Curator-verified full-text locator synchronised from reading_aid_overrides.json; retrieval only, with no eligibility or canonicalisation decision.; Curator-verified full-text locator synchronised from reading_aid_overrides.json; retrieval only, with no eligibility or canonicalisation decision.; Curator-verified full-text locator synchronised from reading_aid_overrides.json; retrieval only, with no eligibility or canonicalisation decision.; Curator-verified full-text locator synchronised from reading_aid_overrides.json; retrieval only, with no eligibility or canonicalisation decision."
CAND-ACADEMIC-2026-09-09-EXTRA-8e1caef4c376-003,What happens in criminal firms after godfather management removal? Judicial administration and firms’ performance,10.1007/s11187-020-00439-4,full_text,https://link.springer.com/article/10.1007/s11187-020-00439-4/fulltext.html,full_text,https://link.springer.com/article/10.1007/s11187-020-00439-4/fulltext.html,,http://hdl.handle.net/10419/225513,https://doi.org/10.1007/s11187-020-00439-4,https://doi.org/10.1007/s11187-020-00439-4,10.1007/s11187-020-00439-4,OpenAlex; Crossref,OpenAlex:doi; Crossref:doi,high,2026-09-09,Unpaywall:not_configured
CAND-ACADEMIC-2026-09-09-EXTRA-8e1caef4c376-004,Organised crime infiltration in the Netherlands: transportation companies hiding transit crimes,10.4324/9781315640617-12,open_access_landing,https://dspace.library.uu.nl/handle/1874/414369,open_access,,https://dspace.library.uu.nl/handle/1874/414369,https://www.taylorfrancis.com/chapters/edit/10.4324/9781315640617-12/organised-crime-infiltration-netherlands-transportation-companies-hiding-transit-crimes-joras-ferwerda-brigitte-unger,https://doi.org/10.4324/9781315640617-12,https://doi.org/10.4324/9781315640617-12,10.4324/9781315640617-12,OpenAlex,OpenAlex:doi,high,2026-09-09,Unpaywall:not_configured
CAND-ACADEMIC-2026-09-09-EXTRA-8e1caef4c376-005,Measuring organised crime infiltration in legal businesses,,full_text,http://epubs.surrey.ac.uk/845135/1/Riccardi%20%26%20Berlusconi%20%282016%29%20Organised%20crime%20in%20European%20businesses_Chapter%202_manuscript.pdf,full_text,http://epubs.surrey.ac.uk/845135/1/Riccardi%20%26%20Berlusconi%20%282016%29%20Organised%20crime%20in%20European%20businesses_Chapter%202_manuscript.pdf,,https://epubs.surrey.ac.uk/845135/,,https://openresearch.surrey.ac.uk/esploro/outputs/bookChapter/Measuring-organised-crime-infiltration-in-legal/99511554502346,,OpenAlex,OpenAlex:title_year,medium,2026-09-09,Unpaywall:not_configured
CAND-ACADEMIC-2026-09-09-EXTRA-8e1caef4c376-006,Exploring infiltration behaviour by organised crime groups,10.1108/jmlc-10-2021-0117,full_text,https://www.emerald.com/insight/content/doi/10.1108/JMLC-10-2021-0117/full/html,full_text,https://www.emerald.com/insight/content/doi/10.1108/JMLC-10-2021-0117/full/html,,https://doi.org/10.1108/jmlc-10-2021-0117,https://doi.org/10.1108/jmlc-10-2021-0117,https://ideas.repec.org/a/eme/jmlcpp/jmlc-10-2021-0117.html,10.1108/jmlc-10-2021-0117,OpenAlex; Crossref,OpenAlex:doi; Crossref:doi,high,2026-09-09,Unpaywall:not_configured
CAND-ACADEMIC-2026-09-09-EXTRA-8e1caef4c376-007,"Corporate Governance, Stakeholder Involvement, and Government Interventions as Corporate Prevention Strategies Against Organized Crime",10.1007/978-3-031-74523-2_19,full_text,https://link.springer.com/content/pdf/10.1007/978-3-031-74523-2_19,full_text,https://link.springer.com/content/pdf/10.1007/978-3-031-74523-2_19,,,https://doi.org/10.1007/978-3-031-74523-2_19,https://www.iris.unict.it/handle/20.500.11769/665869; https://doi.org/10.1007/978-3-031-74523-2_19,10.1007/978-3-031-74523-2_19,OpenAlex; Crossref,OpenAlex:doi; Crossref:doi,high,2026-09-13,Unpaywall:not_configured
CAND-ACADEMIC-2026-09-10-001,The Evolution of Organized Crime and Labor Racketeering Corruption,,full_text,https://www.oig.dol.gov/public/reports/laborracpaper.pdf,full_text,https://www.oig.dol.gov/public/reports/laborracpaper.pdf,,,,https://www.oig.dol.gov/public/reports/laborracpaper.pdf,,,source_only,low,2026-09-10,Unpaywall:not_configured
CAND-ACADEMIC-2026-09-10-002,"""On the Waterfront"": RICO and Labor Racketeering",,full_text,https://scholarship.law.nd.edu/law_faculty_scholarship/23,full_text,https://scholarship.law.nd.edu/law_faculty_scholarship/23,,,,https://scholarship.law.nd.edu/cgi/viewcontent.cgi?article=1012&context=law_faculty_scholarship,,OpenAlex,OpenAlex:title_year,medium,2026-09-10,Unpaywall:not_configured
CAND-ACADEMIC-2026-09-10-003,Organized Crime Research Brief no. 27 - Commercial Construction and OC,,full_text,https://www.publicsafety.gc.ca/cnt/rsrcs/pblctns/rgnzd-crm-brf-27/rgnzd-crm-brf-27-eng.pdf,full_text,https://www.publicsafety.gc.ca/cnt/rsrcs/pblctns/rgnzd-crm-brf-27/rgnzd-crm-brf-27-eng.pdf,,,,https://www.publicsafety.gc.ca/cnt/rsrcs/pblctns/rgnzd-crm-brf-27/index-en.aspx; https://www.publicsafety.gc.ca/cnt/rsrcs/pblctns/rgnzd-crm-brf-27/rgnzd-crm-brf-27-eng.pdf,,Curator verified full text,source_only; reading_aid_override:full_text_intro,high,2026-09-13,"Unpaywall:not_configured; Curator-verified full-text locator synchronised from reading_aid_overrides.json; retrieval only, with no eligibility or canonicalisation decision.; Curator-verified full-text locator synchronised from reading_aid_overrides.json; retrieval only, with no eligibility or canonicalisation decision.; Curator-verified full-text locator synchronised from reading_aid_overrides.json; retrieval only, with no eligibility or canonicalisation decision.; Curator-verified full-text locator synchronised from reading_aid_overrides.json; retrieval only, with no eligibility or canonicalisation decision.; Curator-verified full-text locator synchronised from reading_aid_overrides.json; retrieval only, with no eligibility or canonicalisation decision.; Curator-verified full-text locator synchronised from reading_aid_overrides.json; retrieval only, with no eligibility or canonicalisation decision.; Curator-verified full-text locator synchronised from reading_aid_overrides.json; retrieval only, with no eligibility or canonicalisation decision."
CAND-ACADEMIC-2026-09-10-004,Organised food crime: an analysis of the involvements of organised crime groups in the food sector in England and Italy,10.1007/s10611-021-09975-w,full_text,https://link.springer.com/content/pdf/10.1007/s10611-021-09975-w.pdf,full_text,https://link.springer.com/content/pdf/10.1007/s10611-021-09975-w.pdf,https://doi.org/10.1007/s10611-021-09975-w,https://pubmed.ncbi.nlm.nih.gov/34305319,https://doi.org/10.1007/s10611-021-09975-w,https://pmc.ncbi.nlm.nih.gov/articles/PMC8285286,10.1007/s10611-021-09975-w,OpenAlex; Crossref,OpenAlex:doi; Crossref:doi,high,2026-09-10,Unpaywall:not_configured
CAND-ACADEMIC-2026-09-10-005,Organized Crime in the Waste Management Industry,10.4324/9781003198635-9,landing_page,https://doi.org/10.4324/9781003198635-9,landing,,,https://doi.org/10.4324/9781003198635-9,https://doi.org/10.4324/9781003198635-9,https://publires.unicatt.it/it/publications/organized-crime-in-the-waste-management-industry,10.4324/9781003198635-9,OpenAlex; Crossref,OpenAlex:doi; Crossref:doi,high,2026-09-10,Unpaywall:not_configured
CAND-ACADEMIC-2026-09-10-006,Controllo giudiziario e sospensione degli effetti dell’informazione interdittiva antimafia. Possibili profili di incostituzionalità,,source_link_only,https://www.iris.unicz.it/handle/20.500.12317/104840,source,,,,,https://www.iris.unicz.it/handle/20.500.12317/104840,,,source_only,low,2026-09-10,Unpaywall:not_configured
CAND-ACADEMIC-2026-09-10-007,"Crime, Crime Control and the Yakuza in Contemporary Japan",,source_link_only,https://www.ojp.gov/ncjrs/virtual-library/abstracts/crime-crime-control-and-yakuza-contemporary-japan,source,,,,,https://www.ojp.gov/ncjrs/virtual-library/abstracts/crime-crime-control-and-yakuza-contemporary-japan,,,source_only,low,2026-09-10,Unpaywall:not_configured
CAND-ACADEMIC-2026-09-10-008,Enforcement against Organized Crime Fosters Illegal Markets: Evidence from the Yakuza,10.31219/osf.io/r4cmb,full_text,https://www.nhh.no/globalassets/departments/business-and-management-science/seminars/2020/270820.pdf,full_text,https://www.nhh.no/globalassets/departments/business-and-management-science/seminars/2020/270820.pdf,,,https://doi.org/10.31219/osf.io/r4cmb,https://www.nhh.no/globalassets/departments/business-and-management-science/seminars/2020/270820.pdf,10.31219/osf.io/r4cmb,,source_only,low,2026-09-10,Unpaywall:not_configured
CAND-ACADEMIC-2026-09-10-EXTRA-65282d1dbeff-001,"Who Pays? Casino Gambling, Hidden Interests, and Organized Crime",,source_link_only,https://www.ojp.gov/ncjrs/virtual-library/abstracts/who-pays-casino-gambling-hidden-interests-and-organized-crime,source,,,,,https://www.ojp.gov/ncjrs/virtual-library/abstracts/who-pays-casino-gambling-hidden-interests-and-organized-crime,,,source_only,low,2026-09-10,OpenAlex:HTTP 400; Unpaywall:not_configured
CAND-ACADEMIC-2026-09-10-EXTRA-65282d1dbeff-002,"Other People’s Dirty Money: Professional Intermediaries, Market Dynamics and the Finances of White-collar, Corporate and Organized Crimes",10.1093/bjc/azz004,full_text,https://academic.oup.com/bjc/article-pdf/59/5/1217/29118134/azz004.pdf,full_text,https://academic.oup.com/bjc/article-pdf/59/5/1217/29118134/azz004.pdf,http://hdl.handle.net/1765/115146,http://repub.eur.nl/pub/115146,https://doi.org/10.1093/bjc/azz004,https://academic.oup.com/bjc/article/59/5/1217/5348024,10.1093/bjc/azz004,OpenAlex; Crossref,OpenAlex:doi; Crossref:doi,high,2026-09-10,Unpaywall:not_configured
CAND-ACADEMIC-2026-09-10-EXTRA-65282d1dbeff-003,La prevenzione collaborativa. Potenzialità applicative del nuovo strumento di bonifica aziendale ex art. 94-bis Codice Antimafia,,full_text,https://www.anticorruzione.it/documents/91439/126610/LA+PREVENZIONE+COLLABORATIVA_art_+94bis+Codice+Antimafia.pdf/464cb231-9c8f-8600-7f5c-1b8f7178a2f9?t=1694780817920,full_text,https://www.anticorruzione.it/documents/91439/126610/LA+PREVENZIONE+COLLABORATIVA_art_+94bis+Codice+Antimafia.pdf/464cb231-9c8f-8600-7f5c-1b8f7178a2f9?t=1694780817920,,,,https://www.anticorruzione.it/documents/91439/126610/LA+PREVENZIONE+COLLABORATIVA_art_+94bis+Codice+Antimafia.pdf/464cb231-9c8f-8600-7f5c-1b8f7178a2f9?t=1694780817920,,Curator verified full text,source_only; reading_aid_override:full_text_intro,high,2026-09-13,"Unpaywall:not_configured; Curator-verified full-text locator synchronised from reading_aid_overrides.json; retrieval only, with no eligibility or canonicalisation decision.; Curator-verified full-text locator synchronised from reading_aid_overrides.json; retrieval only, with no eligibility or canonicalisation decision."
CAND-ACADEMIC-2026-09-10-EXTRA-65282d1dbeff-004,L'impresa mafiosa: i risultati economici della criminalità organizzata e il ruolo delle politiche pubbliche,,full_text,https://mpra.ub.uni-muenchen.de/9138/1/MPRA_paper_9138.pdf,full_text,https://mpra.ub.uni-muenchen.de/9138/1/MPRA_paper_9138.pdf,,https://econpapers.repec.org/RePEc:pra:mprapa:9138,,https://ideas.repec.org/p/pra/mprapa/9138.html; https://mpra.ub.uni-muenchen.de/9138/1/MPRA_paper_9138.pdf,,OpenAlex; Curator verified full text,OpenAlex:title_year; reading_aid_override:full_text_intro,high,2026-09-13,"Unpaywall:not_configured; Curator-verified full-text locator synchronised from reading_aid_overrides.json; retrieval only, with no eligibility or canonicalisation decision.; Curator-verified full-text locator synchronised from reading_aid_overrides.json; retrieval only, with no eligibility or canonicalisation decision."
CAND-ACADEMIC-2026-09-10-EXTRA-8af43493861b-001,BUSINESS OF ORGANIZED CRIME,,source_link_only,https://www.ojp.gov/ncjrs/virtual-library/abstracts/business-organized-crime,source,,,,,https://www.ojp.gov/ncjrs/virtual-library/abstracts/business-organized-crime,,,source_only,low,2026-09-10,Unpaywall:not_configured
CAND-ACADEMIC-2026-09-10-EXTRA-8af43493861b-002,The Dark Side of Private Ordering: An Institutional and Empirical Analysis of Organized Crime,10.2307/1600326,full_text,https://chicagounbound.uchicago.edu/cgi/viewcontent.cgi?article=5018&context=uclrev,full_text,https://chicagounbound.uchicago.edu/cgi/viewcontent.cgi?article=5018&context=uclrev,,https://chicagounbound.uchicago.edu/uclrev/vol67/iss1/2,https://doi.org/10.2307/1600326,https://chicagounbound.uchicago.edu/cgi/viewcontent.cgi?article=5018&context=uclrev; https://doi.org/10.2307/1600326,10.2307/1600326,OpenAlex; Crossref; Curator verified full text,OpenAlex:doi; Crossref:doi; reading_aid_override:full_text_intro,high,2026-09-13,"Unpaywall:not_configured; Curator-verified full-text locator synchronised from reading_aid_overrides.json; retrieval only, with no eligibility or canonicalisation decision."
CAND-ACADEMIC-2026-09-10-EXTRA-8af43493861b-003,21st-Century Yakuza: Recent Trends in Organized Crime in Japan ~Part 1,10.1017/s1557466012032226,full_text,https://www.cambridge.org/core/services/aop-cambridge-core/content/view/88901E6A7E09AF14DCEFB15BC0F5D2ED/S1557466012032226a.pdf/div-class-title-21st-century-yakuza-recent-trends-in-organized-crime-in-japan-part-1-div.pdf,full_text,https://www.cambridge.org/core/services/aop-cambridge-core/content/view/88901E6A7E09AF14DCEFB15BC0F5D2ED/S1557466012032226a.pdf/div-class-title-21st-century-yakuza-recent-trends-in-organized-crime-in-japan-part-1-div.pdf,https://doi.org/10.1017/s1557466012032226,,https://doi.org/10.1017/s1557466012032226,https://www.cambridge.org/core/journals/asia-pacific-journal/article/21stcentury-yakuza-recent-trends-in-organized-crime-in-japan-part-1/88901E6A7E09AF14DCEFB15BC0F5D2ED,10.1017/s1557466012032226,OpenAlex; Crossref,OpenAlex:doi; Crossref:doi,high,2026-09-10,Unpaywall:not_configured
CAND-ACADEMIC-2026-09-10-EXTRA-8af43493861b-004,"Gangs and the Gig Economy: Triads, Precarity and Illicit Work in Hong Kong",,full_text,https://academic.oup.com/bjc/article-pdf/64/1/139/54544320/azad018.pdf,full_text,https://academic.oup.com/bjc/article-pdf/64/1/139/54544320/azad018.pdf,,https://doi.org/10.1093/bjc/azad018,https://doi.org/10.1093/bjc/azad018,https://academic.oup.com/bjc/article/64/1/139/7186667,10.1093/bjc/azad018,Crossref,Crossref:title_year,medium,2026-09-10,OpenAlex:HTTP 429; Unpaywall:not_configured
CAND-ACADEMIC-2026-09-10-EXTRA-8af43493861b-005,The Triads as Business,10.4324/9780203030004,landing_page,http://hdl.handle.net/10722/120570,landing,,,http://hdl.handle.net/10722/120570,https://doi.org/10.4324/9780203030004,https://www.routledge.com/The-Triads-as-Business/Chu/p/book/9780415757249,10.4324/9780203030004,OpenAlex; Crossref,OpenAlex:doi; Crossref:doi,high,2026-09-10,Unpaywall:not_configured
CAND-ACADEMIC-2026-09-10-EXTRA-8af43493861b-006,Russian Organized Crime in the United States,,source_link_only,https://www.ojp.gov/ncjrs/virtual-library/abstracts/russian-organized-crime-united-states,source,,,,,https://www.ojp.gov/ncjrs/virtual-library/abstracts/russian-organized-crime-united-states,,,source_only,low,2026-09-10,OpenAlex:HTTP 429; Unpaywall:not_configured
CAND-ACADEMIC-2026-09-10-EXTRA-8af43493861b-007,Threat of Russian Organized Crime,,landing_page,https://www.hsdl.org/?abstract&did=471340,landing,,,https://www.hsdl.org/?abstract&did=471340,,https://ojp.gov/library/publications/threat-russian-organized-crime,,OpenAlex,OpenAlex:title_year,medium,2026-09-10,Unpaywall:not_configured
CAND-ACADEMIC-2026-09-10-EXTRA-8af43493861b-008,The Russian Mafia: Private Protection in a New Market Economy,10.1093/019829736x.001.0001,landing_page,https://doi.org/10.1093/019829736x.001.0001,landing,,,https://doi.org/10.1093/019829736x.001.0001,https://doi.org/10.1093/019829736x.001.0001,https://academic.oup.com/book/34757,10.1093/019829736x.001.0001,OpenAlex; Crossref,OpenAlex:doi; Crossref:doi,high,2026-09-10,Unpaywall:not_configured
CAND-ACADEMIC-2026-09-10-EXTRA-8af43493861b-009,the Russian Mafia: Rise and Extinction,,source_link_only,https://academic.oup.com/edited-volume/38662/chapter/335787074,source,,,,,https://academic.oup.com/edited-volume/38662/chapter/335787074,,,source_only,low,2026-09-10,Unpaywall:not_configured
CAND-ACADEMIC-2026-09-10-EXTRA-8af43493861b-010,Factions and Brokers in the Russian Mafia: Investigating the Structure of the Thieves-in-Law,10.1093/bjc/azaf041,full_text,https://academic.oup.com/bjc/advance-article-pdf/doi/10.1093/bjc/azaf041/63414436/azaf041.pdf,full_text,https://academic.oup.com/bjc/advance-article-pdf/doi/10.1093/bjc/azaf041/63414436/azaf041.pdf,,https://sciencespo.hal.science/hal-05173337,https://doi.org/10.1093/bjc/azaf041,https://ora.ox.ac.uk/objects/uuid:abca2b8f-2c5e-4dd7-b66b-bd0da1b4849d/files/rsx61dp050; https://doi.org/10.1093/bjc/azaf041,10.1093/bjc/azaf041,OpenAlex; Crossref,OpenAlex:doi; Crossref:doi,high,2026-09-13,Unpaywall:not_configured
CAND-ACADEMIC-2026-09-10-EXTRA-8af43493861b-011,"Let Sleeping Lawyers Lie: Organized Crime, Lawyers and the Regulation of Legal Services",10.1093/bjc/azv001,full_text,https://academic.oup.com/bjc/article-pdf/55/4/647/5194945/azv001.pdf,full_text,https://academic.oup.com/bjc/article-pdf/55/4/647/5194945/azv001.pdf,https://doi.org/10.1093/bjc/azv001,,https://doi.org/10.1093/bjc/azv001,https://academic.oup.com/bjc/article/55/4/647/545503,10.1093/bjc/azv001,OpenAlex; Crossref,OpenAlex:doi; Crossref:doi,high,2026-09-10,Unpaywall:not_configured
CAND-ACADEMIC-2026-09-10-EXTRA-8af43493861b-012,The role of solicitors in facilitating ‘Organized Crime’: Situational crime opportunities and their regulation,10.1007/s10611-005-5655-2,full_text,http://link.springer.com/article/10.1007/s10611-005-5655-2/fulltext.html,full_text,http://link.springer.com/article/10.1007/s10611-005-5655-2/fulltext.html,,https://doi.org/10.1007/s10611-005-5655-2,https://doi.org/10.1007/s10611-005-5655-2,https://link.springer.com/article/10.1007/s10611-005-5655-2,10.1007/s10611-005-5655-2,OpenAlex; Crossref,OpenAlex:doi; Crossref:doi,high,2026-09-10,Unpaywall:not_configured
CAND-ACADEMIC-2026-09-10-EXTRA-8af43493861b-013,The 'Ndrangheta in Canada: Outpost or Transnational Power Centre?,,source_link_only,https://ecpr.eu/Events/Event/PaperDetails/66185,source,,,,,https://ecpr.eu/Events/Event/PaperDetails/66185,,,source_only,low,2026-09-10,OpenAlex:HTTP 400; Unpaywall:not_configured
CAND-ACADEMIC-2026-09-10-EXTRA-8af43493861b-014,"Hong Kong triads: the historical and political evolution of urban criminal polity, 1842–2020",10.1017/s0963926821001024,full_text,https://www.cambridge.org/core/services/aop-cambridge-core/content/view/A2813B5622896D4998EA1EA39AED9185/S0963926821001024a.pdf/hong_kong_triads_the_historical_and_political_evolution_of_urban_criminal_polity_18422020.pdf,full_text,https://www.cambridge.org/core/services/aop-cambridge-core/content/view/A2813B5622896D4998EA1EA39AED9185/S0963926821001024a.pdf/hong_kong_triads_the_historical_and_political_evolution_of_urban_criminal_polity_18422020.pdf,https://doi.org/10.1017/s0963926821001024,,https://doi.org/10.1017/s0963926821001024,https://www.cambridge.org/core/services/aop-cambridge-core/content/view/A2813B5622896D4998EA1EA39AED9185/S0963926821001024a.pdf/hong_kong_triads_the_historical_and_political_evolution_of_urban_criminal_polity_18422020.pdf,10.1017/s0963926821001024,OpenAlex; Crossref,OpenAlex:doi; Crossref:doi,high,2026-09-10,Unpaywall:not_configured
CAND-ACADEMIC-2026-09-10-EXTRA-8af43493861b-015,The Japanese Yakuza,,landing_page,https://doi.org/10.1093/oxfordhb/9780199730445.013.027,landing,,,https://doi.org/10.1093/oxfordhb/9780199730445.013.027,https://doi.org/10.1093/oxfordhb/9780199730445.013.027,https://academic.oup.com/edited-volume/38662/chapter/335787867,10.1093/oxfordhb/9780199730445.013.027,OpenAlex,OpenAlex:title_year,medium,2026-09-10,Unpaywall:not_configured
CAND-ACADEMIC-2026-09-10-EXTRA-d22d325cf9b3-001,ANATOMY OF A SCAM - A CASE STUDY OF A PLANNED BANKRUPTCY BY ORGANIZED CRIME,,source_link_only,https://www.ojp.gov/ncjrs/virtual-library/abstracts/anatomy-scam-case-study-planned-bankruptcy-organized-crime,source,,,,,https://www.ojp.gov/ncjrs/virtual-library/abstracts/anatomy-scam-case-study-planned-bankruptcy-organized-crime,,,source_only,low,2026-09-10,Unpaywall:not_configured
CAND-ACADEMIC-2026-09-10-EXTRA-d22d325cf9b3-002,USE OF STATE REGULATORY ACTION AGAINST CRIMINAL INFILTRATION OF LEGITIMATE BUSINESS,,source_link_only,https://ojp.gov/ncjrs/virtual-library/abstracts/use-state-regulatory-action-against-criminal-infiltration,source,,,,,https://ojp.gov/ncjrs/virtual-library/abstracts/use-state-regulatory-action-against-criminal-infiltration,,,source_only,low,2026-09-10,Unpaywall:not_configured
CAND-ACADEMIC-2026-09-10-EXTRA-d22d325cf9b3-003,FROM ILLEGAL MARKETS TO LEGITIMATE BUSINESSES: THE PORTFOLIO OF ORGANISED CRIME IN EUROPE,,full_text,https://www.transcrime.it/wp-content/uploads/2015/12/ocp.pdf,full_text,https://www.transcrime.it/wp-content/uploads/2015/12/ocp.pdf,,,,https://www.transcrime.it/wp-content/uploads/2015/12/ocp.pdf,,,source_only,low,2026-09-10,Unpaywall:not_configured
CAND-ACADEMIC-2026-09-10-EXTRA-d22d325cf9b3-004,All in the construction family: cartel building and organised crime,,open_access_landing,https://research.tilburguniversity.edu/en/publications/1087fbb2-a41c-4c83-ac2d-77a552025826,open_access,,https://research.tilburguniversity.edu/en/publications/1087fbb2-a41c-4c83-ac2d-77a552025826,https://pure.uvt.nl/ws/files/941916/All_in_the_Dutch_construction_family__cartel_building_and_organised_crime.doc,,https://research.tilburguniversity.edu/en/publications/all-in-the-construction-family-cartel-building-and-organised-crim,,OpenAlex,OpenAlex:title_year,medium,2026-09-10,Unpaywall:not_configured
CAND-ACADEMIC-2026-09-10-EXTRA-d22d325cf9b3-005,Trust Thy Crooked Neighbor: Multiplexity in Chicago Organized Crime Networks,,source_link_only,https://nij.ojp.gov/library/publications/trust-thy-crooked-neighbor-multiplexity-chicago-organized-crime-networks,source,,,,,https://nij.ojp.gov/library/publications/trust-thy-crooked-neighbor-multiplexity-chicago-organized-crime-networks,,,source_only,low,2026-09-10,Unpaywall:not_configured
CAND-ACADEMIC-2026-09-10-EXTRA-dbc5cb0d9888-001,"Rico's ""Troubled... Transition"": Organized Crime, Strategic Institutional Factors, and Implementation Delay, 1971-1981",10.1177/073401680002500104,full_text,https://journals.sagepub.com/doi/pdf/10.1177/073401680002500104,full_text,https://journals.sagepub.com/doi/pdf/10.1177/073401680002500104,,https://doi.org/10.1177/073401680002500104,https://doi.org/10.1177/073401680002500104,https://journals.sagepub.com/doi/10.1177/073401680002500104,10.1177/073401680002500104,OpenAlex; Crossref,OpenAlex:doi; Crossref:doi,high,2026-09-10,Unpaywall:not_configured
CAND-ACADEMIC-2026-09-10-EXTRA-dbc5cb0d9888-002,Labor Racketeering: The Mafia and the Unions,,full_text,http://www.journals.uchicago.edu/doi/pdf/10.1086/652232,full_text,http://www.journals.uchicago.edu/doi/pdf/10.1086/652232,,https://doi.org/10.1086/652232,https://doi.org/10.1086/652232,https://www.ojp.gov/ncjrs/virtual-library/abstracts/labor-racketeering-mafia-and-unions-crime-and-justice-review,10.1086/652232,OpenAlex; Crossref,OpenAlex:title_year; Crossref:title_year,medium,2026-09-10,Unpaywall:not_configured
CAND-ACADEMIC-2026-09-10-EXTRA-dbc5cb0d9888-003,The Rise and Fall of Organized Crime in the United States,10.1086/706895,full_text,https://www.journals.uchicago.edu/doi/pdf/10.1086/706895,full_text,https://www.journals.uchicago.edu/doi/pdf/10.1086/706895,,https://doi.org/10.1086/706895,https://doi.org/10.1086/706895,https://www.journals.uchicago.edu/doi/10.1086/706895,10.1086/706895,OpenAlex; Crossref,OpenAlex:doi; Crossref:doi,high,2026-09-10,Unpaywall:not_configured
CAND-ACADEMIC-2026-09-10-EXTRA-dbc5cb0d9888-004,"Edge: Organized Crime, Business, and Labor Unions",,source_link_only,https://www.ojp.gov/ncjrs/virtual-library/abstracts/edge-organized-crime-business-and-labor-unions,source,,,,,https://www.ojp.gov/ncjrs/virtual-library/abstracts/edge-organized-crime-business-and-labor-unions,,,source_only,low,2026-09-10,Unpaywall:not_configured
CAND-ACADEMIC-2026-09-10-EXTRA-dbc5cb0d9888-005,The Upperworld and the Underworld: Case Studies of Racketeering and Business Infiltrations in the United States,,source_link_only,https://www.amazon.com/-/he/Robert-J-Kelly-ebook/dp/B000PY3MRO,source,,,,,https://www.amazon.com/-/he/Robert-J-Kelly-ebook/dp/B000PY3MRO,,,source_only,low,2026-09-10,Unpaywall:not_configured
CAND-ACADEMIC-2026-09-10-EXTRA-dbc5cb0d9888-006,A Review of Corruption and Organized Crime in the Construction Industry,,full_text,https://www.diva-portal.org/smash/get/diva2:1486107/FULLTEXT01.pdf,full_text,https://www.diva-portal.org/smash/get/diva2:1486107/FULLTEXT01.pdf,http://urn.kb.se/resolve?urn=urn:nbn:se:mau:diva-24687,https://muep.mau.se/handle/2043/32569,,https://www.diva-portal.org/smash/get/diva2:1486107/FULLTEXT01.pdf,,OpenAlex,OpenAlex:title_year,medium,2026-09-10,Unpaywall:not_configured
CAND-ACADEMIC-2026-09-10-EXTRA-dbc5cb0d9888-007,La Cosa Nostra in the United States,,full_text,https://www.ojp.gov/pdffiles1/nij/218555.pdf,full_text,https://www.ojp.gov/pdffiles1/nij/218555.pdf,,https://www.ncjrs.gov/pdffiles1/nij/218555.pdf,,https://www.ojp.gov/pdffiles1/nij/218555.pdf,,OpenAlex,OpenAlex:title_year,medium,2026-09-10,Unpaywall:not_configured
CAND-ACADEMIC-2026-09-10-EXTRA-dbc5cb0d9888-008,Cosa Nostra: The Final Chapter?,10.1086/449288,full_text,http://www.journals.uchicago.edu/doi/pdf/10.1086/449288,full_text,http://www.journals.uchicago.edu/doi/pdf/10.1086/449288,,https://doi.org/10.1086/449288,https://doi.org/10.1086/449288,https://www.journals.uchicago.edu/doi/pdfplus/10.1086/449288,10.1086/449288,OpenAlex; Crossref,OpenAlex:doi; Crossref:doi,high,2026-09-10,Unpaywall:not_configured
CAND-ACADEMIC-2026-09-10-EXTRA-dbc5cb0d9888-009,"Le mafie nell'economia legale. Scambi, collusioni, azioni di contrasto",,landing_page,http://bvbr.bib-bvb.de:8991/F?func=service&doc_library=BVB01&local_base=BVB01&doc_number=031639093&sequence=000001&line_number=0001&func_code=DB_RECORDS&service_type=MEDIA,landing,,,http://bvbr.bib-bvb.de:8991/F?func=service&doc_library=BVB01&local_base=BVB01&doc_number=031639093&sequence=000001&line_number=0001&func_code=DB_RECORDS&service_type=MEDIA,,https://iris.unito.it/handle/2318/1721594,,OpenAlex,OpenAlex:title_year,medium,2026-09-10,Unpaywall:not_configured
CAND-ACADEMIC-2026-09-10-EXTRA-dbc5cb0d9888-010,"Area grigia, scambi illeciti e spazi di potere",,full_text,https://iris.uniroma1.it/retrieve/e383532c-82fc-15e8-e053-a505fe0a3de9/Gallo_network-romano_2020.pdf,full_text,https://iris.uniroma1.it/retrieve/e383532c-82fc-15e8-e053-a505fe0a3de9/Gallo_network-romano_2020.pdf,,,,https://iris.uniroma1.it/retrieve/e383532c-82fc-15e8-e053-a505fe0a3de9/Gallo_network-romano_2020.pdf,,,source_only,low,2026-09-10,Unpaywall:not_configured
CAND-ACADEMIC-2026-09-10-EXTRA-dbc5cb0d9888-011,"Doing Business Below the Line: Screening, Mafias and Public Funds",,source_link_only,https://ideas.repec.org/p/baf/cbafwp/cbafwp1898.html,source,,,,,https://ideas.repec.org/p/baf/cbafwp/cbafwp1898.html,,,source_only,low,2026-09-10,Unpaywall:not_configured
CAND-ACADEMIC-2026-09-10-EXTRA-dbc5cb0d9888-012,"Complicità trasversali fra mafia ed economia. Servizi, garanzie, regolazione",10.1425/85087,open_access_landing,https://rivisteweb.it/doi/10.1425/85087,open_access,,https://rivisteweb.it/doi/10.1425/85087,https://dialnet.unirioja.es/servlet/articulo?codigo=5839567,https://doi.org/10.1425/85087,https://www.rivisteweb.it/doi/10.1425/85087,10.1425/85087,OpenAlex,OpenAlex:doi,high,2026-09-10,Unpaywall:not_configured
CAND-ACADEMIC-2026-09-10-EXTRA-dbc5cb0d9888-013,Shaping mafia power through extortion: the evolution of the pizzo in Sicily,10.1007/s10611-025-10212-x,full_text,https://www.iris.unina.it/retrieve/8a9cc913-6d5a-4331-be1c-77148a514b18/s10611-025-10212-x.pdf,full_text,https://www.iris.unina.it/retrieve/8a9cc913-6d5a-4331-be1c-77148a514b18/s10611-025-10212-x.pdf,https://doi.org/10.1007/s10611-025-10212-x,,https://doi.org/10.1007/s10611-025-10212-x,https://www.iris.unina.it/retrieve/8a9cc913-6d5a-4331-be1c-77148a514b18/s10611-025-10212-x.pdf,10.1007/s10611-025-10212-x,OpenAlex; Crossref,OpenAlex:doi; Crossref:doi,high,2026-09-10,Unpaywall:not_configured
CAND-ACADEMIC-2026-09-10-EXTRA-dbc5cb0d9888-014,"The good connections: A Network Analysis of organized crime, patronage, and local elites",,full_text,https://purehost.bath.ac.uk/ws/files/322850834/mafia_network.pdf,full_text,https://purehost.bath.ac.uk/ws/files/322850834/mafia_network.pdf,https://researchportal.bath.ac.uk/en/publications/b0ee1f38-34d7-43e3-862f-95bbe3e71b22,,,https://ideas.repec.org/p/eid/wpaper/58184.html,,OpenAlex,OpenAlex:title_year,medium,2026-09-10,Unpaywall:not_configured
CAND-ACADEMIC-2026-09-10-EXTRA-dbc5cb0d9888-015,"The Secret Nexus. A Case Study of Deviant Masons, Mafia and Corruption in Italy",10.1093/bjc/azac096,full_text,https://academic.oup.com/bjc/advance-article-pdf/doi/10.1093/bjc/azac096/48455825/azac096.pdf,full_text,https://academic.oup.com/bjc/advance-article-pdf/doi/10.1093/bjc/azac096/48455825/azac096.pdf,https://doi.org/10.1093/bjc/azac096,http://hdl.handle.net/10.1093/bjc/azac096,https://doi.org/10.1093/bjc/azac096,https://academic.oup.com/bjc/article/63/5/1165/6965895,10.1093/bjc/azac096,OpenAlex; Crossref,OpenAlex:doi; Crossref:doi,high,2026-09-10,Unpaywall:not_configured
CAND-ACADEMIC-2026-09-10-EXTRA-dbc5cb0d9888-016,Mafia Firms and Aftermaths,,open_access_landing,https://doi.org/10.2139/ssrn.3475376,open_access,,https://doi.org/10.2139/ssrn.3475376,,https://doi.org/10.2139/ssrn.3475376,https://ideas.repec.org/p/fem/femwpa/2019.21.html,10.2139/ssrn.3475376,OpenAlex; Crossref,OpenAlex:title_year; Crossref:title_year,medium,2026-09-10,Unpaywall:not_configured
CAND-ACADEMIC-2026-09-10-EXTRA-dbc5cb0d9888-017,"Mafia Borderland: Narratives, Traits, and Expectations of Italian-American Mafias in Ontario and the Niagara Region",10.1080/08865655.2022.2151036,full_text,https://repository.essex.ac.uk/34152/1/Mafia%20Borderland%20Narratives%20Traits%20and%20Expectations%20of%20Italian%20American%20Mafias%20in%20Ontario%20and%20the%20Niagara%20Region.pdf,full_text,https://repository.essex.ac.uk/34152/1/Mafia%20Borderland%20Narratives%20Traits%20and%20Expectations%20of%20Italian%20American%20Mafias%20in%20Ontario%20and%20the%20Niagara%20Region.pdf,https://doi.org/10.1080/08865655.2022.2151036,http://hdl.handle.net/10.1080/08865655.2022.2151036,https://doi.org/10.1080/08865655.2022.2151036,https://www.tandfonline.com/doi/full/10.1080/08865655.2022.2151036,10.1080/08865655.2022.2151036,OpenAlex; Crossref,OpenAlex:doi; Crossref:doi,high,2026-09-10,Unpaywall:not_configured
CAND-ACADEMIC-2026-09-10-EXTRA-dbc5cb0d9888-018,Organized crime and the visible hand: A theoretical critique on the economic analysis of organized crime,10.1177/1748895812465296,full_text,https://journals.sagepub.com/doi/full-xml/10.1177/1748895812465296,full_text,https://journals.sagepub.com/doi/full-xml/10.1177/1748895812465296,,https://doi.org/10.1177/1748895812465296,https://doi.org/10.1177/1748895812465296,https://journals.sagepub.com/doi/abs/10.1177/1748895812465296,10.1177/1748895812465296,OpenAlex; Crossref,OpenAlex:doi; Crossref:doi,high,2026-09-10,Unpaywall:not_configured
CAND-ACADEMIC-2026-09-10-EXTRA-dbc5cb0d9888-019,Organised Crime in Germany: A Passe-Partout Definition Encompassing Different Phenomena,10.1007/978-1-4020-2765-9_12,full_text,https://publikationen.uni-tuebingen.de/xmlui/bitstream/handle/10900/142172/Kinzig_065.pdf?isAllowed=y&sequence=1,full_text,https://publikationen.uni-tuebingen.de/xmlui/bitstream/handle/10900/142172/Kinzig_065.pdf?isAllowed=y&sequence=1,,http://edoc.mpg.de/218504,https://doi.org/10.1007/978-1-4020-2765-9_12,https://publikationen.uni-tuebingen.de/xmlui/bitstream/handle/10900/142172/Kinzig_065.pdf?isAllowed=y&sequence=1,10.1007/978-1-4020-2765-9_12,OpenAlex; Crossref,OpenAlex:doi; Crossref:doi,high,2026-09-10,Unpaywall:not_configured
CAND-ACADEMIC-2026-09-10-EXTRA-dbc5cb0d9888-020,Organized Crime in the Netherlands,,landing_page,http://bvbr.bib-bvb.de:8991/F?func=service&amp;doc_library=BVB01&amp;local_base=BVB01&amp;doc_number=008286096&amp;sequence=000001&amp;line_number=0001&amp;func_code=DB_RECORDS&amp;service_type=MEDIA,landing,,,http://bvbr.bib-bvb.de:8991/F?func=service&amp;doc_library=BVB01&amp;local_base=BVB01&amp;doc_number=008286096&amp;sequence=000001&amp;line_number=0001&amp;func_code=DB_RECORDS&amp;service_type=MEDIA,https://doi.org/10.1163/9789004641747,https://www.ojp.gov/ncjrs/virtual-library/abstracts/organized-crime-netherlands,10.1163/9789004641747,OpenAlex,OpenAlex:title_year,medium,2026-09-10,Unpaywall:not_configured
CAND-ACADEMIC-2026-09-10-EXTRA-dbc5cb0d9888-021,The Mafia and Organized Crime in Germany,10.1515/transcript.9783839424957.285,full_text,https://transcript.degruyter.com/view/book/9783839424957/10.14361/transcript.9783839424957.285.xml,full_text,https://transcript.degruyter.com/view/book/9783839424957/10.14361/transcript.9783839424957.285.xml,https://doi.org/10.1515/transcript.9783839424957.285,https://doi.org/10.14361/transcript.9783839424957.285,https://doi.org/10.1515/transcript.9783839424957.285,https://www.degruyterbrill.com/document/doi/10.1515/transcript.9783839424957.285/html,10.1515/transcript.9783839424957.285,OpenAlex; Crossref,OpenAlex:doi; Crossref:doi,high,2026-09-10,Unpaywall:not_configured
CAND-ACADEMIC-2026-09-10-EXTRA-dbc5cb0d9888-022,"Organized Crime, Transit Crime, and Racketeering",10.1086/501509,full_text,http://www.journals.uchicago.edu/doi/pdf/10.1086/501509,full_text,http://www.journals.uchicago.edu/doi/pdf/10.1086/501509,,https://doi.org/10.1086/501509,https://doi.org/10.1086/501509,https://www.journals.uchicago.edu/doi/abs/10.1086/501509,10.1086/501509,OpenAlex; Crossref,OpenAlex:doi; Crossref:doi,high,2026-09-10,Unpaywall:not_configured
CAND-ACADEMIC-2026-09-10-EXTRA-dbc5cb0d9888-023,‘Familiness’ diversification and recognition: intergenerational changes in mobile ‘ndrangheta families in Australia,10.1007/s12117-024-09537-1,full_text,https://link.springer.com/content/pdf/10.1007/s12117-024-09537-1.pdf,full_text,https://link.springer.com/content/pdf/10.1007/s12117-024-09537-1.pdf,http://dx.doi.org/10.1007/s12117-024-09537-1,,https://doi.org/10.1007/s12117-024-09537-1,https://link.springer.com/article/10.1007/s12117-024-09537-1,10.1007/s12117-024-09537-1,OpenAlex; Crossref,OpenAlex:doi; Crossref:doi,high,2026-09-10,Unpaywall:not_configured
CAND-ACADEMIC-2026-09-10-EXTRA-dbc5cb0d9888-024,Eavesdropping on the Mob: the functional diversification of Mafia activities across territories,10.1177/1477370811403442,full_text,https://journals.sagepub.com/doi/pdf/10.1177/1477370811403442,full_text,https://journals.sagepub.com/doi/pdf/10.1177/1477370811403442,,https://doi.org/10.1177/1477370811403442,https://doi.org/10.1177/1477370811403442,https://www.researchgate.net/publication/254091356_Eavesdropping_on_the_Mob_The_Functional_Diversification_of_Mafia_Activities_across_Territories,10.1177/1477370811403442,OpenAlex; Crossref,OpenAlex:doi; Crossref:doi,high,2026-09-10,Unpaywall:not_configured
CAND-ACADEMIC-2026-09-10-EXTRA-dbc5cb0d9888-025,Italian Mafia in the Netherlands,10.3280/siss2013-003003en,full_text,https://research.vu.nl/ws/portalfiles/portal/928415/ItalianMafiaintheNetherlands2013%20Finaldraft%2012072013.pdf,full_text,https://research.vu.nl/ws/portalfiles/portal/928415/ItalianMafiaintheNetherlands2013%20Finaldraft%2012072013.pdf,https://research.vu.nl/en/publications/9a6601a1-de7e-42d6-a2e7-7187e87b56ba,http://citeseerx.ist.psu.edu/viewdoc/summary?doi=10.1.1.820.2306,https://doi.org/10.3280/siss2013-003003en,https://research.vu.nl/ws/portalfiles/portal/928415/ItalianMafiaintheNetherlands2013%20Finaldraft%2012072013.pdf,10.3280/siss2013-003003en,OpenAlex; Crossref,OpenAlex:doi; Crossref:doi,high,2026-09-10,Unpaywall:not_configured
CAND-ACADEMIC-2026-09-10-EXTRA-dbc5cb0d9888-026,Mafia’s infiltration and spillover effects in the construction sector,,full_text,https://lagv2019.sciencesconf.org/248734/document,full_text,https://lagv2019.sciencesconf.org/248734/document,,,,https://lagv2019.sciencesconf.org/248734/document,,Curator verified full text,source_only; reading_aid_override:full_text_intro,high,2026-09-13,"Unpaywall:not_configured; Curator-verified full-text locator synchronised from reading_aid_overrides.json; retrieval only, with no eligibility or canonicalisation decision.; Curator-verified full-text locator synchronised from reading_aid_overrides.json; retrieval only, with no eligibility or canonicalisation decision.; Curator-verified full-text locator synchronised from reading_aid_overrides.json; retrieval only, with no eligibility or canonicalisation decision.; Curator-verified full-text locator synchronised from reading_aid_overrides.json; retrieval only, with no eligibility or canonicalisation decision.; Curator-verified full-text locator synchronised from reading_aid_overrides.json; retrieval only, with no eligibility or canonicalisation decision."
CAND-ACADEMIC-2026-09-10-EXTRA-dbc5cb0d9888-027,Proxy targeting and multiplex resilience for organized crime network disruption in corporate interlock and communications networks,10.1007/s13278-025-01506-y,full_text,https://link.springer.com/content/pdf/10.1007/s13278-025-01506-y.pdf,full_text,https://link.springer.com/content/pdf/10.1007/s13278-025-01506-y.pdf,https://doi.org/10.1007/s13278-025-01506-y,,https://doi.org/10.1007/s13278-025-01506-y,https://link.springer.com/article/10.1007/s13278-025-01506-y,10.1007/s13278-025-01506-y,OpenAlex; Crossref,OpenAlex:doi; Crossref:doi,high,2026-09-10,Unpaywall:not_configured
CAND-ACADEMIC-2026-09-10-EXTRA-dbc5cb0d9888-028,Organized Crime Infiltration of Legitimate Businesses in Europe: A Pilot Project in Five European Countries — Methodological Annex,,full_text,https://www.transcrime.it/wp-content/uploads/2015/11/Project-ARIEL_Methodological-Annex.pdf,full_text,https://www.transcrime.it/wp-content/uploads/2015/11/Project-ARIEL_Methodological-Annex.pdf,,,,https://www.transcrime.it/wp-content/uploads/2015/11/Project-ARIEL_Methodological-Annex.pdf,,,source_only,low,2026-09-10,Unpaywall:not_configured
CAND-ACADEMIC-2026-09-10-EXTRA-dbc5cb0d9888-029,Understudied Organized Crime Offending: A Discussion of the Canadian Situation in the International Context,,full_text,https://publications.gc.ca/collections/collection_2012/sp-ps/PS14-6-2011-eng.pdf,full_text,https://publications.gc.ca/collections/collection_2012/sp-ps/PS14-6-2011-eng.pdf,,https://publicatt.unicatt.it/handle/10807/36729,,https://publications.gc.ca/collections/collection_2012/sp-ps/PS14-6-2011-eng.pdf,,OpenAlex,OpenAlex:title_year,medium,2026-09-10,Unpaywall:not_configured
CAND-ACADEMIC-2026-09-10-EXTRA-dbc5cb0d9888-030,Penetrating State and Business: Organised Crime in Southern Africa,,full_text,https://www.files.ethz.ch/isn/118343/86%20FULL.pdf,full_text,https://www.files.ethz.ch/isn/118343/86%20FULL.pdf,,https://www.africaportal.org/publications/penetrating-state-and-business-organised-crime-in-southern-africa-vol-2/,,https://www.files.ethz.ch/isn/118343/86%20FULL.pdf,,OpenAlex,OpenAlex:title_year,medium,2026-09-10,Unpaywall:not_configured
CAND-ACADEMIC-2026-09-10-EXTRA-dbc5cb0d9888-031,Organized Crime Research Brief no. 26 – Securities and Organized Crime,,full_text,https://www.publicsafety.gc.ca/cnt/rsrcs/pblctns/rgnzd-crm-brf-26/rgnzd-crm-brf-26-eng.pdf,full_text,https://www.publicsafety.gc.ca/cnt/rsrcs/pblctns/rgnzd-crm-brf-26/rgnzd-crm-brf-26-eng.pdf,,,,https://www.publicsafety.gc.ca/cnt/rsrcs/pblctns/rgnzd-crm-brf-26/index-en.aspx; https://www.publicsafety.gc.ca/cnt/rsrcs/pblctns/rgnzd-crm-brf-26/rgnzd-crm-brf-26-eng.pdf,,Curator verified full text,source_only; reading_aid_override:full_text_intro,high,2026-09-13,"Unpaywall:not_configured; Curator-verified full-text locator synchronised from reading_aid_overrides.json; retrieval only, with no eligibility or canonicalisation decision.; Curator-verified full-text locator synchronised from reading_aid_overrides.json; retrieval only, with no eligibility or canonicalisation decision.; Curator-verified full-text locator synchronised from reading_aid_overrides.json; retrieval only, with no eligibility or canonicalisation decision.; Curator-verified full-text locator synchronised from reading_aid_overrides.json; retrieval only, with no eligibility or canonicalisation decision.; Curator-verified full-text locator synchronised from reading_aid_overrides.json; retrieval only, with no eligibility or canonicalisation decision."
CAND-ACADEMIC-2026-09-10-EXTRA-dbc5cb0d9888-032,Established democracies. The case of Germany,,source_link_only,https://lgcl.csl.mpg.de/?category=organized-crime,source,,,,,https://lgcl.csl.mpg.de/?category=organized-crime,,,source_only,low,2026-09-10,Unpaywall:not_configured
CAND-ACADEMIC-2026-09-10-EXTRA-f276bc827f57-001,Organized Crime as a Business Enterprise,,full_text,https://www.ojp.gov/pdffiles1/Digitization/106775NCJRS.pdf,full_text,https://www.ojp.gov/pdffiles1/Digitization/106775NCJRS.pdf,,,,https://markmoore.scholars.harvard.edu/publications/organized-crime-business-enterprise; https://www.ojp.gov/pdffiles1/Digitization/106775NCJRS.pdf,,Curator verified full text,source_only; reading_aid_override:full_text_intro,high,2026-09-13,"Unpaywall:not_configured; Curator-verified full-text locator synchronised from reading_aid_overrides.json; retrieval only, with no eligibility or canonicalisation decision.; Curator-verified full-text locator synchronised from reading_aid_overrides.json; retrieval only, with no eligibility or canonicalisation decision.; Curator-verified full-text locator synchronised from reading_aid_overrides.json; retrieval only, with no eligibility or canonicalisation decision.; Curator-verified full-text locator synchronised from reading_aid_overrides.json; retrieval only, with no eligibility or canonicalisation decision.; Curator-verified full-text locator synchronised from reading_aid_overrides.json; retrieval only, with no eligibility or canonicalisation decision."
CAND-ACADEMIC-2026-09-10-EXTRA-f276bc827f57-002,From Man of Honour to Entrepreneur: The Evolution of the Mafia,10.64590/ilh,full_text,https://newleftreview.org/issues/i118/articles/pino-arlacchi-from-man-of-honour-to-entrepreneur-the-evolution-of-the-mafia.pdf,full_text,https://newleftreview.org/issues/i118/articles/pino-arlacchi-from-man-of-honour-to-entrepreneur-the-evolution-of-the-mafia.pdf,,https://doi.org/10.64590/ilh,https://doi.org/10.64590/ilh,https://newleftreview.org/issues/i118/articles/pino-arlacchi-from-man-of-honour-to-entrepreneur-the-evolution-of-the-mafia.pdf,10.64590/ilh,OpenAlex; Crossref,OpenAlex:doi; Crossref:doi,high,2026-09-10,Unpaywall:not_configured
CAND-ACADEMIC-2026-09-10-EXTRA-f276bc827f57-003,When corruption creates its Mafia. The “middle-world” case in Rome,10.1007/s12117-023-09521-1,full_text,https://arpi.unipi.it/retrieve/ff5ef731-e732-4e41-98b1-2bb1bcee8999/Vannucci-2024-Trends_in_Organized_Crime.pdf,full_text,https://arpi.unipi.it/retrieve/ff5ef731-e732-4e41-98b1-2bb1bcee8999/Vannucci-2024-Trends_in_Organized_Crime.pdf,https://doi.org/10.1007/s12117-023-09521-1,,https://doi.org/10.1007/s12117-023-09521-1,https://arpi.unipi.it/retrieve/ff5ef731-e732-4e41-98b1-2bb1bcee8999/Vannucci-2024-Trends_in_Organized_Crime.pdf,10.1007/s12117-023-09521-1,OpenAlex; Crossref,OpenAlex:doi; Crossref:doi,high,2026-09-10,Unpaywall:not_configured
CAND-ACADEMIC-2026-09-10-EXTRA-f276bc827f57-004,Major Issues Relating to Organized Crime Within the Context of Economic Relationships,,full_text,https://dalspace.library.dal.ca/bitstreams/28c9ffcb-3553-4911-8f50-cce77cb8f705/download,full_text,https://dalspace.library.dal.ca/bitstreams/28c9ffcb-3553-4911-8f50-cce77cb8f705/download,,https://DalSpace.library.dal.ca/bitstream/10222/10284/1/Nathanson%20Centre%20Research%20Economic%20and%20Organized%20Crime%20EN.pdf,,https://ojp.gov/ncjrs/virtual-library/abstracts/major-issues-relating-organized-crime-within-context-economic; https://dalspace.library.dal.ca/bitstreams/28c9ffcb-3553-4911-8f50-cce77cb8f705/download,,OpenAlex; Curator verified full text,OpenAlex:title_year; reading_aid_override:full_text_intro,high,2026-09-13,"Unpaywall:not_configured; Curator-verified full-text locator synchronised from reading_aid_overrides.json; retrieval only, with no eligibility or canonicalisation decision.; Curator-verified full-text locator synchronised from reading_aid_overrides.json; retrieval only, with no eligibility or canonicalisation decision.; Curator-verified full-text locator synchronised from reading_aid_overrides.json; retrieval only, with no eligibility or canonicalisation decision.; Curator-verified full-text locator synchronised from reading_aid_overrides.json; retrieval only, with no eligibility or canonicalisation decision."
CAND-ACADEMIC-2026-09-10-EXTRA-f276bc827f57-005,The Sicilian Mafia: The Business of Private Protection,,landing_page,https://doi.org/10.2307/2074312,landing,,,https://doi.org/10.2307/2074312,https://doi.org/10.2307/2074312,https://searchworks.stanford.edu/view/9505401,10.2307/2074312,OpenAlex; Crossref,OpenAlex:title_year; Crossref:title_year,medium,2026-09-10,Unpaywall:not_configured
CAND-ACADEMIC-2026-09-10-EXTRA-f276bc827f57-006,Italian Organized Crime since 1950,10.1086/707319,full_text,https://www.journals.uchicago.edu/doi/pdf/10.1086/707319,full_text,https://www.journals.uchicago.edu/doi/pdf/10.1086/707319,,https://doi.org/10.1086/707319,https://doi.org/10.1086/707319,https://www.journals.uchicago.edu/doi/10.1086/707319,10.1086/707319,OpenAlex; Crossref,OpenAlex:doi; Crossref:doi,high,2026-09-10,Unpaywall:not_configured
CAND-ACADEMIC-2026-09-10-EXTRA-f276bc827f57-007,Mafia e potere: processi di legittimazione e costruzione del consenso,10.1425/23230,landing_page,https://aperto.unito.it/handle/2318/9714,landing,,,https://aperto.unito.it/handle/2318/9714,https://doi.org/10.1425/23230,https://www.rivisteweb.it/doi/10.1425/23230,10.1425/23230,OpenAlex,OpenAlex:doi,high,2026-09-10,Unpaywall:not_configured
CAND-ACADEMIC-2026-09-10-EXTRA-f276bc827f57-008,"The rising mafioso capitalists, opportunities, and the case of Turkey",10.1177/0309816811407298,full_text,https://journals.sagepub.com/doi/pdf/10.1177/0309816811407298,full_text,https://journals.sagepub.com/doi/pdf/10.1177/0309816811407298,,https://doi.org/10.1177/0309816811407298,https://doi.org/10.1177/0309816811407298,https://journals.sagepub.com/doi/10.1177/0309816811407298,10.1177/0309816811407298,OpenAlex; Crossref,OpenAlex:doi; Crossref:doi,high,2026-09-10,Unpaywall:not_configured
CAND-ACADEMIC-2026-09-10-EXTRA-f276bc827f57-009,La prevenzione mite: amministrazione giudiziaria e controllo giudiziario ex artt. 34 e 34 bis del codice antimafia,,full_text,https://riviste.unimi.it/index.php/cross/article/download/17445/15355,full_text,https://riviste.unimi.it/index.php/cross/article/download/17445/15355,https://doaj.org/article/444175d0cd4e49ef977f61951e43472c,,https://doi.org/10.54103/cross-17445,https://riviste.unimi.it/index.php/cross/article/download/17445/15355/52114,10.54103/cross-17445,OpenAlex; Crossref,OpenAlex:title_year; Crossref:title_year,medium,2026-09-10,Unpaywall:not_configured
CAND-ACADEMIC-2026-09-11-EXTRA-61e4d03af5c4-001,Mafia and Firm Performance. The Effect of Organized Crime and Its Judicial Removal,,source_link_only,https://series.francoangeli.it/index.php/oa/catalog/book/1465,source,,,,,https://series.francoangeli.it/index.php/oa/catalog/book/1465,,,source_only,low,2026-09-13,Unpaywall:not_configured
CAND-ACADEMIC-2026-09-11-EXTRA-61e4d03af5c4-002,The Mafia's Economic Grip: Firm Efficiency and a Composite Indicator of Organized Crime,10.1111/jors.12761,full_text,https://onlinelibrary.wiley.com/doi/pdf/10.1111/jors.12761,full_text,https://onlinelibrary.wiley.com/doi/pdf/10.1111/jors.12761,https://doi.org/10.1111/jors.12761,,https://doi.org/10.1111/jors.12761,https://onlinelibrary.wiley.com/doi/abs/10.1111/jors.12761,10.1111/jors.12761,OpenAlex; Crossref,OpenAlex:doi; Crossref:doi,high,2026-09-13,Unpaywall:not_configured
CAND-ACADEMIC-2026-09-11-EXTRA-61e4d03af5c4-003,"Perceived organized crime risk, R&D investment, and Technical efficiency: Evidence from Italian firms",10.1016/j.techsoc.2026.103421,full_text,https://api.elsevier.com/content/article/PII:S0160791X26002101?httpAccept=text/plain,full_text,https://api.elsevier.com/content/article/PII:S0160791X26002101?httpAccept=text/plain,,,https://doi.org/10.1016/j.techsoc.2026.103421,https://www.sciencedirect.com/science/article/abs/pii/S0160791X26002101; https://doi.org/10.1016/j.techsoc.2026.103421,10.1016/j.techsoc.2026.103421,OpenAlex; Crossref,OpenAlex:doi; Crossref:doi,high,2026-09-13,Unpaywall:not_configured
CAND-ACADEMIC-2026-09-11-EXTRA-61e4d03af5c4-004,Organized Crime and Productivity: Evidence from Firm-Level Data,,landing_page,https://econpapers.repec.org/article/muljqat1f/doi_3a10.1427_2f74922_3ay_3a2013_3ai_3a3_3ap_3a367-394.htm,landing,,,https://econpapers.repec.org/article/muljqat1f/doi_3a10.1427_2f74922_3ay_3a2013_3ai_3a3_3ap_3a367-394.htm,https://doi.org/10.1427/74922,https://papers.ssrn.com/sol3/papers.cfm?abstract_id=2368801,10.1427/74922,OpenAlex,OpenAlex:title_year,medium,2026-09-13,Unpaywall:not_configured
CAND-ACADEMIC-2026-09-11-EXTRA-61e4d03af5c4-005,"Industrial Clusters, Organized Crime and Productivity Growth in Italian SMEs",,full_text,https://onlinelibrary.wiley.com/doi/pdfdirect/10.1111/jors.12354,full_text,https://onlinelibrary.wiley.com/doi/pdfdirect/10.1111/jors.12354,https://doi.org/10.1111/jors.12354,http://hdl.handle.net/11577/3260933,https://doi.org/10.1111/jors.12354,https://cepr.org/publications/dp12140,10.1111/jors.12354,OpenAlex; Crossref,OpenAlex:title_year; Crossref:title_year,medium,2026-09-13,Unpaywall:not_configured
CAND-ACADEMIC-2026-09-11-EXTRA-61e4d03af5c4-006,Mafia risk perception: Evaluating the effect of organized crime on firm technical efficiency and investment proclivity,10.1016/j.seps.2023.101619,full_text,https://api.elsevier.com/content/article/PII:S0038012123001192?httpAccept=text/plain,full_text,https://api.elsevier.com/content/article/PII:S0038012123001192?httpAccept=text/plain,,http://www.sciencedirect.com/science/article/pii/S0038012123001192,https://doi.org/10.1016/j.seps.2023.101619,https://www.sciencedirect.com/science/article/pii/S0038012123001192; https://doi.org/10.1016/j.seps.2023.101619,10.1016/j.seps.2023.101619,OpenAlex; Crossref,OpenAlex:doi; Crossref:doi,high,2026-09-13,Unpaywall:not_configured
CAND-ACADEMIC-2026-09-11-EXTRA-61e4d03af5c4-008,Businesses seized from organized crime groups: their relations with the banking system,,full_text,https://www.bancaditalia.it/pubblicazioni/qef/2013-0202/QEF_202.pdf,full_text,https://www.bancaditalia.it/pubblicazioni/qef/2013-0202/QEF_202.pdf,,https://econpapers.repec.org/RePEc:bdi:opques:qef_202_13,,https://www.bancaditalia.it/pubblicazioni/qef/2013-0202/index.html?com.dotmarketing.htmlpage.language=1,,OpenAlex,OpenAlex:title_year,medium,2026-09-13,Unpaywall:not_configured
CAND-ACADEMIC-2026-09-11-EXTRA-61e4d03af5c4-009,Organized crime and business crime-enterprises in the Netherlands,10.1007/bf01915552,full_text,http://link.springer.com/article/10.1007/BF01915552/fulltext.html,full_text,http://link.springer.com/article/10.1007/BF01915552/fulltext.html,,https://doi.org/10.1007/bf01915552,https://doi.org/10.1007/bf01915552,https://link.springer.com/article/10.1007/BF01915552; https://doi.org/10.1007/BF01915552,10.1007/bf01915552,OpenAlex; Crossref,OpenAlex:doi; Crossref:doi,high,2026-09-13,Unpaywall:not_configured
CAND-ACADEMIC-2026-09-11-EXTRA-61e4d03af5c4-012,A Model of State-Crime Relations: Theory and Evidence,,full_text,https://www.vanderbilt.edu/wp-content/uploads/sites/3/2023/04/Yoo_State-Crime.pdf,full_text,https://www.vanderbilt.edu/wp-content/uploads/sites/3/2023/04/Yoo_State-Crime.pdf,,,,https://www.vanderbilt.edu/wp-content/uploads/sites/3/2023/04/Yoo_State-Crime.pdf,,,source_only,low,2026-09-13,Unpaywall:not_configured
CAND-ACADEMIC-2026-09-11-EXTRA-61e4d03af5c4-013,Criminal-Private-Sector-Corruption: Mafia Involvement as Brokers and Patrons in Construction Contracts in Montreal,,full_text,https://library2.smu.ca/bitstream/handle/01/29018/Spencer_Tyler_MASTERS_2019.pdf?isAllowed=y&sequence=1,full_text,https://library2.smu.ca/bitstream/handle/01/29018/Spencer_Tyler_MASTERS_2019.pdf?isAllowed=y&sequence=1,,http://library2.smu.ca/handle/01/29018,,https://library2.smu.ca/bitstream/handle/01/29018/Spencer_Tyler_MASTERS_2019.pdf?isAllowed=y&sequence=1,,OpenAlex,OpenAlex:title_year,medium,2026-09-13,Unpaywall:not_configured
CAND-ACADEMIC-2026-09-11-EXTRA-61e4d03af5c4-014,Organized Crime Research Brief no. 27 - Commercial Construction and OC,,source_link_only,https://www.publicsafety.gc.ca/cnt/rsrcs/pblctns/rgnzd-crm-brf-27/index-en.aspx,source,,,,,https://www.publicsafety.gc.ca/cnt/rsrcs/pblctns/rgnzd-crm-brf-27/index-en.aspx,,,source_only,low,2026-09-13,Unpaywall:not_configured
CAND-ACADEMIC-2026-09-11-EXTRA-e4fad066a46c-001,"Study of Organized Crime's Infiltration of the Pizza and Cheese Industry - A Report, March 1980",,source_link_only,https://www.ojp.gov/ncjrs/virtual-library/abstracts/study-organized-crimes-infiltration-pizza-and-cheese-industry,source,,,,,https://www.ojp.gov/ncjrs/virtual-library/abstracts/study-organized-crimes-infiltration-pizza-and-cheese-industry,,,source_only,low,2026-09-13,Unpaywall:not_configured
CAND-ACADEMIC-2026-09-12-001,Organized Crime: A Business Enterprise,10.1177/000271626334700103,full_text,https://journals.sagepub.com/doi/pdf/10.1177/000271626334700103,full_text,https://journals.sagepub.com/doi/pdf/10.1177/000271626334700103,,https://doi.org/10.1177/000271626334700103,https://doi.org/10.1177/000271626334700103,https://journals.sagepub.com/doi/abs/10.1177/000271626334700103,10.1177/000271626334700103,OpenAlex; Crossref,OpenAlex:doi; Crossref:doi,high,2026-09-13,Unpaywall:not_configured
CAND-ACADEMIC-2026-09-12-002,Cartels Run by Criminal Organizations and Market Contestability,10.1007/978-1-349-14540-9_3,full_text,http://link.springer.com/content/pdf/10.1007/978-1-349-14540-9_3,full_text,http://link.springer.com/content/pdf/10.1007/978-1-349-14540-9_3,,https://doi.org/10.1007/978-1-349-14540-9_3,https://doi.org/10.1007/978-1-349-14540-9_3,https://ideas.repec.org/h/pal/intecp/978-1-349-14540-9_3.html,10.1007/978-1-349-14540-9_3,OpenAlex; Crossref,OpenAlex:doi; Crossref:doi,high,2026-09-13,Unpaywall:not_configured
CAND-ACADEMIC-2026-09-12-003,Business Victimization and Organized Crime,,full_text,https://www.ojp.gov/pdffiles1/pr/204376.pdf,full_text,https://www.ojp.gov/pdffiles1/pr/204376.pdf,,,,https://www.ojp.gov/pdffiles1/pr/204376.pdf; https://uat.ojp.gov/ncjrs/virtual-library/abstracts/business-victimization-and-organized-crime,,,source_only,low,2026-09-13,Unpaywall:not_configured
CAND-ACADEMIC-2026-09-12-EXTRA-2231aace38f9-001,Racketeering in Legitimate Industries - Two Case Studies - Phase 2,,source_link_only,https://www.ojp.gov/ncjrs/virtual-library/abstracts/racketeering-legitimate-industries-two-case-studies-phase-2,source,,,,,https://www.ojp.gov/ncjrs/virtual-library/abstracts/racketeering-legitimate-industries-two-case-studies-phase-2,,,source_only,low,2026-09-13,Unpaywall:not_configured
CAND-ACADEMIC-2026-09-12-EXTRA-2231aace38f9-002,University of Birmingham Organised Crime in the United Kingdom,,full_text,https://research.birmingham.ac.uk/files/39406380/report.pdf,full_text,https://research.birmingham.ac.uk/files/39406380/report.pdf,,,,https://research.birmingham.ac.uk/files/39406380/report.pdf,,,source_only,low,2026-09-13,Unpaywall:not_configured
CAND-ACADEMIC-2026-09-12-EXTRA-335f7df7ae34-001,Shaping space. A conceptual framework on the connections between organised crime groups and territories: An introduction to the special issue on ‘Spaces of Organised Crime’,,full_text,https://pmc.ncbi.nlm.nih.gov/articles/PMC8024936/,full_text,https://pmc.ncbi.nlm.nih.gov/articles/PMC8024936/,,,,https://pmc.ncbi.nlm.nih.gov/articles/PMC8024936; https://pmc.ncbi.nlm.nih.gov/articles/PMC8024936/,,Curator verified full text,source_only; reading_aid_override:full_text_intro,high,2026-09-13,"Unpaywall:not_configured; Curator-verified full-text locator synchronised from reading_aid_overrides.json; retrieval only, with no eligibility or canonicalisation decision."
CAND-ACADEMIC-2026-09-12-EXTRA-38a999646d3f-001,Sources of Data That Identify and Measure the Impacts of Organized Crime,,full_text,https://www.ncjrs.gov/pdffiles1/Digitization/95266NCJRS.pdf,full_text,https://www.ncjrs.gov/pdffiles1/Digitization/95266NCJRS.pdf,,,,https://nij.ojp.gov/library/publications/sources-data-identify-and-measure-impacts-organized-crime; https://www.ncjrs.gov/pdffiles1/Digitization/95266NCJRS.pdf,,Curator verified full text,source_only; reading_aid_override:full_text_intro,high,2026-09-13,"Unpaywall:not_configured; Curator-verified full-text locator synchronised from reading_aid_overrides.json; retrieval only, with no eligibility or canonicalisation decision."
CAND-ACADEMIC-2026-09-12-EXTRA-38a999646d3f-002,Expert Working Group Report on International Organized Crime,,full_text,https://www.ojp.gov/sites/ojp/files/archives/ncjrs/230846.pdf,full_text,https://www.ojp.gov/sites/ojp/files/archives/ncjrs/230846.pdf,,https://www.hsdl.org/?abstract&did=20039,,https://www.ojp.gov/sites/ojp/files/archives/ncjrs/230846.pdf,,OpenAlex,OpenAlex:title_year,medium,2026-09-13,Unpaywall:not_configured
CAND-ACADEMIC-2026-09-12-EXTRA-38a999646d3f-003,NEW JERSEY - COMMISSION OF INVESTIGATION - REPORT AND RECOMMENDATIONS ON THE INCURSION BY ORGANIZED CRIME INTO CERTAIN LEGITIMATE BUSINESSES IN ATLANTIC CITY,,full_text,https://www.ncjrs.gov/pdffiles1/Digitization/55801NCJRS.pdf,full_text,https://www.ncjrs.gov/pdffiles1/Digitization/55801NCJRS.pdf,,,,https://www.ojp.gov/ncjrs/virtual-library/abstracts/new-jersey-commission-investigation-report-and-recommendations; https://www.ncjrs.gov/pdffiles1/Digitization/55801NCJRS.pdf,,Curator verified full text,source_only; reading_aid_override:full_text_intro,high,2026-09-13,"Unpaywall:not_configured; Curator-verified full-text locator synchronised from reading_aid_overrides.json; retrieval only, with no eligibility or canonicalisation decision."
CAND-ACADEMIC-2026-09-12-EXTRA-3ad3ee04659d-001,Lawyers as money laundering enablers? An evolving and contentious relationship,10.1080/17440572.2022.2089122,full_text,https://prohic.nl/wp-content/uploads/2022/08/432-LawyersMoneyLaunderingOrganizedCrimeMichaelLevi.July2022.pdf,full_text,https://prohic.nl/wp-content/uploads/2022/08/432-LawyersMoneyLaunderingOrganizedCrimeMichaelLevi.July2022.pdf,,http://hdl.handle.net/10.1080/17440572.2022.2089122,https://doi.org/10.1080/17440572.2022.2089122,https://prohic.nl/wp-content/uploads/2022/08/432-LawyersMoneyLaunderingOrganizedCrimeMichaelLevi.July2022.pdf; https://doi.org/10.1080/17440572.2022.2089122,10.1080/17440572.2022.2089122,OpenAlex; Crossref,OpenAlex:doi; Crossref:doi,high,2026-09-13,Unpaywall:not_configured
CAND-ACADEMIC-2026-09-12-EXTRA-3ad3ee04659d-002,Mafia ties and financial reporting quality spillovers: Evidence from private firms in Italy,10.3280/fr202519624,doi_only,https://doi.org/10.3280/fr202519624,source,,,,https://doi.org/10.3280/fr202519624,https://www.researchgate.net/publication/398867648_Mafia_ties_and_financial_reporting_quality_spillovers_Evidence_from_private_firms_in_Italy; https://doi.org/10.3280/fr202519624,10.3280/fr202519624,OpenAlex; Crossref,OpenAlex:doi; Crossref:doi,high,2026-09-13,Unpaywall:not_configured
CAND-ACADEMIC-2026-09-12-EXTRA-426cdea055d3-001,Yakuza (Criminal Gangs) in Japan: Characteristics and ...,10.1177/104398620000600302,full_text,https://journals.sagepub.com/doi/pdf/10.1177/104398620000600302,full_text,https://journals.sagepub.com/doi/pdf/10.1177/104398620000600302,,http://citeseerx.ist.psu.edu/viewdoc/summary?doi=10.1.1.957.9600,https://doi.org/10.1177/104398620000600302,https://journals.sagepub.com/doi/10.1177/104398620000600302,10.1177/104398620000600302,OpenAlex; Crossref,OpenAlex:doi; Crossref:doi,high,2026-09-13,Unpaywall:not_configured
CAND-ACADEMIC-2026-09-12-EXTRA-426cdea055d3-002,Chinese Triads and Japanese Yakuza - How Dangerous Is the Asian Mafia?,,source_link_only,https://www.ojp.gov/ncjrs/virtual-library/abstracts/chinese-triads-and-japanese-yakuza-how-dangerous-asian-mafia,source,,,,,https://www.ojp.gov/ncjrs/virtual-library/abstracts/chinese-triads-and-japanese-yakuza-how-dangerous-asian-mafia,,,source_only,low,2026-09-13,OpenAlex:HTTP 400; Unpaywall:not_configured
CAND-ACADEMIC-2026-09-12-EXTRA-426cdea055d3-003,"The Japanese Mafia: Yakuza, Law, and the State",,landing_page,https://doi.org/10.5860/choice.42-0479,landing,,,https://doi.org/10.5860/choice.42-0479,https://doi.org/10.5860/choice.42-0479,https://academic.oup.com/book/37281,10.5860/choice.42-0479,OpenAlex,OpenAlex:title_year,medium,2026-09-13,Unpaywall:not_configured
CAND-ACADEMIC-2026-09-12-EXTRA-570dae192194-001,"Study of Organized Crime's Infiltration of the Pizza and Cheese Industry - A Report, March 1980",,source_link_only,https://www.ojp.gov/ncjrs/virtual-library/abstracts/study-organized-crimes-infiltration-pizza-and-cheese-industry,source,,,,,https://www.ojp.gov/ncjrs/virtual-library/abstracts/study-organized-crimes-infiltration-pizza-and-cheese-industry,,,source_only,low,2026-09-13,Unpaywall:not_configured
CAND-ACADEMIC-2026-09-12-EXTRA-570dae192194-002,RICO (Racketeer Influenced and Corrupt Organizations) Concepts,,source_link_only,https://www.ojp.gov/ncjrs/virtual-library/abstracts/rico-racketeer-influenced-and-corrupt-organizations-concepts,source,,,,,https://www.ojp.gov/ncjrs/virtual-library/abstracts/rico-racketeer-influenced-and-corrupt-organizations-concepts,,,source_only,low,2026-09-13,Unpaywall:not_configured
CAND-ACADEMIC-2026-09-12-EXTRA-570dae192194-003,Corruption risk indicators in public procurement,,source_link_only,https://www.sciencedirect.com/science/article/abs/pii/S0038012126000157,source,,,,,https://www.sciencedirect.com/science/article/abs/pii/S0038012126000157,,,source_only,low,2026-09-13,Unpaywall:not_configured
CAND-ACADEMIC-2026-09-12-EXTRA-6e00fc2aca6a-001,Measuring Organized Crime in the Western Balkans,,full_text,https://www.unodc.org/documents/data-and-analysis/OC/Measuring-OC-in-WB.pdf,full_text,https://www.unodc.org/documents/data-and-analysis/OC/Measuring-OC-in-WB.pdf,,,,https://www.unodc.org/documents/data-and-analysis/OC/Measuring-OC-in-WB.pdf,,,source_only,low,2026-09-13,Unpaywall:not_configured
CAND-ACADEMIC-2026-09-12-EXTRA-6e00fc2aca6a-002,International Crime Business Survey: Findings From Nine Central-Eastern European Cities,10.1007/s10610-004-4122-4,full_text,http://link.springer.com/article/10.1007/s10610-004-4122-4/fulltext.html,full_text,http://link.springer.com/article/10.1007/s10610-004-4122-4/fulltext.html,,,https://doi.org/10.1007/s10610-004-4122-4,https://ojp.gov/ncjrs/virtual-library/abstracts/international-crime-business-survey-findings-nine-central-eastern; https://doi.org/10.1007/s10610-004-4122-4,10.1007/s10610-004-4122-4,OpenAlex; Crossref,OpenAlex:doi; Crossref:doi,high,2026-09-13,Unpaywall:not_configured
CAND-ACADEMIC-2026-09-12-EXTRA-6e00fc2aca6a-003,CRIME AND ITS IMPACT ON THE BALKANS,,full_text,https://www.unodc.org/documents/Balkan_study.pdf,full_text,https://www.unodc.org/documents/Balkan_study.pdf,,,,https://www.unodc.org/documents/Balkan_study.pdf,,,source_only,low,2026-09-13,Unpaywall:not_configured
CAND-ACADEMIC-2026-09-12-EXTRA-724679219793-001,Textual Clues of Crime: Comparing Financial Narratives in Mafia-Connected and Legitimate Firms,,source_link_only,https://thesis.unipd.it/handle/20.500.12608/94797,source,,,,,https://thesis.unipd.it/handle/20.500.12608/94797,,,source_only,low,2026-09-13,Unpaywall:not_configured
CAND-ACADEMIC-2026-09-12-EXTRA-7652f77d6fde-003,Leveraging legitimacy: How the EU’s most threatening criminal networks abuse legal business structures,10.2813/7731594,full_text,https://www.europol.europa.eu/sites/default/files/documents/Europol_report_-_Leveraging_legitimacy_-_How_the_EU_most_threatening_crim_networks_abuse_legal_business_structures.pdf,full_text,https://www.europol.europa.eu/sites/default/files/documents/Europol_report_-_Leveraging_legitimacy_-_How_the_EU_most_threatening_crim_networks_abuse_legal_business_structures.pdf,,,https://doi.org/10.2813/7731594,https://www.europol.europa.eu/sites/default/files/documents/Europol_report_-_Leveraging_legitimacy_-_How_the_EU_most_threatening_crim_networks_abuse_legal_business_structures.pdf,10.2813/7731594,,source_only,low,2026-09-13,Unpaywall:not_configured
CAND-ACADEMIC-2026-09-12-EXTRA-7652f77d6fde-004,Decoding the EU’s most threatening criminal networks,10.2813/811566,full_text,https://www.europol.europa.eu/cms/sites/default/files/documents/Europol%20report%20on%20Decoding%20the%20EU-s%20most%20threatening%20criminal%20networks.pdf,full_text,https://www.europol.europa.eu/cms/sites/default/files/documents/Europol%20report%20on%20Decoding%20the%20EU-s%20most%20threatening%20criminal%20networks.pdf,,,https://doi.org/10.2813/811566,https://www.europol.europa.eu/cms/sites/default/files/documents/Europol%20report%20on%20Decoding%20the%20EU-s%20most%20threatening%20criminal%20networks.pdf,10.2813/811566,,source_only,low,2026-09-13,Unpaywall:not_configured
CAND-ACADEMIC-2026-09-12-EXTRA-b54c1a6aa281-001,Investment of Criminal Proceeds into the Legitimate Economy: An Analysis of Italian and Russian Organised Crime in the UK Real Estate Market,,source_link_only,https://www.routledge.com/Investment-of-Criminal-Proceeds-into-the-Legitimate-Economy-An-Analysis-of-Italian-and-Russian-Organised-Crime-in-the-UK-Real-Estate-Market/Sclafani/p/book/9781032541938,source,,,,,https://www.routledge.com/Investment-of-Criminal-Proceeds-into-the-Legitimate-Economy-An-Analysis-of-Italian-and-Russian-Organised-Crime-in-the-UK-Real-Estate-Market/Sclafani/p/book/9781032541938,,,source_only,low,2026-09-13,Unpaywall:not_configured
CAND-ACADEMIC-2026-09-12-EXTRA-bca84c56f316-001,COVID-19 and Organized Crime: Strategies employed by criminal groups to increase their profits and power in the first months of the pandemic,,full_text,https://link.springer.com/content/pdf/10.1007/s12117-021-09434-x.pdf,full_text,https://link.springer.com/content/pdf/10.1007/s12117-021-09434-x.pdf,http://hdl.handle.net/10807/184583,https://pubmed.ncbi.nlm.nih.gov/34539175,https://doi.org/10.1007/s12117-021-09434-x,https://pmc.ncbi.nlm.nih.gov/articles/PMC8437330,10.1007/s12117-021-09434-x,OpenAlex; Crossref,OpenAlex:title_year; Crossref:title_year,medium,2026-09-13,Unpaywall:not_configured
CAND-ACADEMIC-2026-09-12-EXTRA-bca84c56f316-002,Organized Crime and Gambling,,full_text,https://www.govinfo.gov/content/pkg/GOVPUB-PR-PURL-gpo215456/pdf/GOVPUB-PR-PURL-gpo215456.pdf,full_text,https://www.govinfo.gov/content/pkg/GOVPUB-PR-PURL-gpo215456/pdf/GOVPUB-PR-PURL-gpo215456.pdf,,https://doi.org/10.2307/1142024,https://doi.org/10.2307/1142024,https://www.govinfo.gov/content/pkg/GOVPUB-PR-PURL-gpo215456/pdf/GOVPUB-PR-PURL-gpo215456.pdf,10.2307/1142024,OpenAlex,OpenAlex:title_year,medium,2026-09-13,Unpaywall:not_configured
CAND-ACADEMIC-2026-09-12-EXTRA-bca84c56f316-003,Triad Organized Crime in Macau Casinos: Extra-legal Governance and Entrepreneurship,10.1093/bjc/azw014,full_text,http://academic.oup.com/bjc/article-pdf/57/3/589/11113878/azw014.pdf,full_text,http://academic.oup.com/bjc/article-pdf/57/3/589/11113878/azw014.pdf,,,https://doi.org/10.1093/bjc/azw014,https://academic.oup.com/bjc/article-abstract/57/3/589/2623919; https://doi.org/10.1093/bjc/azw014,10.1093/bjc/azw014,OpenAlex; Crossref,OpenAlex:doi; Crossref:doi,high,2026-09-13,Unpaywall:not_configured
CAND-ACADEMIC-2026-09-12-EXTRA-cfe8ae9b3710-001,"Complici, soci e alleati. Una ricerca sull'area grigia della mafia",10.7383/70771,landing_page,https://dialnet.unirioja.es/servlet/articulo?codigo=3941609,landing,,,https://dialnet.unirioja.es/servlet/articulo?codigo=3941609,https://doi.org/10.7383/70771,https://www.rivisteweb.it/doi/10.7383/70771,10.7383/70771,OpenAlex,OpenAlex:doi,high,2026-09-13,Unpaywall:not_configured
CAND-ACADEMIC-2026-09-12-EXTRA-d6b0ffff25fd-001,How Criminal Organizations Expand to Strong States: Migrant Exploitation and Political Brokerage in Northern Italy,10.33774/apsa-2021-kq3b6,full_text,https://preprints.apsanet.org/engage/api-gateway/apsa/assets/orp/resource/item/601df8d1ed338ede6b4d16e3/original/how-criminal-organizations-expand-to-strong-states-migrant-exploitation-and-political-brokerage-in-northern-italy.pdf,full_text,https://preprints.apsanet.org/engage/api-gateway/apsa/assets/orp/resource/item/601df8d1ed338ede6b4d16e3/original/how-criminal-organizations-expand-to-strong-states-migrant-exploitation-and-political-brokerage-in-northern-italy.pdf,,,https://doi.org/10.33774/apsa-2021-kq3b6,https://preprints.apsanet.org/engage/api-gateway/apsa/assets/orp/resource/item/601df8d1ed338ede6b4d16e3/original/how-criminal-organizations-expand-to-strong-states-migrant-exploitation-and-political-brokerage-in-northern-italy.pdf; https://doi.org/10.33774/apsa-2021-kq3b6,10.33774/apsa-2021-kq3b6,OpenAlex; Crossref,OpenAlex:doi; Crossref:doi,high,2026-09-13,Unpaywall:not_configured
CAND-ACADEMIC-2026-09-12-EXTRA-d6b0ffff25fd-002,The Departed: Italian Migration and the American Mafia,,landing_page,https://hdl.handle.net/10419/336064,landing,,,https://hdl.handle.net/10419/336064,,https://cepr.org/publications/dp20972,,OpenAlex,OpenAlex:title_year,medium,2026-09-13,Unpaywall:not_configured
CAND-ACADEMIC-2026-09-12-EXTRA-e43980672341-001,The Teamsters: Perception and Reality an Investigative Study of Organized Crime Influences in the Union,10.1007/s12117-001-1021-7,full_text,http://link.springer.com/article/10.1007/s12117-001-1021-7/fulltext.html,full_text,http://link.springer.com/article/10.1007/s12117-001-1021-7/fulltext.html,,,https://doi.org/10.1007/s12117-001-1021-7,https://heinonline.org/hol-cgi-bin/get_pdf.cgi?handle=hein.journals%2Ftrndorgc7&section=14; https://doi.org/10.1007/s12117-001-1021-7,10.1007/s12117-001-1021-7,OpenAlex; Crossref,OpenAlex:doi; Crossref:doi,high,2026-09-13,Unpaywall:not_configured
CAND-ACADEMIC-2026-09-12-EXTRA-e43980672341-002,Organised crime and corruption: Anti-Corruption and Integrity Outlook 2026,,source_link_only,https://www.oecd.org/en/publications/2026/03/anti-corruption-and-integrity-outlook-2026_d8f55b04/full-report/component-15.html,source,,,,,https://www.oecd.org/en/publications/2026/03/anti-corruption-and-integrity-outlook-2026_d8f55b04/full-report/component-15.html,,,source_only,low,2026-09-13,Unpaywall:not_configured
CAND-ACADEMIC-2026-09-12-EXTRA-eff272748cb9-001,"Artificial Scarcity, Power, and the Italian Mafia",,full_text,https://www.tandfonline.com/doi/pdf/10.2753/JEI0021-3624480302,full_text,https://www.tandfonline.com/doi/pdf/10.2753/JEI0021-3624480302,,http://hdl.handle.net/10.2753/JEI0021-3624480302,https://doi.org/10.2753/jei0021-3624480302,https://www.jstor.org/stable/43905833; https://ideas.repec.org/a/mes/jeciss/v48y2014i3p625-640.html,10.2753/jei0021-3624480302,OpenAlex; Crossref,OpenAlex:title_year; Crossref:title_year,medium,2026-09-13,Unpaywall:not_configured
CAND-ACADEMIC-2026-09-13-001,The Mafia's role as a 'hidden' mediator in SME external credit,10.2139/ssrn.7417501,doi_only,https://doi.org/10.2139/ssrn.7417501,source,,,,https://doi.org/10.2139/ssrn.7417501,https://papers.ssrn.com/sol3/papers.cfm?abstract_id=7417501; https://doi.org/10.2139/ssrn.7417501,10.2139/ssrn.7417501,OpenAlex; Crossref,OpenAlex:doi; Crossref:doi,high,2026-09-13,Unpaywall:not_configured
CAND-ACADEMIC-2026-09-13-EXTRA-39073337ed15-001,Destructive Entrepreneurship: The Cost of the Mafia for the Legal Economy,10.1080/00213624.2018.1430947,full_text,https://www.tandfonline.com/doi/pdf/10.1080/00213624.2018.1430947,full_text,https://www.tandfonline.com/doi/pdf/10.1080/00213624.2018.1430947,,http://hdl.handle.net/10.1080/00213624.2018.1430947,https://doi.org/10.1080/00213624.2018.1430947,https://www.tandfonline.com/doi/full/10.1080/00213624.2018.1430947; https://www.jstor.org/stable/26606836,10.1080/00213624.2018.1430947,OpenAlex; Crossref,OpenAlex:doi; Crossref:doi,high,2026-09-13,Unpaywall:not_configured
CAND-ACADEMIC-2026-09-13-EXTRA-39073337ed15-002,Criminal-Private-Sector-Corruption: Mafia Involvement as Brokers and Patrons in Construction Contracts in Montreal,,full_text,https://library2.smu.ca/bitstream/handle/01/29018/Spencer_Tyler_MASTERS_2019.pdf?isAllowed=y&sequence=1,full_text,https://library2.smu.ca/bitstream/handle/01/29018/Spencer_Tyler_MASTERS_2019.pdf?isAllowed=y&sequence=1,,http://library2.smu.ca/handle/01/29018,,https://library2.smu.ca/bitstream/handle/01/29018/Spencer_Tyler_MASTERS_2019.pdf?isAllowed=y&sequence=1,,OpenAlex,OpenAlex:title_year,medium,2026-09-13,Unpaywall:not_configured
CAND-ACADEMIC-2026-09-13-EXTRA-39073337ed15-003,Organized Crime in the Construction Industry,10.1177/001112877702300306,full_text,http://journals.sagepub.com/doi/pdf/10.1177/001112877702300306,full_text,http://journals.sagepub.com/doi/pdf/10.1177/001112877702300306,,https://doi.org/10.1177/001112877702300306,https://doi.org/10.1177/001112877702300306,https://journals.sagepub.com/doi/10.1177/001112877702300306,10.1177/001112877702300306,OpenAlex; Crossref,OpenAlex:doi; Crossref:doi,high,2026-09-13,Unpaywall:not_configured
CAND-ACADEMIC-2026-09-13-EXTRA-4b57a3081215-001,Managing Cartels: how Cartel Participants Create Stability in the Absence of law,10.1007/s10610-016-9329-7,full_text,https://link.springer.com/content/pdf/10.1007/s10610-016-9329-7.pdf,full_text,https://link.springer.com/content/pdf/10.1007/s10610-016-9329-7.pdf,http://hdl.handle.net/1765/93417,https://repub.eur.nl/pub/93417,https://doi.org/10.1007/s10610-016-9329-7,https://link.springer.com/article/10.1007/s10610-016-9329-7; https://link.springer.com/content/pdf/10.1007/s10610-016-9329-7.pdf,10.1007/s10610-016-9329-7,OpenAlex; Crossref; Curator verified full text,OpenAlex:doi; Crossref:doi; reading_aid_override:full_text_intro,high,2026-09-13,"Unpaywall:not_configured; Curator-verified full-text locator synchronised from reading_aid_overrides.json; retrieval only, with no eligibility or canonicalisation decision."
CAND-ACADEMIC-2026-09-13-EXTRA-4b57a3081215-002,"Strong by concealment? How secrecy, trust, and social embeddedness facilitate corporate crime",,full_text,https://repub.eur.nl/pub/116716/RePub-116716-OA.pdf,full_text,https://repub.eur.nl/pub/116716/RePub-116716-OA.pdf,,,,https://repub.eur.nl/pub/116716/RePub-116716-OA.pdf,,Curator verified full text,preservation_pending; reading_aid_override:full_text_intro,high,2026-09-13,"Candidate-preservation placeholder; retrieval enrichment pending.; Curator-verified full-text locator synchronised from reading_aid_overrides.json; retrieval only, with no eligibility or canonicalisation decision."
CAND-ACADEMIC-2026-09-13-EXTRA-4b57a3081215-003,"Mafia infiltration, public administration and local institutions: A comparative study in Northern Italy",10.1177/1477370818803050,full_text,https://journals.sagepub.com/doi/full-xml/10.1177/1477370818803050,full_text,https://journals.sagepub.com/doi/full-xml/10.1177/1477370818803050,,https://doi.org/10.1177/1477370818803050,https://doi.org/10.1177/1477370818803050,https://journals.sagepub.com/doi/10.1177/1477370818803050,10.1177/1477370818803050,OpenAlex; Crossref,OpenAlex:doi; Crossref:doi,high,2026-09-13,Unpaywall:not_configured
CAND-ACADEMIC-2026-09-13-EXTRA-4b57a3081215-004,"Organized Crime, Captured Politicians, and the Allocation of Public Resources",10.1093/jleo/ewab015,full_text,https://cris.unibo.it/retrieve/3d7ff916-6138-44b6-b660-8106a6c07597/ewab015.pdf,full_text,https://cris.unibo.it/retrieve/3d7ff916-6138-44b6-b660-8106a6c07597/ewab015.pdf,https://doi.org/10.1093/jleo/ewab015,http://hdl.handle.net/10.1093/jleo/ewab015,https://doi.org/10.1093/jleo/ewab015,https://academic.oup.com/jleo/article/38/3/774/6409959; https://cris.unibo.it/retrieve/3d7ff916-6138-44b6-b660-8106a6c07597/ewab015.pdf,10.1093/jleo/ewab015,OpenAlex; Crossref,OpenAlex:doi; Crossref:doi,high,2026-09-13,Unpaywall:not_configured
CAND-ACADEMIC-2026-09-13-EXTRA-4b57a3081215-005,"Parasites, Colluders, and Adversaries: Explaining Mafia Strategies Toward Public Institutions in Italy",10.1177/00323217251384494,full_text,https://www.avvisopubblico.it/home/wp-content/uploads/2014/02/avvisopubblico_atto-costitutivo.pdf,full_text,https://www.avvisopubblico.it/home/wp-content/uploads/2014/02/avvisopubblico_atto-costitutivo.pdf,https://doi.org/10.1177/00323217251384494,https://hdl.handle.net/2158/1441466,https://doi.org/10.1177/00323217251384494,https://journals.sagepub.com/doi/10.1177/00323217251384494,10.1177/00323217251384494,OpenAlex; Crossref,OpenAlex:doi; Crossref:doi,high,2026-09-13,Unpaywall:not_configured
CAND-ACADEMIC-2026-09-13-EXTRA-4b57a3081215-006,Neutralizing the tentacles of organized crime. Assessment of the impact of an anti-crime measure on mafia violence in Italy,10.1016/j.jebo.2024.04.027,full_text,https://usiena-air.unisi.it/bitstream/11365/1264200/3/1-s2.0-S0167268124001628-main.pdf,full_text,https://usiena-air.unisi.it/bitstream/11365/1264200/3/1-s2.0-S0167268124001628-main.pdf,https://doi.org/10.1016/j.jebo.2024.04.027,,https://doi.org/10.1016/j.jebo.2024.04.027,https://www.sciencedirect.com/science/article/pii/S0167268124001628,10.1016/j.jebo.2024.04.027,OpenAlex; Crossref,OpenAlex:doi; Crossref:doi,high,2026-09-13,Unpaywall:not_configured
CAND-ACADEMIC-2026-09-13-EXTRA-4b57a3081215-007,Political Capture and Bureaucratic Behavior. Evidence from Mafia-Infiltrated Municipalities,,full_text,https://www.ifo.de/sites/default/files/docbase/docs/cesifo1_wp12861.pdf,full_text,https://www.ifo.de/sites/default/files/docbase/docs/cesifo1_wp12861.pdf,https://doi.org/10.65864/6o39zhlcm6,,https://doi.org/10.65864/6o39zhlcm6,https://cepr.org/publications/dp21805,10.65864/6o39zhlcm6,OpenAlex; Crossref,OpenAlex:title_year; Crossref:title_year,medium,2026-09-13,Unpaywall:not_configured
CAND-ACADEMIC-2026-09-13-EXTRA-7450b0e2f8a2-001,Indicators of the Impacts of Organized Crime,,source_link_only,https://uat.ojp.gov/library/publications/indicators-impacts-organized-crime,source,,,,,https://uat.ojp.gov/library/publications/indicators-impacts-organized-crime,,,source_only,low,2026-09-13,Unpaywall:not_configured
CAND-ACADEMIC-2026-09-13-EXTRA-7450b0e2f8a2-002,MORE,,full_text,https://www.swp-berlin.org/publications/products/projekt_papiere/MORE_Final_Report_DE.pdf,full_text,https://www.swp-berlin.org/publications/products/projekt_papiere/MORE_Final_Report_DE.pdf,,https://doi.org/10.1145/3356726,https://doi.org/10.1145/3356726,https://www.swp-berlin.org/publications/products/projekt_papiere/MORE_Final_Report_DE.pdf,10.1145/3356726,Crossref,Crossref:title_year,medium,2026-09-13,Unpaywall:not_configured
CAND-ACADEMIC-2026-09-13-EXTRA-7450b0e2f8a2-003,Alte und neue Bedrohungen der Organisierten Kriminalität,,full_text,https://www.bmi.gv.at/104/wissenschaft_und_forschung/siak-journal/siak-journal-ausgaben/jahrgang_2023/files/sinn_1_2023.pdf,full_text,https://www.bmi.gv.at/104/wissenschaft_und_forschung/siak-journal/siak-journal-ausgaben/jahrgang_2023/files/sinn_1_2023.pdf,,,,https://www.bmi.gv.at/104/wissenschaft_und_forschung/siak-journal/siak-journal-ausgaben/jahrgang_2023/files/sinn_1_2023.pdf,,,source_only,low,2026-09-13,Unpaywall:not_configured
CAND-ACADEMIC-2026-09-13-EXTRA-7450b0e2f8a2-004,Wirtschaftsmacht Organisierte Kriminalität,10.1007/978-3-662-55269-8,full_text,https://link.springer.com/content/pdf/10.1007/978-3-662-55269-8.pdf,full_text,https://link.springer.com/content/pdf/10.1007/978-3-662-55269-8.pdf,,https://doi.org/10.1007/978-3-662-55269-8,https://doi.org/10.1007/978-3-662-55269-8,https://link.springer.com/content/pdf/10.1007/978-3-662-55269-8.pdf,10.1007/978-3-662-55269-8,OpenAlex; Crossref,OpenAlex:doi; Crossref:doi,high,2026-09-13,Unpaywall:not_configured
CAND-ACADEMIC-2026-09-13-EXTRA-76bb4c0cee3e-001,Gaming the system: exploiting regulatory and institutional loopholes for accumulation in Southern Italy's wind energy sector,10.1016/j.erss.2025.104465,full_text,https://api.elsevier.com/content/article/PII:S2214629625005468?httpAccept=text/plain,full_text,https://api.elsevier.com/content/article/PII:S2214629625005468?httpAccept=text/plain,https://doi.org/10.1016/j.erss.2025.104465,,https://doi.org/10.1016/j.erss.2025.104465,https://www.sciencedirect.com/science/article/pii/S2214629625005468,10.1016/j.erss.2025.104465,OpenAlex; Crossref,OpenAlex:doi; Crossref:doi,high,2026-09-13,Unpaywall:not_configured
CAND-ACADEMIC-2026-09-13-EXTRA-76bb4c0cee3e-002,Entrepreneurship and organised crime: a systematic review and research agenda based on three decades of scholarship,10.1108/jsbed-12-2022-0515,full_text,https://www.emerald.com/insight/content/doi/10.1108/JSBED-12-2022-0515/full/html,full_text,https://www.emerald.com/insight/content/doi/10.1108/JSBED-12-2022-0515/full/html,,https://doi.org/10.1108/jsbed-12-2022-0515,https://doi.org/10.1108/jsbed-12-2022-0515,https://www.emerald.com/jsbed/article/31/6/1088/1235663/Entrepreneurship-and-organised-crime-a-systematic,10.1108/jsbed-12-2022-0515,OpenAlex; Crossref,OpenAlex:doi; Crossref:doi,high,2026-09-13,Unpaywall:not_configured
CAND-ACADEMIC-2026-09-13-EXTRA-76bb4c0cee3e-003,Estimating Money Laundering Risks: An Application to Business Sectors in the Netherlands,10.1007/s10610-018-9391-4,full_text,https://link.springer.com/content/pdf/10.1007/s10610-018-9391-4.pdf,full_text,https://link.springer.com/content/pdf/10.1007/s10610-018-9391-4.pdf,http://dspace.library.uu.nl:8080/handle/1874/367067,,https://doi.org/10.1007/s10610-018-9391-4,https://link.springer.com/article/10.1007/s10610-018-9391-4,10.1007/s10610-018-9391-4,OpenAlex; Crossref,OpenAlex:doi; Crossref:doi,high,2026-09-13,Unpaywall:not_configured
CAND-ACADEMIC-2026-09-13-EXTRA-a6766e6649ed-002,Mafianomics: How Did Mob Entrepreneurs Infiltrate,,source_link_only,https://www.jstor.org/stable/4227335,source,,,,,https://www.jstor.org/stable/4227335,,,source_only,low,2026-09-13,Unpaywall:not_configured
CAND-ACADEMIC-2026-09-13-EXTRA-a6766e6649ed-003,Fighting Organized Crime by Targeting their Revenue,,source_link_only,https://academic.oup.com/jleo/article/39/3/722/6552195?rss=1,source,,,,,https://academic.oup.com/jleo/article/39/3/722/6552195?rss=1,,,source_only,low,2026-09-13,Unpaywall:not_configured
CAND-ACADEMIC-2026-09-13-EXTRA-a6766e6649ed-004,Organized Crime and the Legal Economy,,full_text,https://unicri.org/sites/default/files/2021-06/UNICRI_Organized_Crime_and_Legal_Economy_report.pdf,full_text,https://unicri.org/sites/default/files/2021-06/UNICRI_Organized_Crime_and_Legal_Economy_report.pdf,,,,https://unicri.org/sites/default/files/2021-06/UNICRI_Organized_Crime_and_Legal_Economy_report.pdf,,,source_only,low,2026-09-13,Unpaywall:not_configured
CAND-ACADEMIC-2026-09-13-EXTRA-a6766e6649ed-005,Transnational Organized Crime and Foreign Direct Investment in Spain,,full_text,https://brill.com/downloadpdf/title/55974,full_text,https://brill.com/downloadpdf/title/55974,,https://doi.org/10.1163/9789004469846_008,https://doi.org/10.1163/9789004469846_008,https://e-spacio.uned.es/bitstreams/cf596fa3-7927-4d7f-8f27-1a0c788378b3/download,10.1163/9789004469846_008,Crossref,Crossref:title_year,medium,2026-09-13,Unpaywall:not_configured
CAND-ACADEMIC-2026-09-13-EXTRA-a6766e6649ed-006,Comparing the Ties That Bind Criminal Networks: Is Blood Thicker Than Water?,,full_text,http://link.springer.com/article/10.1057/sj.2009.18/fulltext.html,full_text,http://link.springer.com/article/10.1057/sj.2009.18/fulltext.html,,https://doi.org/10.1057/sj.2009.18,https://doi.org/10.1057/sj.2009.18,https://uat.ojp.gov/ncjrs/virtual-library/abstracts/comparing-ties-bind-criminal-networks-blood-thicker-water,10.1057/sj.2009.18,Crossref,Crossref:title_year,medium,2026-09-13,OpenAlex:HTTP 400; Unpaywall:not_configured
CAND-ACADEMIC-2026-09-13-EXTRA-a6766e6649ed-007,Organised crime infiltration in the UK : crash-for-cash and VAT carousels,,source_link_only,https://lawcat.berkeley.edu/record/1180812,source,,,,,https://lawcat.berkeley.edu/record/1180812,,,source_only,low,2026-09-13,Unpaywall:not_configured
CAND-ACADEMIC-2026-09-13-EXTRA-c8d693f88061-001,Conspiracy among the many: the mafia in legitimate industries,,landing_page,https://doi.org/10.1007/978-1-349-62853-7_5,landing,,,https://doi.org/10.1007/978-1-349-62853-7_5,https://doi.org/10.1007/978-1-349-62853-7_5,https://www.cambridge.org/core/books/economics-of-organised-crime/conspiracy-among-the-many-the-mafia-in-legitimate-industries/408430B12EABBB42BC570DB11B2FEE51,10.1007/978-1-349-62853-7_5,OpenAlex; Crossref,OpenAlex:title_year; Crossref:title_year,medium,2026-09-13,Unpaywall:not_configured
CAND-ACADEMIC-2026-09-13-EXTRA-c8d693f88061-002,Making sense of professional enablers’ involvement in laundering organized crime proceeds and of their regulation,10.1007/s12117-020-09401-y,full_text,https://orca.cardiff.ac.uk/id/eprint/136886/1/Levi_Making%20sense%20of%20professional%20enablers'.pdf,full_text,https://orca.cardiff.ac.uk/id/eprint/136886/1/Levi_Making%20sense%20of%20professional%20enablers'.pdf,https://doi.org/10.1007/s12117-020-09401-y,https://pubmed.ncbi.nlm.nih.gov/33262562,https://doi.org/10.1007/s12117-020-09401-y,https://link.springer.com/article/10.1007/s12117-020-09401-y; https://pmc.ncbi.nlm.nih.gov/articles/PMC7689635; https://orca.cardiff.ac.uk/id/eprint/136886/1/Levi_Making%20sense%20of%20professional%20enablers'.pdf,10.1007/s12117-020-09401-y,OpenAlex; Crossref,OpenAlex:doi; Crossref:doi,high,2026-09-13,Unpaywall:not_configured
CAND-ACADEMIC-2026-09-13-EXTRA-c8d693f88061-003,The Organised Crime Economy,,full_text,https://salford-repository.worktribe.com/file/1449866/1/CCC_freecopy_2005a_TheOrganisedCrimeEconomy.pdf,full_text,https://salford-repository.worktribe.com/file/1449866/1/CCC_freecopy_2005a_TheOrganisedCrimeEconomy.pdf,,,,https://salford-repository.worktribe.com/file/1449866/1/CCC_freecopy_2005a_TheOrganisedCrimeEconomy.pdf,,,source_only,low,2026-09-13,Unpaywall:not_configured
CAND-ACADEMIC-2026-09-13-EXTRA-ca8a9fb601b4-001,Ascent of the corporate model in environmental-organized crime,10.1023/a:1008348805646,full_text,https://link.springer.com/article/10.1023/A:1008348805646/fulltext.html,full_text,https://link.springer.com/article/10.1023/A:1008348805646/fulltext.html,,,https://doi.org/10.1023/a:1008348805646,https://openurl.ebsco.com/fulltext/gcd:15392324; https://doi.org/10.1023/a:1008348805646,10.1023/a:1008348805646,OpenAlex; Crossref,OpenAlex:doi; Crossref:doi,high,2026-09-13,Unpaywall:not_configured
CAND-ACADEMIC-2026-09-13-EXTRA-df65ea613c7f-001,Business cartels and organised crime: exclusive and inclusive systems of collusion,10.1007/s12117-018-9350-y,full_text,https://link.springer.com/content/pdf/10.1007/s12117-018-9350-y.pdf,full_text,https://link.springer.com/content/pdf/10.1007/s12117-018-9350-y.pdf,http://hdl.handle.net/1765/114016,http://repub.eur.nl/pub/121659,https://doi.org/10.1007/s12117-018-9350-y,https://link.springer.com/article/10.1007/s12117-018-9350-y,10.1007/s12117-018-9350-y,OpenAlex; Crossref,OpenAlex:doi; Crossref:doi,high,2026-09-13,Unpaywall:not_configured
CAND-ACADEMIC-2026-09-13-EXTRA-ff172108cfd0-001,Organized crime and banks: assessing the effects of anti-mafia police actions on lending,10.2139/ssrn.5290101,full_text,https://www.ecb.europa.eu/pub/pdf/scpwps/ecb.wp3060~2ea4ebd7aa.en.pdf,full_text,https://www.ecb.europa.eu/pub/pdf/scpwps/ecb.wp3060~2ea4ebd7aa.en.pdf,,,https://doi.org/10.2139/ssrn.5290101,https://www.ecb.europa.eu/pub/pdf/scpwps/ecb.wp3060~2ea4ebd7aa.en.pdf; https://doi.org/10.2139/ssrn.5290101,10.2139/ssrn.5290101,OpenAlex; Crossref,OpenAlex:doi; Crossref:doi,high,2026-09-13,Unpaywall:not_configured
CAND-ACADEMIC-2026-09-13-EXTRA-ff172108cfd0-002,The Effects of Mafia Infiltration on Public Procurement Performance,10.1016/j.ejpoleco.2020.101923,full_text,https://diposit.ub.edu/dspace/bitstream/2445/170238/1/702910.pdf,full_text,https://diposit.ub.edu/dspace/bitstream/2445/170238/1/702910.pdf,http://hdl.handle.net/2445/170238,http://www.sciencedirect.com/science/article/pii/S0176268020300719,https://doi.org/10.1016/j.ejpoleco.2020.101923,https://diposit.ub.edu/items/8e1d23dc-f076-4d72-89cc-6299be4be827; https://doi.org/10.1016/j.ejpoleco.2020.101923,10.1016/j.ejpoleco.2020.101923,OpenAlex; Crossref,OpenAlex:doi; Crossref:doi,high,2026-09-13,Unpaywall:not_configured
CAND-ACADEMIC-2026-09-13-EXTRA-ff172108cfd0-003,"Other People’s Dirty Money: Professional Intermediaries, Market Dynamics and the Finances of White-collar, Corporate and Organized Crimes",10.1093/bjc/azz004,full_text,https://academic.oup.com/bjc/article-pdf/59/5/1217/29118134/azz004.pdf,full_text,https://academic.oup.com/bjc/article-pdf/59/5/1217/29118134/azz004.pdf,http://hdl.handle.net/1765/115146,http://repub.eur.nl/pub/115146,https://doi.org/10.1093/bjc/azz004,https://academic.oup.com/bjc/article/59/5/1217/5348024; https://doi.org/10.1093/bjc/azz004,10.1093/bjc/azz004,OpenAlex; Crossref,OpenAlex:doi; Crossref:doi,high,2026-09-13,Unpaywall:not_configured
CAND-ACADEMIC-2026-09-13-EXTRA-ff172108cfd0-004,Organized Crime and Legitimate Business,,landing_page,https://doi.org/10.4135/9781506305110.n10,landing,,,https://doi.org/10.4135/9781506305110.n10,https://doi.org/10.4135/9781506305110.n10,https://sk.sagepub.com/book/mono/organized-crime/chpt/organized-crime-legitimate-business,10.4135/9781506305110.n10,Crossref,Crossref:title_year,medium,2026-09-13,Unpaywall:not_configured
CAND-ACADEMIC-2026-09-13-EXTRA-ff172108cfd0-005,L’infiltration mafieuse dans l’économie légale,,source_link_only,https://www.afri-ct.org/article/l-infiltration-mafieuse-dans-l,source,,,,,https://www.afri-ct.org/article/l-infiltration-mafieuse-dans-l,,,source_only,low,2026-09-13,Unpaywall:not_configured
CAND-ACADEMIC-2026-09-13-EXTRA-ff172108cfd0-006,Mapping the Risk of Serious and Organised Crime Infiltrating Legitimate Businesses: Technical Annexes,,source_link_only,https://www.rand.org/pubs/external_publications/EP68578.html,source,,,,,https://www.rand.org/pubs/external_publications/EP68578.html,,OpenAlex,OpenAlex:title_year,medium,2026-09-13,Unpaywall:not_configured
CAND-ACADEMIC-2026-09-13-EXTRA-ff172108cfd0-008,Detection Model of Legally Registered Mafia Firms in Italy,,full_text,https://scispace.com/pdf/detection-model-of-legally-registered-mafia-firms-in-italy-o954828324.pdf,full_text,https://scispace.com/pdf/detection-model-of-legally-registered-mafia-firms-in-italy-o954828324.pdf,,,,https://scispace.com/pdf/detection-model-of-legally-registered-mafia-firms-in-italy-o954828324.pdf,,,source_only,low,2026-09-13,Unpaywall:not_configured
