candidate_id,title,doi,authors,year,venue,work_type,source,source_links,other_identifiers,source_query_id,verification_status,metadata_confidence,intake_assessment,intake_reason,possible_duplicate,metadata_conflict,required_human_action,origin,legacy_scope_fit,legacy_recommendation,legacy_reason,legacy_priority,review_stage,current_status,current_decision,exclusion_reason_code,topic_code,duplicate_target_id,secondary_collection_code,secondary_collection_rationale,last_action_id,materialised_at,updated_at,provenance
CAND-ACADEMIC-2026-09-08-EXTRA-a6caf5d7567b-001,The Economic Effects of Mafia: Firm Level Evidence,10.1257/aer.20201015,Litterio Mirenda; Sauro Mocetti; Lucia Rizzica,2022,American Economic Review,unknown,Exa,https://ideas.repec.org/a/aea/aecrev/v112y2022i8p2748-73.html,,EXA-W1-Q1; EXA-W2-Q1; EXA-W4-Q1,metadata_partial,,uncertain,"Il risultato descrive una ricerca potenzialmente pertinente alle relazioni tra criminalità organizzata, imprese o mercati legali; la pertinenza va valutata dal revisore.",Il working paper Banca d'Italia 1235 restituito con titolo generico potrebbe essere una versione precedente; non riconciliato.,,"Verificare metadati, versione e accesso aperto; leggere il lavoro e attribuire personalmente etichette o esclusioni.",daily_surveillance,,,,,metadata_fix,pending,,,,,,,,2026-09-08,2026-09-08,github-issue:#205;batch:ACADEMIC-2026-09-08-EXTRA-a6caf5d7567b
CAND-ACADEMIC-2026-09-08-EXTRA-a6caf5d7567b-002,The Economic Impact of Organized Crime Infiltration in the Legal Economy: Evidence from the Judicial Administration of Organized Crime Firms,10.1007/s40797-020-00128-x,Francesca Calamunci; Francesco Drago,2020,IZA Discussion Papers,working_paper,Exa,https://docs.iza.org/dp13028.pdf; https://doi.org/10.1007/s40797-020-00128-x,,EXA-W1-Q1,metadata_verified,high,uncertain,"Il risultato descrive una ricerca potenzialmente pertinente alle relazioni tra criminalità organizzata, imprese o mercati legali; la pertinenza va valutata dal revisore.",,,"Verificare metadati, versione e accesso aperto; leggere il lavoro e attribuire personalmente etichette o esclusioni.",daily_surveillance,,,,,abstract_full_text_review,pending,,,,,,,,2026-09-08,2026-09-13,github-issue:#205;batch:ACADEMIC-2026-09-08-EXTRA-a6caf5d7567b
CAND-ACADEMIC-2026-09-08-EXTRA-a6caf5d7567b-003,Mafias and Firms,,Jaime Arellano-Bover; Marco De Simoni; Luigi Guiso; Rocco Macchiavello; Domenico J. Marchetti; Mounu Prem,2024,CESifo Working Paper No. 11043,working_paper,Exa,https://hdl.handle.net/10419/296132; https://papers.ssrn.com/sol3/papers.cfm?abstract_id=4793899,,EXA-W1-Q1; EXA-W2-Q1; EXA-W4-Q1,metadata_partial,,uncertain,"Il risultato descrive una ricerca potenzialmente pertinente alle relazioni tra criminalità organizzata, imprese o mercati legali; la pertinenza va valutata dal revisore.",Il PDF IZA dp16893 restituito senza titolo potrebbe essere una manifestazione dello stesso lavoro; non riconciliato.,,"Verificare metadati, versione e accesso aperto; leggere il lavoro e attribuire personalmente etichette o esclusioni.",daily_surveillance,,,,,metadata_fix,pending,,,,,,,,2026-09-08,2026-09-08,github-issue:#205;batch:ACADEMIC-2026-09-08-EXTRA-a6caf5d7567b
CAND-ACADEMIC-2026-09-08-EXTRA-a6caf5d7567b-004,Mafia Infiltration and Ownership Dynamics in Italian Companies Amidst,,Roberta De Luca; Rosalia Greco; Giovanni Immordino; Tommaso Oliviero,2024,,unknown,Exa,https://www.aiel.it/Files/Administrator/Submissions/Documents/submission638500802500193978.pdf,,EXA-W2-Q1; EXA-W7-Q1,metadata_partial,,uncertain,"Il risultato descrive una ricerca potenzialmente pertinente alle relazioni tra criminalità organizzata, imprese o mercati legali; la pertinenza va valutata dal revisore.","Possibile versione del working paper CSEF 750; titolo diverso/troncato, riconciliazione umana richiesta.","Titolo restituito troncato dopo Amidst; conservato come osservato, senza completamento inventato.","Verificare metadati, versione e accesso aperto; leggere il lavoro e attribuire personalmente etichette o esclusioni.",daily_surveillance,,,,,metadata_fix,pending,,,,,,,,2026-09-08,2026-09-08,github-issue:#205;batch:ACADEMIC-2026-09-08-EXTRA-a6caf5d7567b
CAND-ACADEMIC-2026-09-08-EXTRA-a6caf5d7567b-005,Accounting for Crime: Detecting Mafia-connected Firms Using Machine Learning,,Francesco Ambrosini; Michele Fabrizi; Antonio Parbonetti,2024,,preprint,Exa,https://papers.ssrn.com/sol3/papers.cfm?abstract_id=4912709,,EXA-W2-Q1,metadata_partial,,uncertain,"Il risultato descrive una ricerca potenzialmente pertinente alle relazioni tra criminalità organizzata, imprese o mercati legali; la pertinenza va valutata dal revisore.",Possibile relazione con un capitolo della tesi Understanding and Detecting Criminal Firms; non fuso.,SSRN indica prima pubblicazione 2024 e revisione 2025; anno riportato riferito al primo deposito.,"Verificare metadati, versione e accesso aperto; leggere il lavoro e attribuire personalmente etichette o esclusioni.",daily_surveillance,,,,,metadata_fix,pending,,,,,,,,2026-09-08,2026-09-08,github-issue:#205;batch:ACADEMIC-2026-09-08-EXTRA-a6caf5d7567b
CAND-ACADEMIC-2026-09-08-EXTRA-a6caf5d7567b-006,"Anti‐Mafia Police Actions, Criminal Firms, and Peer Firm Tax Avoidance",10.1111/1475-679x.12455,Justin Chircop; Michele Fabrizi; Patrizia Malaspina; Antonio Parbonetti,2022,,unknown,Exa,https://doi.org/10.1111/1475-679x.12455,,EXA-W2-Q1; EXA-W5-Q1,metadata_partial,,uncertain,"Il risultato descrive una ricerca potenzialmente pertinente alle relazioni tra criminalità organizzata, imprese o mercati legali; la pertinenza va valutata dal revisore.",,,"Verificare metadati, versione e accesso aperto; leggere il lavoro e attribuire personalmente etichette o esclusioni.",daily_surveillance,,,,,metadata_fix,pending,,,,,,,,2026-09-08,2026-09-08,github-issue:#205;batch:ACADEMIC-2026-09-08-EXTRA-a6caf5d7567b
CAND-ACADEMIC-2026-09-08-EXTRA-a6caf5d7567b-007,The mafia influence in the business context: Infiltration of criminal firms in the public procurement market,10.1007/s10997-026-09789-9,Andrea Bafundi; Camilla Ciappei; Michele Fabrizi; Antonio Parbonetti,2026,,unknown,Exa,https://doi.org/10.1007/s10997-026-09789-9,,EXA-W3-Q1; EXA-W7-Q1,metadata_partial,,uncertain,"Il risultato descrive una ricerca potenzialmente pertinente alle relazioni tra criminalità organizzata, imprese o mercati legali; la pertinenza va valutata dal revisore.",,,"Verificare metadati, versione e accesso aperto; leggere il lavoro e attribuire personalmente etichette o esclusioni.",daily_surveillance,,,,,metadata_fix,pending,,,,,,,,2026-09-08,2026-09-08,github-issue:#205;batch:ACADEMIC-2026-09-08-EXTRA-a6caf5d7567b
CAND-ACADEMIC-2026-09-08-EXTRA-a6caf5d7567b-008,"Organized Crime, Public Procurement and Firms",,,,,unknown,Exa,https://elena-stella.com/papers/stella_jmp.pdf,,EXA-W3-Q1; EXA-W7-Q1,metadata_partial,,uncertain,"Il risultato descrive una ricerca potenzialmente pertinente alle relazioni tra criminalità organizzata, imprese o mercati legali; la pertinenza va valutata dal revisore.",,,"Verificare metadati, versione e accesso aperto; leggere il lavoro e attribuire personalmente etichette o esclusioni.",daily_surveillance,,,,,metadata_fix,pending,,,,,,,,2026-09-08,2026-09-08,github-issue:#205;batch:ACADEMIC-2026-09-08-EXTRA-a6caf5d7567b
CAND-ACADEMIC-2026-09-08-EXTRA-a6caf5d7567b-009,The extra‐legal governance of corruption: Tracing the organization of corruption in public procurement,10.1111/gove.12648,Mihály Fazekas; Salvatore Sberna; Alberto Vannucci,2021,,unknown,Exa,https://doi.org/10.1111/gove.12648,,EXA-W3-Q1,metadata_partial,,uncertain,"Il risultato descrive una ricerca potenzialmente pertinente alle relazioni tra criminalità organizzata, imprese o mercati legali; la pertinenza va valutata dal revisore.",,,"Verificare metadati, versione e accesso aperto; leggere il lavoro e attribuire personalmente etichette o esclusioni.",daily_surveillance,,,,,metadata_fix,pending,,,,,,,,2026-09-08,2026-09-08,github-issue:#205;batch:ACADEMIC-2026-09-08-EXTRA-a6caf5d7567b
CAND-ACADEMIC-2026-09-08-EXTRA-a6caf5d7567b-010,Threshold of shadows: Unveiling organised crime in Italian municipal public procurement,10.1016/j.ejpoleco.2025.102752,Stefania Fontana; Giorgio d’Agostino,2025,,unknown,Exa,https://doi.org/10.1016/j.ejpoleco.2025.102752,,EXA-W3-Q1,metadata_partial,,uncertain,"Il risultato descrive una ricerca potenzialmente pertinente alle relazioni tra criminalità organizzata, imprese o mercati legali; la pertinenza va valutata dal revisore.",,,"Verificare metadati, versione e accesso aperto; leggere il lavoro e attribuire personalmente etichette o esclusioni.",daily_surveillance,,,,,metadata_fix,pending,,,,,,,,2026-09-08,2026-09-08,github-issue:#205;batch:ACADEMIC-2026-09-08-EXTRA-a6caf5d7567b
CAND-ACADEMIC-2026-09-08-EXTRA-a6caf5d7567b-011,Mafia and bricks: unfair competition in local markets and policy interventions,10.1007/s11187-019-00250-w,,2019,,unknown,Exa,https://link.springer.com/article/10.1007/s11187-019-00250-w,,EXA-W3-Q1,metadata_partial,,uncertain,"Il risultato descrive una ricerca potenzialmente pertinente alle relazioni tra criminalità organizzata, imprese o mercati legali; la pertinenza va valutata dal revisore.",,,"Verificare metadati, versione e accesso aperto; leggere il lavoro e attribuire personalmente etichette o esclusioni.",daily_surveillance,,,,,metadata_fix,pending,,,,,,,,2026-09-08,2026-09-08,github-issue:#205;batch:ACADEMIC-2026-09-08-EXTRA-a6caf5d7567b
CAND-ACADEMIC-2026-09-08-EXTRA-a6caf5d7567b-012,"How Mafias Migrate: Transplantation, Functional Diversification, and Separation",10.1086/708870,Federico Varese,2020,,unknown,Exa,https://doi.org/10.1086/708870,,EXA-W4-Q1,metadata_partial,,uncertain,"Il risultato descrive una ricerca potenzialmente pertinente alle relazioni tra criminalità organizzata, imprese o mercati legali; la pertinenza va valutata dal revisore.",,,"Verificare metadati, versione e accesso aperto; leggere il lavoro e attribuire personalmente etichette o esclusioni.",daily_surveillance,,,,,metadata_fix,pending,,,,,,,,2026-09-08,2026-09-08,github-issue:#205;batch:ACADEMIC-2026-09-08-EXTRA-a6caf5d7567b
CAND-ACADEMIC-2026-09-08-EXTRA-a6caf5d7567b-013,Bricks or cooks? Geographical and social determinants of the investment choices of mafia-type organized crime,10.1177/17488958241293927,Michele Riccardi; Mario A. Maggioni,2024,,unknown,Exa,https://doi.org/10.1177/17488958241293927,,EXA-W4-Q1,metadata_partial,,uncertain,"Il risultato descrive una ricerca potenzialmente pertinente alle relazioni tra criminalità organizzata, imprese o mercati legali; la pertinenza va valutata dal revisore.",,,"Verificare metadati, versione e accesso aperto; leggere il lavoro e attribuire personalmente etichette o esclusioni.",daily_surveillance,,,,,metadata_fix,pending,,,,,,,,2026-09-08,2026-09-08,github-issue:#205;batch:ACADEMIC-2026-09-08-EXTRA-a6caf5d7567b
CAND-ACADEMIC-2026-09-08-EXTRA-a6caf5d7567b-014,Understanding and Detecting Criminal Firms,,Francesco Ambrosini,2023,,other,Exa,https://hdl.handle.net/11577/3478856,,EXA-W5-Q1,metadata_partial,,uncertain,"Il risultato descrive una ricerca potenzialmente pertinente alle relazioni tra criminalità organizzata, imprese o mercati legali; la pertinenza va valutata dal revisore.",La tesi comprende ricerca sulla rilevazione di imprese criminali; verificare rapporto con Accounting for Crime.,,"Verificare metadati, versione e accesso aperto; leggere il lavoro e attribuire personalmente etichette o esclusioni.",daily_surveillance,,,,,metadata_fix,pending,,,,,,,,2026-09-08,2026-09-08,github-issue:#205;batch:ACADEMIC-2026-09-08-EXTRA-a6caf5d7567b
CAND-ACADEMIC-2026-09-08-EXTRA-a6caf5d7567b-015,A machine learning approach for the detection of firms linked to organised crime in Italy,,,2024,"UIF, Quaderni dell'antiriciclaggio, n. 22",working_paper,Exa,https://uif.bancaditalia.it/pubblicazioni/quaderni/2024/quaderno-22-2024/quaderno-22-2024.pdf,,EXA-W5-Q1,metadata_partial,,uncertain,"Il risultato descrive una ricerca potenzialmente pertinente alle relazioni tra criminalità organizzata, imprese o mercati legali; la pertinenza va valutata dal revisore.",,,"Verificare metadati, versione e accesso aperto; leggere il lavoro e attribuire personalmente etichette o esclusioni.",daily_surveillance,,,,,metadata_fix,pending,,,,,,,,2026-09-08,2026-09-08,github-issue:#205;batch:ACADEMIC-2026-09-08-EXTRA-a6caf5d7567b
CAND-ACADEMIC-2026-09-08-EXTRA-a6caf5d7567b-016,Evaluating risks-based communities of Mafia companies: a complex networks perspective,10.1007/s11156-021-00984-3,Nicola Giuseppe Castellano; Roy Cerqueti; Bruno Maria Franceschetti,2021,,unknown,Exa,https://doi.org/10.1007/s11156-021-00984-3,,EXA-W5-Q1,metadata_partial,,uncertain,"Il risultato descrive una ricerca potenzialmente pertinente alle relazioni tra criminalità organizzata, imprese o mercati legali; la pertinenza va valutata dal revisore.",,,"Verificare metadati, versione e accesso aperto; leggere il lavoro e attribuire personalmente etichette o esclusioni.",daily_surveillance,,,,,metadata_fix,pending,,,,,,,,2026-09-08,2026-09-08,github-issue:#205;batch:ACADEMIC-2026-09-08-EXTRA-a6caf5d7567b
CAND-ACADEMIC-2026-09-08-EXTRA-a6caf5d7567b-017,"Oltre le mafie imprenditrici, oltre l’Italia: una mappatura dei fattori di rischio di infiltrazione della criminalità organizzata nelle imprese in Europa",10.13130/cross-11822,Michele Ricciardi; Verena Zoppei; Daniela Andreatta; Antonio Bosisio; Georgiana Musat; Benjámin Villányi,2019,,unknown,Exa,https://doi.org/10.13130/cross-11822; https://publicatt.unicatt.it/handle/10807/223768,,EXA-W6-Q1,metadata_partial,,uncertain,"Il risultato descrive una ricerca potenzialmente pertinente alle relazioni tra criminalità organizzata, imprese o mercati legali; la pertinenza va valutata dal revisore.",PDF unimi download/5/pdf/35200 privo di titolo potrebbe essere una copia; non riconciliato.,"Exa sul DOI riporta Ricciardi; il record istituzionale con lo stesso DOI riporta Riccardi. Conservata l'osservazione iniziale, da verificare.","Verificare metadati, versione e accesso aperto; leggere il lavoro e attribuire personalmente etichette o esclusioni.",daily_surveillance,,,,,metadata_fix,pending,,,,,,,,2026-09-08,2026-09-08,github-issue:#205;batch:ACADEMIC-2026-09-08-EXTRA-a6caf5d7567b
CAND-ACADEMIC-2026-09-08-EXTRA-a6caf5d7567b-018,/’impatto di corruzione e ma¿a suJli appalti puEElici un’esplorazione empirica,,,,,unknown,Exa,https://publicatt.unicatt.it/retrieve/handle/10807/117902/191792/Milani%20et%20al%202018%20L%27impatto%20di%20corruzione%20e%20mafia%20sugli%20appalti%20pubblici.pdf,,EXA-W6-Q1,identifier_unresolved,,uncertain,"Il risultato descrive una ricerca potenzialmente pertinente alle relazioni tra criminalità organizzata, imprese o mercati legali; la pertinenza va valutata dal revisore.",,"Titolo OCR corrotto conservato come osservato; il nome del file suggerisce una forma leggibile, non verificata.","Verificare metadati, versione e accesso aperto; leggere il lavoro e attribuire personalmente etichette o esclusioni.",daily_surveillance,,,,,metadata_fix,pending,,,,,,,,2026-09-08,2026-09-08,github-issue:#205;batch:ACADEMIC-2026-09-08-EXTRA-a6caf5d7567b
CAND-ACADEMIC-2026-09-08-EXTRA-a6caf5d7567b-019,"Regulatory certification, informal governance, and productivity under weak state capacity",10.1007/s10101-026-00388-w,Claudia Cantabene; Alessandro De Iudicibus; Iacopo Grassi,2026,Economics of Governance,unknown,Exa,https://link.springer.com/article/10.1007/s10101-026-00388-w,,EXA-W7-Q1,metadata_partial,,uncertain,"Il risultato descrive una ricerca potenzialmente pertinente alle relazioni tra criminalità organizzata, imprese o mercati legali; la pertinenza va valutata dal revisore.",,,"Verificare metadati, versione e accesso aperto; leggere il lavoro e attribuire personalmente etichette o esclusioni.",daily_surveillance,,,,,metadata_fix,pending,,,,,,,,2026-09-08,2026-09-08,github-issue:#205;batch:ACADEMIC-2026-09-08-EXTRA-a6caf5d7567b
CAND-ACADEMIC-2026-09-08-EXTRA-a6caf5d7567b-020,Mafia Infiltration and Ownership Dynamics in Italian Companies during Covid-19,,,,CSEF Working Paper No. 750,working_paper,Exa,https://www.csef.it/WP/wp750.pdf,,EXA-W7-Q1,metadata_partial,,uncertain,"Il risultato descrive una ricerca potenzialmente pertinente alle relazioni tra criminalità organizzata, imprese o mercati legali; la pertinenza va valutata dal revisore.",Possibile versione del contributo AIEL 2024 con titolo troncato; riconciliazione umana richiesta.,Header Exa attribuisce Prof. Jappelli senza attestazione bibliografica nel contenuto; autori lasciati mancanti.,"Verificare metadati, versione e accesso aperto; leggere il lavoro e attribuire personalmente etichette o esclusioni.",daily_surveillance,,,,,metadata_fix,pending,,,,,,,,2026-09-08,2026-09-08,github-issue:#205;batch:ACADEMIC-2026-09-08-EXTRA-a6caf5d7567b
CAND-ACADEMIC-2026-09-09-001,Mafia infiltrations in times of crisis: Evidence from the Covid-19 shock,,Marco Castelluccio; Lucia Rizzica,2023,IFS Working Papers,working_paper,Exa,https://ideas.repec.org/p/ifs/ifsewp/23-28.html; https://www.bancaditalia.it/pubblicazioni/temi-discussione/2025/2025-1502/index.html?com.dotmarketing.htmlpage.language=1,,EXA-W1-Q1,metadata_partial,,uncertain,The result directly studies mafia capture of firms operating in the legal economy after a financial shock and is potentially within the infiltration review boundary.,Banca d'Italia Working Paper No. 1502 appears to be a later manifestation of the same title/authors; canonical version reconciliation is reserved for human review.,,"Verify canonical work identity and manifestations, access status, and scientific eligibility before assigning any labels.",daily_surveillance,,,,,metadata_fix,pending,,,,,,,,2026-09-09,2026-09-09,github-issue:#208;batch:ACADEMIC-2026-09-09
CAND-ACADEMIC-2026-09-09-002,Money laundering through the strategic management of accounting transactions,10.1016/j.cpa.2018.08.003,Diego Ravenda; Maika M. Valencia-Silva; Josep M. Argiles-Bosch; Josep García-Blandón,2019,Critical Perspectives on Accounting,unknown,Exa,https://www.sciencedirect.com/science/article/pii/S1045235418302612; https://portalrecerca.csuc.cat/article/doi/10.1016/j.cpa.2018.08.003,,EXA-W2-Q1,metadata_partial,,uncertain,"The study analyses accounting practices in a sample of firms controlled by Italian mafias, including real and shell firms, and therefore may bear directly on criminal control of legal businesses.",,,"Verify full metadata, lawful access and whether the infiltration relationship meets the four-part eligibility test.",daily_surveillance,,,,,metadata_fix,pending,,,,,,,,2026-09-09,2026-09-09,github-issue:#208;batch:ACADEMIC-2026-09-09
CAND-ACADEMIC-2026-09-09-003,Financial crime risk assessment: machine learning insights into ownership structures in secrecy firms,10.1080/17440572.2024.2402848,Maria Jofre; Antonio Bosisio; Michele Riccardi,2024,Global Crime,unknown,Exa,https://doi.org/10.1080/17440572.2024.2402848,,EXA-W2-Q1; EXA-W5-Q1,metadata_partial,,uncertain,The paper develops ownership-based financial-crime risk indicators and may provide a methodological or broader-AML contribution even if the core infiltration boundary is not ultimately met.,,,Assess whether this belongs in the core/contextual review or only the governed broader-AML collection; verify access and metadata.,daily_surveillance,,,,,metadata_fix,pending,,,,,,,,2026-09-09,2026-09-09,github-issue:#208;batch:ACADEMIC-2026-09-09
CAND-ACADEMIC-2026-09-09-004,Organized Crime and Firms' Financial Statements: Evidence from Criminal Investigations in Italy,10.2308/tar-2019-0079,Pietro A. Bianchi; Antonio Marra; Donato Masciandaro; Nicola Pecchiari,2021,The Accounting Review,unknown,Exa,https://papers.ssrn.com/sol3/papers.cfm?abstract_id=3031747; https://doi.org/10.2308/tar-2019-0079,,EXA-W2-Q1,metadata_partial,,uncertain,The result examines financial statements of firms identified through criminal investigations and is potentially central to the empirical literature on mafia-connected firms.,,,"Verify bibliographic year/version, lawful access and scientific eligibility before classification.",daily_surveillance,,,,,metadata_fix,pending,,,,,,,,2026-09-09,2026-09-09,github-issue:#208;batch:ACADEMIC-2026-09-09
CAND-ACADEMIC-2026-09-09-005,Organized Crime and Firms: Evidence from Antimafia Enforcement Actions,10.1287/mnsc.2021.00859,Pablo Slutzky; Stefan Zeume,2024,Management Science,unknown,Exa,https://ideas.repec.org/a/inm/ormnsc/v70y2024i10p6569-6596.html; https://doi.org/10.1287/mnsc.2021.00859,,EXA-W3-Q1,metadata_partial,,uncertain,"The study uses antimafia enforcement actions to analyse criminal firms and their effects on legitimate competitors, making it potentially relevant to both infiltration and enforcement.",An earlier working-paper manifestation with a related title was also returned; canonical manifestation reconciliation is pending.,,"Reconcile the published and working-paper manifestations, then assess eligibility and access.",daily_surveillance,,,,,metadata_fix,pending,,,,,,,,2026-09-09,2026-09-09,github-issue:#208;batch:ACADEMIC-2026-09-09
CAND-ACADEMIC-2026-09-09-006,The effects of mafia infiltration on public procurement performance,10.1016/j.ejpoleco.2020.101923,Diego Ravenda; Michele G. Giuranno; Maika M. Valencia-Silva; Josep María Argilés-Bosch; Josep García-Blandón,2020,European Journal of Political Economy,unknown,Exa,https://doi.org/10.1016/j.ejpoleco.2020.101923,,EXA-W3-Q1,metadata_partial,,uncertain,The paper directly studies mafia infiltration and performance in public procurement and is potentially central to the legal-market strand of the review.,,,Verify metadata/access and assess the sustained infiltration relationship against the eligibility codebook.,daily_surveillance,,,,,metadata_fix,pending,,,,,,,,2026-09-09,2026-09-09,github-issue:#208;batch:ACADEMIC-2026-09-09
CAND-ACADEMIC-2026-09-09-007,Organized crime behavior of shell-company networks in procurement: prevention insights for policy and reform,10.1007/s12117-023-09499-w,J. R. Nicolás-Carlock; Issa Luna-Pla,2023,Trends in Organized Crime,unknown,Exa,https://doi.org/10.1007/s12117-023-09499-w; https://arxiv.org/abs/2307.10028,,EXA-W3-Q1; EXA-W6-Q1,metadata_partial,,uncertain,The study uses ownership and contracting networks to analyse organised shell-company operations in Mexican procurement and may be a contextual or methodological contribution.,,,Determine whether the cases satisfy the review's sustained infiltration relation rather than adjacent corruption/shell-company use only; verify access.,daily_surveillance,,,,,metadata_fix,pending,,,,,,,,2026-09-09,2026-09-09,github-issue:#208;batch:ACADEMIC-2026-09-09
CAND-ACADEMIC-2026-09-09-008,How Mafias Migrate: The Case of the 'Ndrangheta in Northern Italy,,Federico Varese,2006,Law & Society Review,unknown,Exa,https://www.cambridge.org/core/journals/law-and-society-review/article/how-mafias-migrate-the-case-of-the-ndrangheta-in-northern-italy/83AFB5D62F69AB4E5CDD1027022E2735; https://papers.ssrn.com/sol3/papers.cfm?abstract_id=900566,,EXA-W4-Q1,metadata_partial,,uncertain,"The article analyses mafia transplantation and demand for criminal protection in legal markets, including construction, and may provide a necessary conceptual/comparative contribution.",An Oxford working-paper manifestation from 2005 with the same title was returned; canonical version reconciliation is pending.,"The Cambridge landing page reports an online date in 2024 while the SSRN bibliographic record identifies Law & Society Review 40(2), 2006; publication metadata requires human verification.","Resolve publication metadata and manifestations, then assess whether the legal-economy relationship is sufficiently substantive for contextual or core eligibility.",daily_surveillance,,,,,metadata_fix,pending,,,,,,,,2026-09-09,2026-09-09,github-issue:#208;batch:ACADEMIC-2026-09-09
CAND-ACADEMIC-2026-09-09-009,Migrating mafias,10.1016/j.regsciurbeco.2013.11.005,Paolo Buonanno; Matteo Pazzona,,Regional Science and Urban Economics,unknown,Exa,https://www.sciencedirect.com/science/article/abs/pii/S0166046213001099; https://doi.org/10.1016/j.regsciurbeco.2013.11.005,,EXA-W4-Q1,metadata_partial,,uncertain,The result studies mafia transplantation into northern Italian areas and discusses penetration of legal sectors; its precise relationship to firm-level infiltration remains for human assessment.,,,Verify publication year/access and determine whether the work is sufficiently connected to the legal-economy infiltration construct.,daily_surveillance,,,,,metadata_fix,pending,,,,,,,,2026-09-09,2026-09-09,github-issue:#208;batch:ACADEMIC-2026-09-09
CAND-ACADEMIC-2026-09-09-010,Characteristics of Italian firms in the judicial administration: Can financial ratios be red flags of criminal infiltrations?,10.22495/cocv21i3siart10,Angela M. Greco; Mariastella Messina,2024,,unknown,Exa,https://doi.org/10.22495/cocv21i3siart10,,EXA-W5-Q1,metadata_partial,,uncertain,"The paper examines firms under judicial administration and tests financial ratios as red flags for criminal infiltration, potentially contributing to detection and enforcement strands.",,,"Verify bibliographic metadata, access and the basis on which judicial-administration firms are treated as infiltration cases.",daily_surveillance,,,,,metadata_fix,pending,,,,,,,,2026-09-09,2026-09-09,github-issue:#208;batch:ACADEMIC-2026-09-09
CAND-ACADEMIC-2026-09-09-011,Appalti e corruzione: alcune evidenze sulla penetrazione criminale negli appalti di lavori,,Francesco Decarolis; Paolo Pinotti,2021,Il diritto dell'economia,unknown,Exa,https://igier.unibocconi.eu/sites/default/files/media/attach/Appalti-Corruzione.pdf; https://iris.unibocconi.it/handle/11565/4042583,,EXA-W6-Q1,metadata_partial,,uncertain,The article quantitatively examines criminal penetration of Italian public works procurement using crime reports linked to firms and contracting officials.,,,Assess whether the operational crime measure satisfies the organised-crime/infiltration boundary and verify access and full citation metadata.,daily_surveillance,,,,,metadata_fix,pending,,,,,,,,2026-09-09,2026-09-09,github-issue:#208;batch:ACADEMIC-2026-09-09
CAND-ACADEMIC-2026-09-09-012,APPALTI PUBBLICI E CRIMINALITÀ ORGANIZZATA,10.13130/cross-7791,S. Spartà,2016,Cross,unknown,Exa,https://riviste.unimi.it/index.php/cross/article/download/7791/7463; https://doi.org/10.13130/cross-7791,,EXA-W6-Q1,metadata_partial,,uncertain,The article analyses mechanisms and prevention of organised-crime infiltration across stages of public procurement and is potentially relevant to the enforcement/legal strand.,,,"Verify author metadata, scholarly status/access and whether the analysis meets core or contextual eligibility.",daily_surveillance,,,,,metadata_fix,pending,,,,,,,,2026-09-09,2026-09-09,github-issue:#208;batch:ACADEMIC-2026-09-09
CAND-ACADEMIC-2026-09-09-013,Exploring the Impact of Soft Preventive Judicial Measures on Business Resilience and Performance under Organised Crime Infiltration: Evidence from a Multi Case Analysis,,Giovanni Scire'; E. Bivona,2026,,unknown,Exa,https://iris.unipa.it/handle/10447/710250,,EXA-W7-Q1,metadata_partial,,uncertain,The repository record describes a comparative firm-level analysis of judicial administration/control measures applied under organised-crime infiltration and is potentially relevant to soft preventive enforcement.,,,"Verify the forthcoming/publication status, complete author and venue metadata, access, and scientific eligibility.",daily_surveillance,,,,,metadata_fix,pending,,,,,,,,2026-09-09,2026-09-09,github-issue:#208;batch:ACADEMIC-2026-09-09
CAND-ACADEMIC-2026-09-09-014,A Loan You Can’t Refuse: Credit Rationing and Organized Crime Infiltration of Distressed Firms,,Gianmarco Daniele; Marco De Simoni; Domenico J. Marchetti; Giovanna Marcolongo; Paolo Pinotti,2025,"UIF, Quaderni dell'antiriciclaggio, n. 32",working_paper,Exa,https://uif.bancaditalia.it/pubblicazioni/quaderni/2025/quaderno-32-2025/index.html?com.dotmarketing.htmlpage.language=1; https://ideas.repec.org/p/ces/ceswps/_12219.html,,EXA-W7-Q1,metadata_partial,,uncertain,The study directly estimates whether tighter credit constraints increase organised-crime infiltration into firms and is potentially central to the causal firm-level literature.,The same work is also represented as CESifo Working Paper 12219 and BAFFI CAREFIN Working Paper 25255; canonical manifestation reconciliation is pending.,,"Reconcile working-paper manifestations, verify access and assess scientific eligibility before labelling.",daily_surveillance,,,,,metadata_fix,pending,,,,,,,,2026-09-09,2026-09-09,github-issue:#208;batch:ACADEMIC-2026-09-09
CAND-ACADEMIC-2026-09-09-EXTRA-24b7a783a9a3-001,The financial profile of firms infiltrated by organised crime in Italy,,Marco De Simoni,2022,"UIF, Quaderni dell'antiriciclaggio, n. 17",working_paper,Exa,https://uif.bancaditalia.it/pubblicazioni/quaderni/2022/quaderno-17-2022/QAR_17_march_2022.pdf,,EXA-W2-Q1; EXA-W6-Q1,metadata_partial,,plausible_core,"The study directly analyses firms infiltrated by organised crime, using firms seized within organised-crime prosecutions and comparing their financial profiles and infiltration types.",The UIF publication states that the study is also published in Banca d'Italia's Questioni di Economia e Finanza; canonical manifestation reconciliation is pending.,,"Reconcile the UIF and Banca d'Italia manifestations, verify open-access status and canonical identity, then perform human eligibility screening.",daily_surveillance,,,,,metadata_fix,pending,,,,,,,,2026-09-09,2026-09-09,github-issue:#211;batch:ACADEMIC-2026-09-09-EXTRA-24b7a783a9a3
CAND-ACADEMIC-2026-09-09-EXTRA-24b7a783a9a3-002,IDENTIFYING PATTERNS OF MAFIA MOBILITY: THE PRESENCE OF THE ITALIAN MAFIAS IN EUROPE,,Federica Sarno,2015,,unknown,Exa,https://publicatt.unicatt.it/handle/10280/6118,,EXA-W4-Q1,metadata_partial,,plausible_contextual,"The institutional repository record reports a comparative study of Italian mafia mobility and structured presence across Europe; it may inform the territorial-expansion boundary, while the legal-economy relationship is not established at intake.",,,"Verify document type, full metadata and access, then determine whether it contributes specifically to legal-economy infiltration rather than organised-crime mobility alone.",daily_surveillance,,,,,metadata_fix,pending,,,,,,,,2026-09-09,2026-09-09,github-issue:#211;batch:ACADEMIC-2026-09-09-EXTRA-24b7a783a9a3
CAND-ACADEMIC-2026-09-09-EXTRA-24b7a783a9a3-003,The Italian mafias in the world: A systematic assessment of the mobility of criminal groups,10.1177/1477370815623570,Francesco Calderoni; Giulia Berlusconi; Lorella Garofalo; Luca Giommoni; Federica Sarno,,European Journal of Criminology,peer_reviewed,Exa,https://doi.org/10.1177/1477370815623570,,EXA-W4-Q1,metadata_partial,,plausible_contextual,The peer-reviewed article systematically assesses international mafia mobility and stable presence and may provide contextual evidence for the territorial-expansion strand; the legal-business relationship requires screening.,,"The returned Sage mirror describes first publication online in 2016, while DOI metadata fetched through Exa reports 2015-12-31; publication year requires human verification.","Resolve the publication-year conflict, verify access, and assess whether the legal-economy relationship is substantive enough for contextual or core eligibility.",daily_surveillance,,,,,metadata_fix,pending,,,,,,,,2026-09-09,2026-09-09,github-issue:#211;batch:ACADEMIC-2026-09-09-EXTRA-24b7a783a9a3
CAND-ACADEMIC-2026-09-09-EXTRA-24b7a783a9a3-004,Understanding criminal mobility: The case of the Neapolitan Camorra,10.1080/1354571x.2014.962257,Felia Allum,2014,Journal of Modern Italian Studies,peer_reviewed,Exa,https://purehost.bath.ac.uk/ws/portalfiles/portal/122463450/Functionalmobility.pdf; https://doi.org/10.1080/1354571X.2014.962257,,EXA-W4-Q1,metadata_partial,,plausible_contextual,"The peer-reviewed article examines Camorra mobility through European case studies and explicitly frames effects on national legal economies, making it a possible conceptual contribution to economic and territorial expansion.",,,"Verify the canonical manifestation and open-access status, then assess whether the legal-economy relationship is sufficiently substantive for contextual or core eligibility.",daily_surveillance,,,,,metadata_fix,pending,,,,,,,,2026-09-09,2026-09-09,github-issue:#211;batch:ACADEMIC-2026-09-09-EXTRA-24b7a783a9a3
CAND-ACADEMIC-2026-09-09-EXTRA-5e31cc756b0e-001,"Penetration of Legitimate Business by Organized Crime, An Analysis",,M. K. Bers,1970,Office of Justice Programs / New York State study,other,Exa,https://ojp.gov/ncjrs/virtual-library/abstracts/penetration-legitimate-business-organized-crime-analysis,NCJ 2300,EXA-W1-Q1,metadata_verified,high,uncertain,Historical empirical study explicitly measuring organized-crime penetration of legitimate private businesses.,,,Assess scholarly eligibility and its role as foundational empirical evidence; no scientific label is assigned automatically.,daily_surveillance,,,,,abstract_full_text_review,pending,,,,,,,,2026-09-09,2026-09-09,github-issue:#219;batch:ACADEMIC-2026-09-09-EXTRA-5e31cc756b0e
CAND-ACADEMIC-2026-09-09-EXTRA-5e31cc756b0e-002,"Organized Crime and the Infiltration of Legitimate Business: Civil Remedies for ""Criminal Activity""",10.2307/3311463,,1975,University of Pennsylvania Law Review,peer_reviewed,Exa,https://www.jstor.org/stable/3311463,Vol. 124 No. 1 pp. 192-222,EXA-W1-Q2,metadata_partial,,uncertain,Direct legal analysis of civil remedies against organized-crime infiltration of legitimate business.,,,Verify authorship attribution and assess its apparatus-of-contrast relevance; no scientific label is assigned automatically.,daily_surveillance,,,,,metadata_fix,pending,,,,,,,,2026-09-09,2026-09-09,github-issue:#219;batch:ACADEMIC-2026-09-09-EXTRA-5e31cc756b0e
CAND-ACADEMIC-2026-09-09-EXTRA-5e31cc756b0e-003,Facilitating the Italian Mafia: The Grey Zone of Complicity and Collusion,10.1080/13608746.2019.1575563,Felia Allum; Rossella Merlino; Alessandro Colletti,2019,South European Society and Politics,peer_reviewed,Exa,https://researchportal.bath.ac.uk/en/publications/facilitating-the-italian-mafia-the-grey-zone-of-complicity-and-co-2/; https://doi.org/10.1080/13608746.2019.1575563,79-101,EXA-W2-Q1,metadata_verified,high,uncertain,"Examines mafia enablers, facilitators and accomplices in the grey zone using judicial sources, relevant to professional and relational mechanisms of infiltration.",,,Assess whether grey-zone facilitation is core or contextual under the review ontology; no scientific label is assigned automatically.,daily_surveillance,,,,,abstract_full_text_review,pending,,,,,,,,2026-09-09,2026-09-09,github-issue:#219;batch:ACADEMIC-2026-09-09-EXTRA-5e31cc756b0e
CAND-ACADEMIC-2026-09-09-EXTRA-5e31cc756b0e-004,When the Godfather Falls: Implications for Industry Peers,,Francesco Ambrosini; Michele Fabrizi; Elisabetta Ipino; Antonio Parbonetti,2024,SSRN,preprint,Exa,https://papers.ssrn.com/sol3/papers.cfm?abstract_id=4960619,SSRN 4960619,EXA-W2-Q2,metadata_verified,high,uncertain,"Estimates spillovers from anti-mafia police operations onto industry peers, informing market effects of criminal-firm presence and removal.",Earlier discovery metadata used the title 'Mafia Entrepreneur: Implications for Industry Peers in Non-Traditional Territories'; SSRN 4960619 identifies the current manifestation.,First posted 29 October 2024 and last revised 25 June 2025; year is keyed to first posting while title follows the current SSRN record.,Confirm manifestation history and assess core versus apparatus-of-contrast relevance without treating title evolution as a second paper.,daily_surveillance,,,,,metadata_fix,pending,,,,,,,,2026-09-09,2026-09-09,github-issue:#219;batch:ACADEMIC-2026-09-09-EXTRA-5e31cc756b0e
CAND-ACADEMIC-2026-09-09-EXTRA-5e31cc756b0e-005,White List: An Administrative Tool to Contrast Crime,10.3390/g13010008,Amelia Barletta; Carlo Capuano; Alessandro De Iudicibus,2021,Games,peer_reviewed,Exa,https://ideas.repec.org/a/gam/jgames/v13y2021i1p8-d714243.html; https://doi.org/10.3390/g13010008,13(1):8,EXA-W3-Q1,metadata_verified,high,uncertain,Analyzes Italian prefectural White Lists as an administrative anti-mafia instrument for vulnerable business sectors.,,,Assess apparatus-of-contrast eligibility and empirical contribution; no scientific label is assigned automatically.,daily_surveillance,,,,,abstract_full_text_review,pending,,,,,,,,2026-09-09,2026-09-09,github-issue:#219;batch:ACADEMIC-2026-09-09-EXTRA-5e31cc756b0e
CAND-ACADEMIC-2026-09-09-EXTRA-5e31cc756b0e-006,Legality certification and firm performance: Evidence from Italy’s anti-mafia white list,10.1016/j.ecosys.2026.101421,Maria Rosaria Alfano; Claudia Cantabene; Alessandro De Iudicibus,2026,Economic Systems,peer_reviewed,Exa,https://www.sciencedirect.com/science/article/pii/S0939362526000464; https://doi.org/10.1016/j.ecosys.2026.101421,,EXA-W3-Q2,metadata_verified,high,uncertain,Evaluates firm-level effects of Italy's anti-mafia White List legality certification using a modern empirical design.,Likely published evolution of the MPRA working paper 'The effectiveness of a certification of legality. Evidence from Italian firms' (MPRA 120306).,,Reconcile the MPRA precursor with the published article and assess apparatus-of-contrast eligibility as one evolving work.,daily_surveillance,,,,,abstract_full_text_review,pending,,,,,,,,2026-09-09,2026-09-09,github-issue:#219;batch:ACADEMIC-2026-09-09-EXTRA-5e31cc756b0e
CAND-ACADEMIC-2026-09-09-EXTRA-5e31cc756b0e-007,Organized Crime Infiltration of Legitimate Businesses in Europe: A Pilot Project in Five European Countries,,Ernesto U. Savona; Giulia Berlusconi,2015,Final Report of Project ARIEL,other,Exa,https://bra.se/english/publications/archive/2015-11-26-organized-crime-infiltration-of-legitimate-businesses-in-europe; https://www.transcrime.it/wp-content/uploads/2015/11/Project-ARIEL_Final-report.pdf,HOME/2012/ISEC/FP/C1/4000003801,EXA-W4-Q2; EXA-W6-Q1,metadata_verified,high,uncertain,Cross-national comparative research explicitly mapping organized-crime infiltration of legal businesses and risk factors across five EU countries.,,Savona and Berlusconi are editors of the report; country chapters have additional principal investigators and should not be silently collapsed into the report-level record.,Assess report-level eligibility and later determine whether country chapters require separate bibliographic records.,daily_surveillance,,,,,metadata_fix,pending,,,,,,,,2026-09-09,2026-09-09,github-issue:#219;batch:ACADEMIC-2026-09-09-EXTRA-5e31cc756b0e
CAND-ACADEMIC-2026-09-09-EXTRA-5e31cc756b0e-008,The risk of mafia infiltration in Italian municipalities: Statistical and machine learning evidence from financial information,,Stefano Iezzi; Claudio Pauselli,2025,"UIF Quaderni dell'antiriciclaggio, Analisi e studi, No. 27",working_paper,Exa,https://uif.bancaditalia.it/pubblicazioni/quaderni/2025/quaderno-27-2025/index.html?com.dotmarketing.htmlpage.language=1; https://uif.bancaditalia.it/pubblicazioni/quaderni/2025/quaderno-27-2025/QAR-27.pdf,UIF No. 27,EXA-W5-Q1,metadata_verified,high,uncertain,Develops statistical and machine-learning measures of mafia infiltration risk in local administrations using financial information and validates against organized-crime-linked businesses and procurement opacity.,,,Assess whether municipal infiltration detection belongs in the contextual/apparatus-of-contrast corpus and its methodological relevance to firm-focused detection.,daily_surveillance,,,,,abstract_full_text_review,pending,,,,,,,,2026-09-09,2026-09-09,github-issue:#219;batch:ACADEMIC-2026-09-09-EXTRA-5e31cc756b0e
CAND-ACADEMIC-2026-09-09-EXTRA-5e31cc756b0e-009,Diagnostic Infrastructures and Behavioural Drift in Public Financial Management: Evidence from Municipalities Dissolved for Mafia Infiltration,,Francesco Ambrosini; Ilaria Campagna; Federico Longhin; Antonio Parbonetti,2025,SSRN,preprint,Exa,https://papers.ssrn.com/sol3/papers.cfm?abstract_id=5203951,SSRN 5203951,EXA-W5-Q2,metadata_verified,high,uncertain,"Uses accounting, budgeting and procurement data around municipalities dissolved for mafia infiltration, relevant to diagnostic infrastructure and administrative detection.",,The discovery result used an earlier descriptive title about accounting and procurement data; SSRN 5203951 now identifies the current title and a December 2025 revision.,Assess contextual/apparatus-of-contrast eligibility and preserve title-version history without creating duplicate works.,daily_surveillance,,,,,metadata_fix,pending,,,,,,,,2026-09-09,2026-09-09,github-issue:#219;batch:ACADEMIC-2026-09-09-EXTRA-5e31cc756b0e
CAND-ACADEMIC-2026-09-09-EXTRA-5e31cc756b0e-010,Mapping the Risk of Serious and Organised Crime Infiltrating Legitimate Businesses: Final Report,10.2837/64101,Shann Corbett; Emma Disley; Emma Louise Blondes,2021,Publications Office of the European Union / RAND Europe,other,Exa,https://www.rand.org/pubs/external_publications/EP68577.html; https://doi.org/10.2837/64101,,EXA-W6-Q1; EXA-W6-Q2; EXA-W6-Q3,metadata_verified,high,uncertain,EU-wide research mapping sectoral and geographic risk of serious and organized crime infiltrating legitimate businesses.,,A separate technical-annex volume exists (DOI 10.2837/442937); this record is only the final report.,Assess report-level eligibility and whether the technical annexes warrant a linked but separate evidence record.,daily_surveillance,,,,,metadata_fix,pending,,,,,,,,2026-09-09,2026-09-09,github-issue:#219;batch:ACADEMIC-2026-09-09-EXTRA-5e31cc756b0e
CAND-ACADEMIC-2026-09-09-EXTRA-5e31cc756b0e-011,"Mafia, Politics and Machine Predictions",,Gian Maria Campedelli; Gianmarco Daniele; Marco Le Moglie,2024,CEPR Discussion Paper No. 19322,working_paper,Exa,https://cepr.org/publications/dp19322,CEPR DP19322,EXA-W5-Q1,metadata_verified,high,uncertain,"Uses machine learning to predict mafia infiltration of local governments before formal detection, directly relevant to preventive detection methods.",,,Assess methodological/contextual relevance to the legal-economy review and avoid conflating municipal infiltration with firm infiltration.,daily_surveillance,,,,,abstract_full_text_review,pending,,,,,,,,2026-09-09,2026-09-09,github-issue:#219;batch:ACADEMIC-2026-09-09-EXTRA-5e31cc756b0e
CAND-ACADEMIC-2026-09-09-EXTRA-5e31cc756b0e-012,The effects of organized crime on legitimate businesses,10.1108/13590790610660926,Frank J. Marine,2006,Journal of Financial Crime,peer_reviewed,Exa,https://www.ingentaconnect.com/content/mcb/jfc/2006/00000013/00000002/art00007?crawler=true; https://doi.org/10.1108/13590790610660926,13(2):214-234,EXA-W7-Q2,metadata_verified,high,uncertain,Directly examines the development and effects of organized crime involvement in legitimate businesses.,,,Assess core eligibility and empirical contribution; no scientific label is assigned automatically.,daily_surveillance,,,,,abstract_full_text_review,pending,,,,,,,,2026-09-09,2026-09-09,github-issue:#219;batch:ACADEMIC-2026-09-09-EXTRA-5e31cc756b0e
CAND-ACADEMIC-2026-09-09-EXTRA-5e31cc756b0e-013,Organised criminals and the legal economy,,Giulia Berlusconi,2016,Organised Crime in European Businesses,other,Exa,https://www.routledge.com/Organised-Crime-in-European-Businesses/Savona-Riccardi-Berlusconi/p/book/9781138499478,Book DOI 10.4324/9781315640617,EXA-W4-Q1,metadata_partial,,uncertain,Conceptual chapter explicitly focused on organized criminals' relationships with the legal economy and mechanisms of business infiltration.,,"The edited-volume DOI is verified, but a chapter-specific DOI or stable chapter URL was not resolved in this run.",Resolve the chapter-specific identifier and assess conceptual/core eligibility; do not collapse it into the edited volume or other chapters.,daily_surveillance,,,,,metadata_fix,pending,,,,,,,,2026-09-09,2026-09-09,github-issue:#219;batch:ACADEMIC-2026-09-09-EXTRA-5e31cc756b0e
CAND-ACADEMIC-2026-09-09-EXTRA-6b5b5e038ac4-001,"Revealing “Mafia Inc.”? Financial Crisis, Organized Crime, and the Birth of New Enterprises",10.1162/rest_a_00942,Marco Le Moglie; Giuseppe Sorrenti,2022,The Review of Economics and Statistics,peer_reviewed,Parallel Search,https://direct.mit.edu/rest/article-abstract/104/1/142/97638,,PARALLEL-W1-Q2,metadata_verified,high,plausible_core,Uses a credit-crisis shock to study organised-crime investment in new legitimate enterprises and validates the mechanism with judicial evidence.,,,Reconcile identity/manifestations and assess eligibility under the current codebook; no scientific inclusion or publication decision is automatic.,daily_surveillance,,,,,abstract_full_text_review,pending,,,,,,,,2026-09-11,2026-09-11,github-issue:#226;batch:ACADEMIC-2026-09-09-EXTRA-6b5b5e038ac4
CAND-ACADEMIC-2026-09-09-EXTRA-6b5b5e038ac4-002,Mapping the Risk of Serious and Organised Crime Infiltrating Legitimate Businesses: Technical Annexes,10.2837/442937,Shann Corbett; Emma Disley; Emma Louise Blondes,2021,Publications Office of the European Union / RAND Europe,other,Parallel Search,https://www.rand.org/pubs/external_publications/EP68578.html,,PARALLEL-W1-Q2,metadata_verified,high,plausible_contextual,Technical annexes to a structured risk-mapping study of organised-crime infiltration of legitimate businesses; distinct from the final report already in the queue.,,,Reconcile identity/manifestations and assess eligibility under the current codebook; no scientific inclusion or publication decision is automatic.,daily_surveillance,,,,,abstract_full_text_review,pending,,,,,,,,2026-09-11,2026-09-11,github-issue:#226;batch:ACADEMIC-2026-09-09-EXTRA-6b5b5e038ac4
CAND-ACADEMIC-2026-09-09-EXTRA-6b5b5e038ac4-003,The Illusion of Success: A Case Study in the Infiltration of Legitimate Business,,Frederick T. Martens,1984,Federal Probation 48(1):40–45,other,Parallel Search,https://www.ojp.gov/ncjrs/virtual-library/abstracts/illusion-success-case-study-infiltration-legitimate-business,NCJ 93999,PARALLEL-W1-Q4,metadata_verified,high,plausible_core,"Case study of organised-crime penetration and exploitation of a legitimate business through credit dependence, professional facilitators and criminal use of the firm.",,,Reconcile identity/manifestations and assess eligibility under the current codebook; no scientific inclusion or publication decision is automatic.,daily_surveillance,,,,,abstract_full_text_review,pending,,,,,,,,2026-09-11,2026-09-11,github-issue:#226;batch:ACADEMIC-2026-09-09-EXTRA-6b5b5e038ac4
CAND-ACADEMIC-2026-09-09-EXTRA-6b5b5e038ac4-004,Racketeering in Legitimate Industries: A Study in The Economics of Intimidation,,Peter Reuter,1987,RAND,other,Parallel Search,https://www.rand.org/pubs/reports/R3525.html,RAND R-3525,PARALLEL-W1-Q6,metadata_verified,high,plausible_core,Foundational empirical and economic study of organised-crime control and racketeering in legitimate industries.,,,Reconcile identity/manifestations and assess eligibility under the current codebook; no scientific inclusion or publication decision is automatic.,daily_surveillance,,,,,abstract_full_text_review,pending,,,,,,,,2026-09-11,2026-09-11,github-issue:#226;batch:ACADEMIC-2026-09-09-EXTRA-6b5b5e038ac4
CAND-ACADEMIC-2026-09-09-EXTRA-6b5b5e038ac4-005,Racketeering in Legitimate Industries - Two Case Studies - Executive Summary,,,1982,RAND / Office of Justice Programs,other,Parallel Search,https://www.ojp.gov/library/publications/racketeering-legitimate-industries-two-case-studies-executive-summary,NCJ 87678,PARALLEL-W1-Q6,metadata_partial,,plausible_core,"Early case-study evidence on organised-crime racketeering and control in legitimate industries, recovered as a distinct research output.",,,Reconcile identity/manifestations and assess eligibility under the current codebook; no scientific inclusion or publication decision is automatic.,daily_surveillance,,,,,metadata_fix,pending,,,,,,,,2026-09-11,2026-09-11,github-issue:#226;batch:ACADEMIC-2026-09-09-EXTRA-6b5b5e038ac4
CAND-ACADEMIC-2026-09-09-EXTRA-6b5b5e038ac4-006,The Cartage Industry in New York,10.1086/449224,Peter Reuter,1993,"Crime and Justice, Volume 18",peer_reviewed,Parallel Search,https://www.journals.uchicago.edu/doi/10.1086/449224,,PARALLEL-W1-Q7,metadata_verified,high,plausible_core,Scholarly analysis of organised-crime influence and market control in a legitimate New York industry.,,,Reconcile identity/manifestations and assess eligibility under the current codebook; no scientific inclusion or publication decision is automatic.,daily_surveillance,,,,,abstract_full_text_review,pending,,,,,,,,2026-09-11,2026-09-11,github-issue:#226;batch:ACADEMIC-2026-09-09-EXTRA-6b5b5e038ac4
CAND-ACADEMIC-2026-09-09-EXTRA-6b5b5e038ac4-007,Corruption and Racketeering in the New York City Construction Industry,,,,NYU Press / New York State Organized Crime Task Force,other,Parallel Search,https://nyupress.org/9780814730348/corruption-and-racketeering-in-the-new-york-city-construction-industry,,PARALLEL-W1-Q9,metadata_partial,,plausible_core,"Major research report on corruption, racketeering and organised-crime influence in the legitimate New York construction industry.",,,Reconcile identity/manifestations and assess eligibility under the current codebook; no scientific inclusion or publication decision is automatic.,daily_surveillance,,,,,metadata_fix,pending,,,,,,,,2026-09-11,2026-09-11,github-issue:#226;batch:ACADEMIC-2026-09-09-EXTRA-6b5b5e038ac4
CAND-ACADEMIC-2026-09-09-EXTRA-6b5b5e038ac4-008,The Persistence of Organized Crime in New York City Construction: An Economic Perspective,10.1177/001979398904200406,Casey Ichniowski; Anne Preston,1989,,peer_reviewed,Parallel Search,https://scholarship.haverford.edu/cgi/viewcontent.cgi?article=1147&context=economics_facpubs; https://doi.org/10.1177/001979398904200406,,PARALLEL-W1-Q9,metadata_verified,high,plausible_core,Economic analysis of the persistence of organised crime in a legitimate construction market and the mechanisms sustaining control.,,,Reconcile identity/manifestations and assess eligibility under the current codebook; no scientific inclusion or publication decision is automatic.,daily_surveillance,,,,,abstract_full_text_review,pending,,,,,,,,2026-09-11,2026-09-13,github-issue:#226;batch:ACADEMIC-2026-09-09-EXTRA-6b5b5e038ac4
CAND-ACADEMIC-2026-09-09-EXTRA-6b5b5e038ac4-009,Study of Organized Crime Business-Type Activities and Their Implications For Law Enforcement,,,1990,Office of Justice Programs,other,Parallel Search,https://uat.ojp.gov/library/publications/study-organized-crime-business-type-activities-and-their-implications-law,,PARALLEL-W1-Q4,metadata_partial,,plausible_core,Research study explicitly addressing organised-crime business-type activity and criminal infiltration of legitimate business.,,,Reconcile identity/manifestations and assess eligibility under the current codebook; no scientific inclusion or publication decision is automatic.,daily_surveillance,,,,,metadata_fix,pending,,,,,,,,2026-09-11,2026-09-11,github-issue:#226;batch:ACADEMIC-2026-09-09-EXTRA-6b5b5e038ac4
CAND-ACADEMIC-2026-09-09-EXTRA-6b5b5e038ac4-010,"The Private Sector and Organized Crime: Criminal Entrepreneurship, Illicit Profits, and Private Sector Security Governance",,,2024,Routledge,other,Parallel Search,https://www.routledge.com/The-Private-Sector-and-Organized-Crime-Criminal-Entrepreneurship-Illicit-Profits-and-Private-Sector-Security-Governance/Zabyelina-Thachuk/p/book/9781032056654,,PARALLEL-W1-Q4; PARALLEL-W2-Q2,metadata_partial,,plausible_contextual,"Academic edited volume on organised-crime attacks, infiltration and capture of legitimate businesses and private-sector responses.",,,Reconcile identity/manifestations and assess eligibility under the current codebook; no scientific inclusion or publication decision is automatic.,daily_surveillance,,,,,metadata_fix,pending,,,,,,,,2026-09-11,2026-09-11,github-issue:#226;batch:ACADEMIC-2026-09-09-EXTRA-6b5b5e038ac4
CAND-ACADEMIC-2026-09-09-EXTRA-6b5b5e038ac4-011,Entrepreneurship and Organised Crime: A Systematic Review and Research Agenda Based on Three Decades of Scholarship,,Salvatore Cincimino; Fabio La Rosa; Sergio Paternostro,2024,Journal of Small Business and Enterprise Development,peer_reviewed,Parallel Search,https://www.iris.unict.it/handle/20.500.11769/599089,,PARALLEL-W2-Q2,metadata_verified,high,plausible_core,"Systematic review of scholarship on organised crime, firms, criminal entrepreneurship and conditions under which crime threatens or controls businesses.",,,Reconcile identity/manifestations and assess eligibility under the current codebook; no scientific inclusion or publication decision is automatic.,daily_surveillance,,,,,abstract_full_text_review,pending,,,,,,,,2026-09-11,2026-09-11,github-issue:#226;batch:ACADEMIC-2026-09-09-EXTRA-6b5b5e038ac4
CAND-ACADEMIC-2026-09-09-EXTRA-6b5b5e038ac4-012,Labor Tax Avoidance and Its Determinants: The Case of Mafia Firms in Italy,10.1007/s10551-014-2304-7,Diego Ravenda; Josep M. Argilés-Bosch; Maika M. Valencia-Silva,2015,Journal of Business Ethics 132(1):41–62,peer_reviewed,Parallel Search,https://ideas.repec.org/a/kap/jbuset/v132y2015i1p41-62.html,,PARALLEL-W2-Q3,metadata_verified,high,plausible_core,"Firm-level study of legally registered Mafia firms and management practices, directly informative on behaviour under criminal control.",,,Reconcile identity/manifestations and assess eligibility under the current codebook; no scientific inclusion or publication decision is automatic.,daily_surveillance,,,,,abstract_full_text_review,pending,,,,,,,,2026-09-11,2026-09-11,github-issue:#226;batch:ACADEMIC-2026-09-09-EXTRA-6b5b5e038ac4
CAND-ACADEMIC-2026-09-09-EXTRA-6b5b5e038ac4-013,Tough on criminal wealth? Exploring the link between organized crime’s asset confiscation and regional entrepreneurship,10.1007/s11187-018-0003-y,Elisa Operti,2018,Small Business Economics 51(2):321–335,peer_reviewed,Parallel Search,https://ideas.repec.org/a/kap/sbusec/v51y2018i2d10.1007_s11187-018-0003-y.html,,PARALLEL-W3-Q4,metadata_verified,high,plausible_contextual,Evaluates how confiscation of economic assets associated with organised-crime legitimate activities affects regional business entry.,,,Reconcile identity/manifestations and assess eligibility under the current codebook; no scientific inclusion or publication decision is automatic.,daily_surveillance,,,,,abstract_full_text_review,pending,,,,,,,,2026-09-11,2026-09-11,github-issue:#226;batch:ACADEMIC-2026-09-09-EXTRA-6b5b5e038ac4
CAND-ACADEMIC-2026-09-09-EXTRA-6b5b5e038ac4-014,Closed for mafia: Evidence from the removal of mafia firms on commercial property values,10.1111/jors.12612,Francesca M. Calamunci; Livio Ferrante; Rossana Scebba,2022,Journal of Regional Science 62(5):1487–1511,peer_reviewed,Parallel Search,https://onlinelibrary.wiley.com/doi/full/10.1111/jors.12612,,PARALLEL-W3-Q3,metadata_verified,high,plausible_core,"Empirical study of the local market effects of removing Mafia firms, directly tied to the presence and disruption of criminally controlled businesses.",,,Reconcile identity/manifestations and assess eligibility under the current codebook; no scientific inclusion or publication decision is automatic.,daily_surveillance,,,,,abstract_full_text_review,pending,,,,,,,,2026-09-11,2026-09-11,github-issue:#226;batch:ACADEMIC-2026-09-09-EXTRA-6b5b5e038ac4
CAND-ACADEMIC-2026-09-09-EXTRA-6b5b5e038ac4-015,The Spatial Impact of Judicial Administration on Firms’ Performance,10.1111/labr.70019,Vincenzo Sessa,2026,LABOUR,peer_reviewed,Parallel Search,https://onlinelibrary.wiley.com/doi/full/10.1111/labr.70019,,PARALLEL-W3-Q3; PARALLEL-W7-Q2,metadata_verified,high,plausible_core,Recent spatial evidence on judicial administration of organised-crime firms and spillovers through territorially embedded firm networks.,,,Reconcile identity/manifestations and assess eligibility under the current codebook; no scientific inclusion or publication decision is automatic.,daily_surveillance,,,,,abstract_full_text_review,pending,,,,,,,,2026-09-11,2026-09-11,github-issue:#226;batch:ACADEMIC-2026-09-09-EXTRA-6b5b5e038ac4
CAND-ACADEMIC-2026-09-09-EXTRA-6b5b5e038ac4-016,Institutional trust and the confiscation of real estate assets from organised crime,10.1017/s1744137426100459,Michele Mosca; Luca Pennacchio,2026,Journal of Institutional Economics 22:e8,peer_reviewed,Parallel Search,https://www.cambridge.org/core/journals/journal-of-institutional-economics/article/institutional-trust-and-the-confiscation-of-real-estate-assets-from-organised-crime/22CD16570A1AEF8DF68CA940E6C1BC76,,PARALLEL-W3-Q3,metadata_verified,high,plausible_contextual,Studies a downstream institutional effect of organised-crime asset confiscation and is relevant to the apparatus of contrast surrounding the legal economy.,,,Reconcile identity/manifestations and assess eligibility under the current codebook; no scientific inclusion or publication decision is automatic.,daily_surveillance,,,,,abstract_full_text_review,pending,,,,,,,,2026-09-11,2026-09-11,github-issue:#226;batch:ACADEMIC-2026-09-09-EXTRA-6b5b5e038ac4
CAND-ACADEMIC-2026-09-09-EXTRA-6b5b5e038ac4-017,Transition management strategies of confiscated mafia-type firms: the role of public administrations and nonprofit organizations,10.1108/jpbafm-03-2023-0041,,2023,"Journal of Public Budgeting, Accounting & Financial Management 35(6):121–139",peer_reviewed,Parallel Search,https://www.emerald.com/jpbafm/article/35/6/121/234108/Transition-management-strategies-of-confiscated,,PARALLEL-W3-Q4,metadata_partial,,plausible_contextual,"Examines management of a confiscated Mafia-type firm after removal of criminal control, including public and nonprofit governance.",,,Reconcile identity/manifestations and assess eligibility under the current codebook; no scientific inclusion or publication decision is automatic.,daily_surveillance,,,,,metadata_fix,pending,,,,,,,,2026-09-11,2026-09-11,github-issue:#226;batch:ACADEMIC-2026-09-09-EXTRA-6b5b5e038ac4
CAND-ACADEMIC-2026-09-09-EXTRA-6b5b5e038ac4-018,Localized effects of confiscated and re-allocated real estate mafia assets,10.1093/jeg/lbad035,Filippo Boeri; Marco Di Cataldo; Elisabetta Pietrostefani,2024,Journal of Economic Geography 24(2):219–240,peer_reviewed,Parallel Search,https://academic.oup.com/joeg/article/24/2/219/7499713,,PARALLEL-W3-Q4,metadata_verified,high,plausible_contextual,"Causal evidence on local effects of confiscated and re-allocated Mafia assets, relevant to consequences of removing criminal influence from the legal economy.",,,Reconcile identity/manifestations and assess eligibility under the current codebook; no scientific inclusion or publication decision is automatic.,daily_surveillance,,,,,abstract_full_text_review,pending,,,,,,,,2026-09-11,2026-09-11,github-issue:#226;batch:ACADEMIC-2026-09-09-EXTRA-6b5b5e038ac4
CAND-ACADEMIC-2026-09-09-EXTRA-6b5b5e038ac4-019,Detection Model of Legally Registered Mafia Firms in Italy,10.1111/emre.12039,Diego Ravenda; Josep M. Argilés-Bosch; Maika M. Valencia-Silva,2015,European Management Review 12(1):23–39,peer_reviewed,Parallel Search,https://onlinelibrary.wiley.com/doi/10.1111/emre.12039,,PARALLEL-W5-Q2,metadata_verified,high,plausible_core,Develops a firm-level detection model for legally registered Mafia firms using observable corporate characteristics.,,,Reconcile identity/manifestations and assess eligibility under the current codebook; no scientific inclusion or publication decision is automatic.,daily_surveillance,,,,,abstract_full_text_review,pending,,,,,,,,2026-09-11,2026-09-11,github-issue:#226;batch:ACADEMIC-2026-09-09-EXTRA-6b5b5e038ac4
CAND-ACADEMIC-2026-09-09-EXTRA-6b5b5e038ac4-020,Accrual management as an indication of money laundering through legally registered Mafia firms in Italy,10.1108/aaaj-12-2015-2329,Diego Ravenda; Maika M. Valencia-Silva; Josep Maria Argiles-Bosch; Josep Garcia-Blandon,2018,"Accounting, Auditing & Accountability Journal 31(1)",peer_reviewed,Parallel Search,https://www.emerald.com/insight/content/doi/10.1108/AAAJ-12-2015-2329/full/html,,PARALLEL-W5-Q2; PARALLEL-W5-Q4,metadata_verified,high,plausible_core,Studies accounting behaviour in legally registered Mafia firms and provides observable red flags linked to criminal control of companies.,,,Reconcile identity/manifestations and assess eligibility under the current codebook; no scientific inclusion or publication decision is automatic.,daily_surveillance,,,,,abstract_full_text_review,pending,,,,,,,,2026-09-11,2026-09-11,github-issue:#226;batch:ACADEMIC-2026-09-09-EXTRA-6b5b5e038ac4
CAND-ACADEMIC-2026-09-09-EXTRA-6b5b5e038ac4-021,Mapping Organized Crime as a Stakeholder: A Risk-Based and Responsive Governance Perspective,10.1111/rego.70194,,,Regulation & Governance,peer_reviewed,Parallel Search,https://onlinelibrary.wiley.com/doi/full/10.1111/rego.70194,,PARALLEL-W5-Q2; PARALLEL-W7-Q2,metadata_partial,,plausible_contextual,Risk-based governance framework treating organised crime as a stakeholder and discussing structured assessment of criminal influence on organisations and governance.,,,Reconcile identity/manifestations and assess eligibility under the current codebook; no scientific inclusion or publication decision is automatic.,daily_surveillance,,,,,metadata_fix,pending,,,,,,,,2026-09-11,2026-09-11,github-issue:#226;batch:ACADEMIC-2026-09-09-EXTRA-6b5b5e038ac4
CAND-ACADEMIC-2026-09-09-EXTRA-6b5b5e038ac4-022,"The sex market, bars and nightclubs: criminal infiltration in Slovenia",,Boštjan Slak; Maja Modic; Katja Eman; Branko Ažman,2016,Organised Crime in European Businesses,other,Parallel Search,https://www.routledge.com/Organised-Crime-in-European-Businesses/Savona-Riccardi-Berlusconi/p/book/9781138499478,,PARALLEL-W4-Q2; PARALLEL-W6-Q1,metadata_partial,,plausible_core,Country-level chapter explicitly examining criminal infiltration of legitimate businesses in Slovenia.,,,Reconcile identity/manifestations and assess eligibility under the current codebook; no scientific inclusion or publication decision is automatic.,daily_surveillance,,,,,metadata_fix,pending,,,,,,,,2026-09-11,2026-09-11,github-issue:#226;batch:ACADEMIC-2026-09-09-EXTRA-6b5b5e038ac4
CAND-ACADEMIC-2026-09-09-EXTRA-6b5b5e038ac4-023,From drug trafficking to wholesale trade business: organised crime infiltration in Spain,,Jesús Palomo; Jerónimo Márquez; Pilar Laguna,2016,Organised Crime in European Businesses,other,Parallel Search,https://www.routledge.com/Organised-Crime-in-European-Businesses/Savona-Riccardi-Berlusconi/p/book/9781138499478,,PARALLEL-W6-Q2,metadata_partial,,plausible_core,Country-level chapter explicitly examining organised-crime infiltration of legitimate wholesale business in Spain.,,,Reconcile identity/manifestations and assess eligibility under the current codebook; no scientific inclusion or publication decision is automatic.,daily_surveillance,,,,,metadata_fix,pending,,,,,,,,2026-09-11,2026-09-11,github-issue:#226;batch:ACADEMIC-2026-09-09-EXTRA-6b5b5e038ac4
CAND-ACADEMIC-2026-09-09-EXTRA-6b5b5e038ac4-024,Social welfare fraud and criminal infiltration in Sweden,,Johanna Skinnari; Lars Korsell; Helena Rönnblom,2016,Organised Crime in European Businesses,other,Parallel Search,https://www.routledge.com/Organised-Crime-in-European-Businesses/Savona-Riccardi-Berlusconi/p/book/9781138499478,,PARALLEL-W4-Q2; PARALLEL-W6-Q1,metadata_partial,,plausible_core,Country-level chapter on criminal infiltration and welfare-related legitimate structures in Sweden.,,,Reconcile identity/manifestations and assess eligibility under the current codebook; no scientific inclusion or publication decision is automatic.,daily_surveillance,,,,,metadata_fix,pending,,,,,,,,2026-09-11,2026-09-11,github-issue:#226;batch:ACADEMIC-2026-09-09-EXTRA-6b5b5e038ac4
CAND-ACADEMIC-2026-09-09-EXTRA-6b5b5e038ac4-025,Crash-for-cash and VAT carousels: organised crime infiltration in the United Kingdom,,David Wall; Yulia Chistyakova; Stefano Bonino,2016,Organised Crime in European Businesses,other,Parallel Search,https://www.routledge.com/Organised-Crime-in-European-Businesses/Savona-Riccardi-Berlusconi/p/book/9781138499478,,PARALLEL-W6-Q3,metadata_partial,,plausible_core,Country-level chapter explicitly analysing organised-crime infiltration of legitimate business activity in the United Kingdom.,,,Reconcile identity/manifestations and assess eligibility under the current codebook; no scientific inclusion or publication decision is automatic.,daily_surveillance,,,,,metadata_fix,pending,,,,,,,,2026-09-11,2026-09-11,github-issue:#226;batch:ACADEMIC-2026-09-09-EXTRA-6b5b5e038ac4
CAND-ACADEMIC-2026-09-09-EXTRA-6b5b5e038ac4-026,Grand banditisme traditionnel and foreign groups: organised crime infiltration in France,,Michele Riccardi; Diana Camerini,2016,Organised Crime in European Businesses,other,Parallel Search,https://www.routledge.com/Organised-Crime-in-European-Businesses/Savona-Riccardi-Berlusconi/p/book/9781138499478,,PARALLEL-W6-Q2,metadata_partial,,plausible_core,Country-level chapter explicitly examining organised-crime infiltration of legitimate businesses in France.,,,Reconcile identity/manifestations and assess eligibility under the current codebook; no scientific inclusion or publication decision is automatic.,daily_surveillance,,,,,metadata_fix,pending,,,,,,,,2026-09-11,2026-09-11,github-issue:#226;batch:ACADEMIC-2026-09-09-EXTRA-6b5b5e038ac4
CAND-ACADEMIC-2026-09-09-EXTRA-6b5b5e038ac4-027,From bikers to entrepreneurs: motorcycle gangs infiltration in Finland,,Sarianna Petrell; Jarmo Houtsonen,2016,Organised Crime in European Businesses,other,Parallel Search,https://www.routledge.com/Organised-Crime-in-European-Businesses/Savona-Riccardi-Berlusconi/p/book/9781138499478,,PARALLEL-W4-Q2; PARALLEL-W6-Q2,metadata_partial,,plausible_core,Country-level chapter on motorcycle-gang penetration of legitimate entrepreneurship and business activity in Finland.,,,Reconcile identity/manifestations and assess eligibility under the current codebook; no scientific inclusion or publication decision is automatic.,daily_surveillance,,,,,metadata_fix,pending,,,,,,,,2026-09-11,2026-09-11,github-issue:#226;batch:ACADEMIC-2026-09-09-EXTRA-6b5b5e038ac4
CAND-ACADEMIC-2026-09-09-EXTRA-6b5b5e038ac4-028,The impact of organised crime infiltration on the European legitimate economy,,John Walker,2016,Organised Crime in European Businesses,other,Parallel Search,https://www.routledge.com/Organised-Crime-in-European-Businesses/Savona-Riccardi-Berlusconi/p/book/9781138499478,,PARALLEL-W6-Q3; PARALLEL-W6-Q4,metadata_partial,,plausible_contextual,Cross-European chapter focused on the economic impact of organised-crime infiltration in the legitimate economy.,,,Reconcile identity/manifestations and assess eligibility under the current codebook; no scientific inclusion or publication decision is automatic.,daily_surveillance,,,,,metadata_fix,pending,,,,,,,,2026-09-11,2026-09-11,github-issue:#226;batch:ACADEMIC-2026-09-09-EXTRA-6b5b5e038ac4
CAND-ACADEMIC-2026-09-09-EXTRA-6b5b5e038ac4-029,From the analysis of criminal infiltration to the assessment of its risk,,Lorella Garofalo,2016,Organised Crime in European Businesses,other,Parallel Search,https://www.routledge.com/Organised-Crime-in-European-Businesses/Savona-Riccardi-Berlusconi/p/book/9781138499478,,PARALLEL-W6-Q3; PARALLEL-W6-Q4,metadata_partial,,plausible_contextual,"Chapter translating analysis of criminal infiltration into structured risk assessment, relevant to measurement and prevention.",,,Reconcile identity/manifestations and assess eligibility under the current codebook; no scientific inclusion or publication decision is automatic.,daily_surveillance,,,,,metadata_fix,pending,,,,,,,,2026-09-11,2026-09-11,github-issue:#226;batch:ACADEMIC-2026-09-09-EXTRA-6b5b5e038ac4
CAND-ACADEMIC-2026-09-09-EXTRA-6b5b5e038ac4-030,Mafia infiltrations in times of crisis: evidence from the Covid-19 shock,,Marco Castelluccio; Lucia Rizzica,2025,"Bank of Italy, Temi di discussione (Economic working papers) 1502",working_paper,Parallel Search,https://ideas.repec.org/p/bdi/wptemi/td_1502_25.html,Bank of Italy Working Paper 1502,PARALLEL-W7-Q5; PARALLEL-W7-Q6; PARALLEL-W7-Q7,metadata_verified,high,plausible_core,Uses the Covid-19 revenue shock to estimate how deteriorating firm conditions increase the probability of infiltration by Mafia-connected entrepreneurs.,An earlier IFS working-paper manifestation (2023) appears to be the same work; reconcile versions without creating a second canonical work.,,"Reconcile the 2025 Bank of Italy record with the earlier IFS manifestation, then assess eligibility as one evolving work.",daily_surveillance,,,,,abstract_full_text_review,pending,,,,,,,,2026-09-11,2026-09-11,github-issue:#226;batch:ACADEMIC-2026-09-09-EXTRA-6b5b5e038ac4
CAND-ACADEMIC-2026-09-09-EXTRA-85e203d4eb5a-001,Testing the reliability of OSINT network data for investigating organised crime infiltration of legal-market businesses,10.1080/17440572.2025.2567277,Niles Breuer,2025,Global Crime,peer_reviewed,Exa,https://doi.org/10.1080/17440572.2025.2567277,,EXA-W1-Q1; EXA-W5-Q1,metadata_verified,high,uncertain,Tests whether open-source corporate-network data can support investigation of organised-crime infiltration of legitimate businesses.,,,Review substantive eligibility and methodological contribution; no scientific label is assigned automatically.,daily_surveillance,,,,,abstract_full_text_review,pending,,,,,,,,2026-09-09,2026-09-09,github-issue:#218;batch:ACADEMIC-2026-09-09-EXTRA-85e203d4eb5a
CAND-ACADEMIC-2026-09-09-EXTRA-85e203d4eb5a-002,Beyond Mafia: Considerations on Criminal Infiltration in the Legal Economy,10.56687/9781529247145-010,Giovanni Nicolazzo,2025,White-Collar and Organizational Crime,other,Exa,https://doi.org/10.56687/9781529247145-010,,EXA-W1-Q1; EXA-W7-Q1,metadata_verified,high,uncertain,Conceptual contribution focused explicitly on criminal infiltration of legitimate businesses beyond mafia-only definitions.,,,Review substantive eligibility and role in the conceptual literature; no scientific label is assigned automatically.,daily_surveillance,,,,,abstract_full_text_review,pending,,,,,,,,2026-09-09,2026-09-09,github-issue:#218;batch:ACADEMIC-2026-09-09-EXTRA-85e203d4eb5a
CAND-ACADEMIC-2026-09-09-EXTRA-85e203d4eb5a-003,Introduction: Organized Crime Penetrations of Legitimate Businesses,10.1007/978-1-4615-4883-6_2,Robert J. Kelly,1999,The Upperworld and the Underworld: Case Studies of Racketeering and Business Infiltrations in the United States,other,Exa,https://doi.org/10.1007/978-1-4615-4883-6_2,,EXA-W1-Q1,metadata_verified,high,uncertain,Historical scholarly treatment of organised-crime penetration and infiltration of legitimate enterprises and commercial sectors.,,,Assess its role as historical or conceptual evidence; no scientific label is assigned automatically.,daily_surveillance,,,,,abstract_full_text_review,pending,,,,,,,,2026-09-09,2026-09-09,github-issue:#218;batch:ACADEMIC-2026-09-09-EXTRA-85e203d4eb5a
CAND-ACADEMIC-2026-09-09-EXTRA-85e203d4eb5a-004,Organized Crime and Legitimate Business,10.4135/9781506305110.n10,Klaus von Lampe,2016,"Organized Crime: Analyzing Illegal Activities, Criminal Structures, and Extra-legal Governance",other,Exa,https://doi.org/10.4135/9781506305110.n10,,EXA-W2-Q1,metadata_verified,high,uncertain,Scholarly synthesis of forms through which organised criminals gain influence over legal businesses and markets.,,,Assess core versus contextual relevance; no scientific label is assigned automatically.,daily_surveillance,,,,,abstract_full_text_review,pending,,,,,,,,2026-09-09,2026-09-09,github-issue:#218;batch:ACADEMIC-2026-09-09-EXTRA-85e203d4eb5a
CAND-ACADEMIC-2026-09-09-EXTRA-85e203d4eb5a-005,How Criminals Infiltrate Public Procurement: Organised Crime and Corruption in Legal Markets and Public Sectors,,Caterina Mazza,2016,Central European Journal of International and Security Studies,peer_reviewed,Exa,https://cejiss.org/images/issue_articles/2016-volume-10-issue-1/article-01.pdf,CEJISS 10(1):10-29,EXA-W3-Q1,metadata_verified,high,uncertain,Direct scholarly analysis of organised-crime strategies for infiltrating public procurement and legal markets.,,,Review eligibility and the relationship between infiltration and corruption mechanisms; no scientific label is assigned automatically.,daily_surveillance,,,,,abstract_full_text_review,pending,,,,,,,,2026-09-09,2026-09-09,github-issue:#218;batch:ACADEMIC-2026-09-09-EXTRA-85e203d4eb5a
CAND-ACADEMIC-2026-09-09-EXTRA-85e203d4eb5a-006,Organized Crime and Economic Growth: Evidence from Municipalities Infiltrated by the Mafia,10.1257/aer.20221687,Alessandra Fenizia; Raffaele Saggio,2024,American Economic Review,peer_reviewed,Exa,https://doi.org/10.1257/aer.20221687; https://www.nber.org/papers/w32002,NBER Working Paper 32002,EXA-W3-Q1,metadata_verified,high,uncertain,Evaluates long-run economic effects of an anti-mafia administrative intervention against municipalities infiltrated by organised crime.,,,Decide whether this countermeasure belongs in core or contextual apparatus-of-contrast scope; no scientific label is assigned automatically.,daily_surveillance,,,,,abstract_full_text_review,pending,,,,,,,,2026-09-09,2026-09-09,github-issue:#218;batch:ACADEMIC-2026-09-09-EXTRA-85e203d4eb5a
CAND-ACADEMIC-2026-09-09-EXTRA-85e203d4eb5a-007,Mafia expansion to new territories: the 'Ndrangheta in Germany,,Zora Lea Hauser,2022,University of Oxford,other,Exa,https://ora.ox.ac.uk/objects/uuid:1de693d7-e5f5-4876-b7e7-7e6c1e2094d6,ORA uuid:1de693d7-e5f5-4876-b7e7-7e6c1e2094d6,EXA-W4-Q1,metadata_verified,high,uncertain,DPhil research on 'Ndrangheta expansion in Germany and conditions under which mafia groups govern or control markets.,,,Assess whether its legal-business evidence belongs in the core or contextual corpus; no scientific label is assigned automatically.,daily_surveillance,,,,,abstract_full_text_review,pending,,,,,,,,2026-09-09,2026-09-09,github-issue:#218;batch:ACADEMIC-2026-09-09-EXTRA-85e203d4eb5a
CAND-ACADEMIC-2026-09-09-EXTRA-85e203d4eb5a-008,The territorial expansion of mafia-type organized crime. The case of the Italian mafia in Germany,10.1007/s10611-013-9473-7,Rocco Sciarrone; Luca Storti,2014,"Crime, Law and Social Change",peer_reviewed,Exa,https://doi.org/10.1007/s10611-013-9473-7,,EXA-W4-Q1,metadata_verified,high,uncertain,Case-study analysis of mafia territorial expansion in Germany and mechanisms linking expansion to legitimate economic activities.,,,Assess whether firm-level or legal-economy mechanisms are sufficiently central for inclusion; no scientific label is assigned automatically.,daily_surveillance,,,,,abstract_full_text_review,pending,,,,,,,,2026-09-09,2026-09-09,github-issue:#218;batch:ACADEMIC-2026-09-09-EXTRA-85e203d4eb5a
CAND-ACADEMIC-2026-09-09-EXTRA-85e203d4eb5a-009,Mafia infiltration in legitimate companies in Italy: From traditional sectors to emerging businesses,,Michele Riccardi; Cristina Soriani; Valentina Giampietri,2016,Organised Crime in European Businesses,other,Exa,https://publicatt.unicatt.it/handle/10807/223872,hdl:10807/223872; ISBN:9781315640617,EXA-W4-Q1,metadata_verified,high,uncertain,"Direct chapter-level analysis of mafia infiltration in Italian legitimate firms, including sectors and infiltration modes.",,"Publisher and repository records use chapter identifiers inconsistently; title, authors and handle keep this work separate pending reconciliation.",Review eligibility and reconcile the Routledge chapter identifier without merging works solely on the ambiguous DOI.,daily_surveillance,,,,,metadata_fix,pending,,,,,,,,2026-09-09,2026-09-09,github-issue:#218;batch:ACADEMIC-2026-09-09-EXTRA-85e203d4eb5a
CAND-ACADEMIC-2026-09-09-EXTRA-85e203d4eb5a-010,Detection of shell companies in financial institutions using dynamic social network,10.1016/j.eswa.2022.117981,José de Jesús Rocha-Salazar; María Jesús Segovia-Vargas; Juana María Camacho-Miñano,2022,Expert Systems with Applications,peer_reviewed,Exa,https://doi.org/10.1016/j.eswa.2022.117981,,EXA-W5-Q1,metadata_verified,high,uncertain,Network method for detecting shell companies linked to financial crime; potentially relevant to the broader AML or detection collection.,,,"Determine core, broader-AML or exclusion status after substantive reading; no scientific label is assigned automatically.",daily_surveillance,,,,,abstract_full_text_review,pending,,,,,,,,2026-09-09,2026-09-09,github-issue:#218;batch:ACADEMIC-2026-09-09-EXTRA-85e203d4eb5a
CAND-ACADEMIC-2026-09-09-EXTRA-85e203d4eb5a-011,Keeping Pace with Organised Crime: Seven Reflections on Research and Policy Priorities,10.1080/03071847.2026.2681442,Paolo Campana; Angela Me,2026,The RUSI Journal,peer_reviewed,Exa,https://doi.org/10.1080/03071847.2026.2681442,,EXA-W7-Q1,metadata_verified,high,uncertain,"Recent research and policy synthesis covering criminal governance, legitimate corporations and prevention or countering priorities.",,,Assess whether legitimate-business and countermeasure content is specific enough for core or contextual scope; no scientific label is assigned automatically.,daily_surveillance,,,,,abstract_full_text_review,pending,,,,,,,,2026-09-09,2026-09-09,github-issue:#218;batch:ACADEMIC-2026-09-09-EXTRA-85e203d4eb5a
CAND-ACADEMIC-2026-09-09-EXTRA-85e203d4eb5a-012,Monitoring Quality of Mafia-Connected Accountants,10.1111/1475-679x.70055,Pietro A. Bianchi; Jere R. Francis; Antonio Marra; Nicola Pecchiari,2026,Journal of Accounting Research,peer_reviewed,Exa,https://doi.org/10.1111/1475-679X.70055,,EXA-W7-Q1,metadata_verified,high,uncertain,Studies monitoring quality and spillovers associated with accountants connected to organised crime and professional gatekeepers in legitimate firms.,,,Assess whether the gatekeeper mechanism belongs in core infiltration or contextual governance evidence; no scientific label is assigned automatically.,daily_surveillance,,,,,abstract_full_text_review,pending,,,,,,,,2026-09-09,2026-09-09,github-issue:#218;batch:ACADEMIC-2026-09-09-EXTRA-85e203d4eb5a
CAND-ACADEMIC-2026-09-09-EXTRA-85e203d4eb5a-013,Organized crime and banks: assessing the effects of anti-mafia police actions on lending,,Bruno Buchetti; Ixart Miquel-Flores; Michele Fabrizi; Elisabetta Ipino; Antonio Parbonetti,2025,ECB Working Paper Series No. 3060,working_paper,Exa,https://www.ecb.europa.eu/pub/pdf/scpwps/ecb.wp3060~2ea4ebd7aa.en.pdf,ECB WP 3060; SSRN:5059258,EXA-W7-Q1,metadata_verified,high,uncertain,Uses Mafia-connected firms and anti-mafia police operations to estimate how dismantling criminal firms changes bank lending and local outcomes.,,,Assess whether enforcement spillovers around dismantled criminal firms meet core or contextual eligibility; no scientific label is assigned automatically.,daily_surveillance,,,,,abstract_full_text_review,pending,,,,,,,,2026-09-09,2026-09-09,github-issue:#218;batch:ACADEMIC-2026-09-09-EXTRA-85e203d4eb5a
CAND-ACADEMIC-2026-09-09-EXTRA-8e1caef4c376-001,Organised crime infiltration in the legitimate private economy - An empirical network analysis approach,10.48550/arxiv.1403.5071,Stefano Gurciullo,2014,arXiv,preprint,Exa,https://arxiv.org/abs/1403.5071,arXiv:1403.5071,EXA-W1-Q1,metadata_partial,,uncertain,Direct empirical network analysis of mafia infiltration in a legitimate local private economy.,,,Verify canonical identity and perform substantive screening.,daily_surveillance,,,,,metadata_fix,pending,,,,,,,,2026-09-09,2026-09-09,github-issue:#215;batch:ACADEMIC-2026-09-09-EXTRA-8e1caef4c376
CAND-ACADEMIC-2026-09-09-EXTRA-8e1caef4c376-002,Identification and Economic Analysis of Governance Mechanisms in Legally Registered Mafia Firms,,Valérie Duplat; Philippe Véry; Bertrand Monnet,2012,M@n@gement,peer_reviewed,Exa,https://management-aims.com/index.php/mgmt/article/view/3955,M@n@gement 15(3):273-282,EXA-W2-Q1,metadata_partial,,uncertain,Directly examines governance mechanisms in legally registered mafia firms.,,,Verify metadata and perform substantive screening.,daily_surveillance,,,,,metadata_fix,pending,,,,,,,,2026-09-09,2026-09-09,github-issue:#215;batch:ACADEMIC-2026-09-09-EXTRA-8e1caef4c376
CAND-ACADEMIC-2026-09-09-EXTRA-8e1caef4c376-003,What happens in criminal firms after godfather management removal? Judicial administration and firms’ performance,10.1007/s11187-020-00439-4,Francesca M. Calamunci,2021,Small Business Economics,peer_reviewed,Exa,https://doi.org/10.1007/s11187-020-00439-4,,EXA-W3-Q1,metadata_partial,,uncertain,Firm-level analysis of performance after judicial administration removes criminal governance ties.,,Online publication is 2021; issue-year reconciliation remains pending.,Reconcile year metadata and perform substantive screening.,daily_surveillance,,,,,metadata_fix,pending,,,,,,,,2026-09-09,2026-09-09,github-issue:#215;batch:ACADEMIC-2026-09-09-EXTRA-8e1caef4c376
CAND-ACADEMIC-2026-09-09-EXTRA-8e1caef4c376-004,Organised crime infiltration in the Netherlands: transportation companies hiding transit crimes,10.4324/9781315640617-12,Joras Ferwerda; Brigitte Unger,2016,Organised Crime in European Businesses,other,Exa,https://doi.org/10.4324/9781315640617-12,,EXA-W4-Q1,metadata_partial,,uncertain,Country chapter on organised-crime use of transportation companies in the Dutch legal economy.,,,Verify chapter access and perform substantive screening.,daily_surveillance,,,,,metadata_fix,pending,,,,,,,,2026-09-09,2026-09-09,github-issue:#215;batch:ACADEMIC-2026-09-09-EXTRA-8e1caef4c376
CAND-ACADEMIC-2026-09-09-EXTRA-8e1caef4c376-005,Measuring organised crime infiltration in legal businesses,,Michele Riccardi; Giulia Berlusconi,2017,Organised Crime in European Businesses,other,Exa,https://openresearch.surrey.ac.uk/esploro/outputs/bookChapter/Measuring-organised-crime-infiltration-in-legal/99511554502346,Book chapter pp. 16-32,EXA-W5-Q1,metadata_partial,,uncertain,Methodological chapter defining and measuring organised-crime infiltration in legal businesses.,,The repository notes a 2016 manuscript and a 2017 publication record.,Reconcile version metadata and perform substantive screening.,daily_surveillance,,,,,metadata_fix,pending,,,,,,,,2026-09-09,2026-09-09,github-issue:#215;batch:ACADEMIC-2026-09-09-EXTRA-8e1caef4c376
CAND-ACADEMIC-2026-09-09-EXTRA-8e1caef4c376-006,Exploring infiltration behaviour by organised crime groups,10.1108/jmlc-10-2021-0117,Mariska Fourie; Philip Steenkamp; Jacqui-Lyn McIntyre-Louw; Clinton Oellermann,2023,Journal of Money Laundering Control,peer_reviewed,Exa,https://ideas.repec.org/a/eme/jmlcpp/jmlc-10-2021-0117.html,,EXA-W6-Q1,metadata_partial,,uncertain,Examines infiltration as an organised-crime decision to access and participate in legal markets.,,,Verify metadata and determine core or contextual eligibility.,daily_surveillance,,,,,metadata_fix,pending,,,,,,,,2026-09-09,2026-09-09,github-issue:#215;batch:ACADEMIC-2026-09-09-EXTRA-8e1caef4c376
CAND-ACADEMIC-2026-09-09-EXTRA-8e1caef4c376-007,"Corporate Governance, Stakeholder Involvement, and Government Interventions as Corporate Prevention Strategies Against Organized Crime",10.1007/978-3-031-74523-2_19,Salvatore Cincimino; Fabio La Rosa; Sergio Paternostro,2025,,other,Exa,https://www.iris.unict.it/handle/20.500.11769/665869; https://doi.org/10.1007/978-3-031-74523-2_19,,EXA-W7-Q1,metadata_verified,high,uncertain,Recent chapter on corporate and government prevention strategies against organised crime.,,,Verify chapter metadata and determine core or prevention-contextual eligibility.,daily_surveillance,,,,,abstract_full_text_review,pending,,,,,,,,2026-09-09,2026-09-13,github-issue:#215;batch:ACADEMIC-2026-09-09-EXTRA-8e1caef4c376
CAND-ACADEMIC-2026-09-10-001,The Evolution of Organized Crime and Labor Racketeering Corruption,,,2004,"U.S. Department of Labor, Office of Inspector General",other,Parallel Search,https://www.oig.dol.gov/public/reports/laborracpaper.pdf,,PARALLEL-W1-Q1,metadata_partial,,plausible_contextual,"Institutional research on the evolution of organised-crime labour racketeering, including infiltration, exploitation or control of unions, benefit plans and employer-related structures.",,,"Verify authorship and complete bibliographic metadata, then assess scientific eligibility and contextual role under the current codebook.",daily_surveillance,,,,,metadata_fix,pending,,,,,,,,2026-09-10,2026-09-10,github-issue:#232;batch:ACADEMIC-2026-09-10
CAND-ACADEMIC-2026-09-10-002,"""On the Waterfront"": RICO and Labor Racketeering",,G. Robert Blakey; Ronald Goldstock,1980,American Criminal Law Review,other,Parallel Search,https://scholarship.law.nd.edu/cgi/viewcontent.cgi?article=1012&context=law_faculty_scholarship,17 Am. Crim. L. Rev. 341,PARALLEL-W1-Q2,metadata_verified,high,plausible_contextual,Scholarly legal analysis of RICO and labour racketeering directed at organised-crime influence in unions and legitimate economic activity on the waterfront.,,,Assess substantive eligibility and its role in the historical apparatus of contrast; no scientific decision is automatic.,daily_surveillance,,,,,abstract_full_text_review,pending,,,,,,,,2026-09-10,2026-09-10,github-issue:#232;batch:ACADEMIC-2026-09-10
CAND-ACADEMIC-2026-09-10-003,Organized Crime Research Brief no. 27 - Commercial Construction and OC,,,,Public Safety Canada,other,Parallel Search,https://www.publicsafety.gc.ca/cnt/rsrcs/pblctns/rgnzd-crm-brf-27/index-en.aspx,PS3-4/27E-PDF,PARALLEL-W1-Q3,metadata_partial,,plausible_contextual,"Research brief on organised-crime vulnerability in commercial construction, including counter-evidence on whether identified sector vulnerabilities translate into demonstrated criminal exploitation.",,,"Verify publication-year and authorship metadata, reconcile the brief with its underlying research report, and assess contextual eligibility.",daily_surveillance,,,,,metadata_fix,pending,,,,,,,,2026-09-10,2026-09-10,github-issue:#232;batch:ACADEMIC-2026-09-10
CAND-ACADEMIC-2026-09-10-004,Organised food crime: an analysis of the involvements of organised crime groups in the food sector in England and Italy,10.1007/s10611-021-09975-w,Alice Rizzuti,2022,"Crime, Law and Social Change",peer_reviewed,Parallel Search,https://pmc.ncbi.nlm.nih.gov/articles/PMC8285286,,PARALLEL-W1-Q4; PARALLEL-W1-Q5,metadata_verified,high,plausible_contextual,"Comparative scholarly analysis of organised-crime involvement in legitimate food sectors in England and Italy, including explicit counter-evidence concerning narrower claims of sector infiltration.",,,Assess whether the documented relationships satisfy core or contextual CILE eligibility and preserve the distinction between organised food crime and infiltration.,daily_surveillance,,,,,abstract_full_text_review,pending,,,,,,,,2026-09-10,2026-09-10,github-issue:#232;batch:ACADEMIC-2026-09-10
CAND-ACADEMIC-2026-09-10-005,Organized Crime in the Waste Management Industry,10.4324/9781003198635-9,Serena Favarin; Kimberley L. Thachuk,2022,"The Private Sector and Organized Crime: Criminal Entrepreneurship, Illicit Profits, and Private Sector Security Governance",other,Parallel Search,https://publires.unicatt.it/it/publications/organized-crime-in-the-waste-management-industry,,PARALLEL-W1-Q5,metadata_verified,high,plausible_core,Scholarly chapter directly examining how organised crime penetrates and manipulates the legitimate waste-management industry and the responses of governments and sector businesses.,,,Assess substantive eligibility and whether the industry evidence should be coded as a core infiltration contribution.,daily_surveillance,,,,,abstract_full_text_review,pending,,,,,,,,2026-09-10,2026-09-10,github-issue:#232;batch:ACADEMIC-2026-09-10
CAND-ACADEMIC-2026-09-10-006,Controllo giudiziario e sospensione degli effetti dell’informazione interdittiva antimafia. Possibili profili di incostituzionalità,,,,,other,Parallel Search,https://www.iris.unicz.it/handle/20.500.12317/104840,,PARALLEL-W3-Q1,metadata_partial,,plausible_contextual,"Scholarly legal contribution on judicial control and suspension of anti-mafia interdiction effects, directly relevant to the preventive apparatus applied to firms exposed to infiltration risk.",,,"Resolve authorship, year and venue metadata and assess its apparatus-of-contrast eligibility; no legal or scientific conclusion is automatic.",daily_surveillance,,,,,metadata_fix,pending,,,,,,,,2026-09-10,2026-09-10,github-issue:#232;batch:ACADEMIC-2026-09-10
CAND-ACADEMIC-2026-09-10-007,"Crime, Crime Control and the Yakuza in Contemporary Japan",,K. Maguire,1997,The Criminologist,other,Parallel Search,https://www.ojp.gov/ncjrs/virtual-library/abstracts/crime-crime-control-and-yakuza-contemporary-japan,NCJ 169383,PARALLEL-W4-Q1,metadata_verified,high,plausible_core,"Research article on the Yakuza that explicitly describes front companies, legitimate business operations and criminal influence in the corporate world in Japan.",,,Assess substantive eligibility and the evidentiary weight of its legal-business observations under the current codebook.,daily_surveillance,,,,,abstract_full_text_review,pending,,,,,,,,2026-09-10,2026-09-10,github-issue:#232;batch:ACADEMIC-2026-09-10
CAND-ACADEMIC-2026-09-10-008,Enforcement against Organized Crime Fosters Illegal Markets: Evidence from the Yakuza,10.31219/osf.io/r4cmb,Tetsuya Hoshino; Takuma Kamada,2020,SocArXiv,preprint,Parallel Search,https://www.nhh.no/globalassets/departments/business-and-management-science/seminars/2020/270820.pdf,SSRN 3675207,PARALLEL-W4-Q1,metadata_verified,high,plausible_contextual,"Empirical work on anti-Yakuza enforcement that studies substitution between legal and illegal income sources, informing the countermeasure and legal-economy dynamics surrounding organised-crime participation.",,,Assess whether the legal-income mechanism is sufficiently direct for contextual CILE eligibility and reconcile available preprint manifestations.,daily_surveillance,,,,,abstract_full_text_review,pending,,,,,,,,2026-09-10,2026-09-10,github-issue:#232;batch:ACADEMIC-2026-09-10
CAND-ACADEMIC-2026-09-10-EXTRA-65282d1dbeff-001,"Who Pays? Casino Gambling, Hidden Interests, and Organized Crime",,C A Zendzian,1993,,other,Parallel Search,https://www.ojp.gov/ncjrs/virtual-library/abstracts/who-pays-casino-gambling-hidden-interests-and-organized-crime,NCJ 163687,PARALLEL-W1-Q2,metadata_verified,high,plausible_core,"Substantive research on hidden organised-crime interests and participation in the legalised US casino-gambling industry, directly relevant to criminal influence in legitimate business.",,,Verify remaining bibliographic context and perform human eligibility screening before any controlled classification.,daily_surveillance,,,,,abstract_full_text_review,pending,,,,,,,,2026-09-10,2026-09-10,github-issue:#234;batch:ACADEMIC-2026-09-10-EXTRA-65282d1dbeff
CAND-ACADEMIC-2026-09-10-EXTRA-65282d1dbeff-002,"Other People’s Dirty Money: Professional Intermediaries, Market Dynamics and the Finances of White-collar, Corporate and Organized Crimes",10.1093/bjc/azz004,,2019,The British Journal of Criminology,peer_reviewed,Parallel Search,https://academic.oup.com/bjc/article/59/5/1217/5348024,,PARALLEL-W2-Q1; PARALLEL-W2-Q3,metadata_partial,,plausible_contextual,Empirical analysis of legitimate corporate vehicles and professional intermediaries used in organised and other serious profit-driven crimes; relevant to facilitation at the legal-economy boundary.,,,Verify authorship metadata and assess whether the organised-crime component satisfies core or contextual eligibility.,daily_surveillance,,,,,metadata_fix,pending,,,,,,,,2026-09-10,2026-09-10,github-issue:#234;batch:ACADEMIC-2026-09-10-EXTRA-65282d1dbeff
CAND-ACADEMIC-2026-09-10-EXTRA-65282d1dbeff-003,La prevenzione collaborativa. Potenzialità applicative del nuovo strumento di bonifica aziendale ex art. 94-bis Codice Antimafia,,Fabio De Tullio,2023,"ANAC Working Paper, 10",working_paper,Parallel Search,https://www.anticorruzione.it/documents/91439/126610/LA+PREVENZIONE+COLLABORATIVA_art_+94bis+Codice+Antimafia.pdf/464cb231-9c8f-8600-7f5c-1b8f7178a2f9?t=1694780817920,ANAC Working Paper 10,PARALLEL-W3-Q1,metadata_verified,high,plausible_contextual,"Legal research on collaborative prevention and business-remediation tools under the Anti-Mafia Code, including judicial administration and control of firms exposed to criminal influence.",,,Assess apparatus-of-contrast eligibility and the substantive contribution of the business-remediation analysis.,daily_surveillance,,,,,abstract_full_text_review,pending,,,,,,,,2026-09-10,2026-09-10,github-issue:#234;batch:ACADEMIC-2026-09-10-EXTRA-65282d1dbeff
CAND-ACADEMIC-2026-09-10-EXTRA-65282d1dbeff-004,L'impresa mafiosa: i risultati economici della criminalità organizzata e il ruolo delle politiche pubbliche,,Alberto Suppa,2008,MPRA Paper,working_paper,Parallel Search,https://ideas.repec.org/p/pra/mprapa/9138.html,MPRA 9138,PARALLEL-W7-Q2,metadata_verified,high,uncertain,Economic treatment of organised crime as a mafia business and of related public policies; potentially relevant to the legal-economy strand but the direct infiltration contribution requires human review.,,,Read the work and determine whether it contributes direct firm/legal-economy evidence or only broader economic context.,daily_surveillance,,,,,abstract_full_text_review,pending,,,,,,,,2026-09-10,2026-09-10,github-issue:#234;batch:ACADEMIC-2026-09-10-EXTRA-65282d1dbeff
CAND-ACADEMIC-2026-09-10-EXTRA-8af43493861b-001,BUSINESS OF ORGANIZED CRIME,,A G Anderson,1979,,other,Parallel Search,https://www.ojp.gov/ncjrs/virtual-library/abstracts/business-organized-crime,NCJ 55879,PARALLEL-W1-Q1; PARALLEL-W6-Q3,metadata_verified,high,uncertain,Case-study research detailing an organised-crime family's legitimate business interests and the role of criminal capabilities in legal enterprise.,,,"Verify remaining metadata and identity, then perform human eligibility screening before any controlled classification.",daily_surveillance,,,,,abstract_full_text_review,pending,,,,,,,,2026-09-10,2026-09-10,github-issue:#229;batch:ACADEMIC-2026-09-10-EXTRA-8af43493861b
CAND-ACADEMIC-2026-09-10-EXTRA-8af43493861b-002,The Dark Side of Private Ordering: An Institutional and Empirical Analysis of Organized Crime,10.2307/1600326,,,,unknown,Parallel Search,https://chicagounbound.uchicago.edu/cgi/viewcontent.cgi?article=5018&context=uclrev; https://doi.org/10.2307/1600326,,PARALLEL-W1-Q1,metadata_verified,high,uncertain,Scholarly analysis of organised crime as private ordering that may illuminate criminal governance and influence in market transactions and legitimate economic activity.,,,"Verify remaining metadata and identity, then perform human eligibility screening before any controlled classification.",daily_surveillance,,,,,abstract_full_text_review,pending,,,,,,,,2026-09-10,2026-09-13,github-issue:#229;batch:ACADEMIC-2026-09-10-EXTRA-8af43493861b
CAND-ACADEMIC-2026-09-10-EXTRA-8af43493861b-003,21st-Century Yakuza: Recent Trends in Organized Crime in Japan ~Part 1,10.1017/s1557466012032226,Andrew Rankin,2012,The Asia-Pacific Journal,peer_reviewed,Parallel Search,https://www.cambridge.org/core/journals/asia-pacific-journal/article/21stcentury-yakuza-recent-trends-in-organized-crime-in-japan-part-1/88901E6A7E09AF14DCEFB15BC0F5D2ED,,PARALLEL-W1-Q1; PARALLEL-W1-Q5,metadata_verified,high,uncertain,"Examines contemporary Yakuza organisation and activities, including front companies and interactions with legitimate businesses and economic sectors.",,,"Verify remaining metadata and identity, then perform human eligibility screening before any controlled classification.",daily_surveillance,,,,,abstract_full_text_review,pending,,,,,,,,2026-09-10,2026-09-10,github-issue:#229;batch:ACADEMIC-2026-09-10-EXTRA-8af43493861b
CAND-ACADEMIC-2026-09-10-EXTRA-8af43493861b-004,"Gangs and the Gig Economy: Triads, Precarity and Illicit Work in Hong Kong",,,,The British Journal of Criminology,peer_reviewed,Parallel Search,https://academic.oup.com/bjc/article/64/1/139/7186667,,PARALLEL-W1-Q2; PARALLEL-W4-Q3,metadata_partial,,uncertain,Studies Hong Kong triads in changing labour and business environments and may inform how criminal groups become embedded in or interact with legitimate economic structures.,,,"Verify remaining metadata and identity, then perform human eligibility screening before any controlled classification.",daily_surveillance,,,,,metadata_fix,pending,,,,,,,,2026-09-10,2026-09-10,github-issue:#229;batch:ACADEMIC-2026-09-10-EXTRA-8af43493861b
CAND-ACADEMIC-2026-09-10-EXTRA-8af43493861b-005,The Triads as Business,10.4324/9780203030004,Yiu-kong Chu,,Routledge,other,Parallel Search,https://www.routledge.com/The-Triads-as-Business/Chu/p/book/9780415757249,,PARALLEL-W1-Q2; PARALLEL-W1-Q3; PARALLEL-W4-Q3,metadata_partial,,uncertain,"Academic monograph on triads as business organisations, including protection and other activities in legal markets.",,Search records disagree on a 1999 versus 2000 publication year; year left null.,"Verify remaining metadata and identity, then perform human eligibility screening before any controlled classification.",daily_surveillance,,,,,metadata_fix,pending,,,,,,,,2026-09-10,2026-09-10,github-issue:#229;batch:ACADEMIC-2026-09-10-EXTRA-8af43493861b
CAND-ACADEMIC-2026-09-10-EXTRA-8af43493861b-006,Russian Organized Crime in the United States,,James O. Finckenauer,,,other,Parallel Search,https://www.ojp.gov/ncjrs/virtual-library/abstracts/russian-organized-crime-united-states,NCJ 218560,PARALLEL-W1-Q2,metadata_partial,,uncertain,Research publication on Russian organised crime in the United States that explicitly notes movement into legitimate businesses as groups become established.,,,"Verify remaining metadata and identity, then perform human eligibility screening before any controlled classification.",daily_surveillance,,,,,metadata_fix,pending,,,,,,,,2026-09-10,2026-09-10,github-issue:#229;batch:ACADEMIC-2026-09-10-EXTRA-8af43493861b
CAND-ACADEMIC-2026-09-10-EXTRA-8af43493861b-007,Threat of Russian Organized Crime,,James O. Finckenauer; Yuri A. Voronin,2001,,other,Parallel Search,https://ojp.gov/library/publications/threat-russian-organized-crime,NCJ 187085,PARALLEL-W1-Q2,metadata_verified,high,uncertain,Research report on Russian organised crime that discusses penetration of legitimate economic sectors and influence through legitimate businesses.,,,"Verify remaining metadata and identity, then perform human eligibility screening before any controlled classification.",daily_surveillance,,,,,abstract_full_text_review,pending,,,,,,,,2026-09-10,2026-09-10,github-issue:#229;batch:ACADEMIC-2026-09-10-EXTRA-8af43493861b
CAND-ACADEMIC-2026-09-10-EXTRA-8af43493861b-008,The Russian Mafia: Private Protection in a New Market Economy,10.1093/019829736x.001.0001,Federico Varese,2001,Oxford University Press,other,Parallel Search,https://academic.oup.com/book/34757,,PARALLEL-W1-Q3; PARALLEL-W4-Q3,metadata_verified,high,uncertain,"Academic monograph on mafia-style private protection during market transition, including governance of entrepreneurs and legal market exchanges.",,,"Verify remaining metadata and identity, then perform human eligibility screening before any controlled classification.",daily_surveillance,,,,,abstract_full_text_review,pending,,,,,,,,2026-09-10,2026-09-10,github-issue:#229;batch:ACADEMIC-2026-09-10-EXTRA-8af43493861b
CAND-ACADEMIC-2026-09-10-EXTRA-8af43493861b-009,the Russian Mafia: Rise and Extinction,,Vadim Volkov,2014,The Oxford Handbook of Organized Crime,other,Parallel Search,https://academic.oup.com/edited-volume/38662/chapter/335787074,,PARALLEL-W1-Q3,metadata_partial,,uncertain,Scholarly chapter on the Russian mafia's rise and transformation that may contribute evidence on criminal governance and legal-market relationships.,,,"Verify remaining metadata and identity, then perform human eligibility screening before any controlled classification.",daily_surveillance,,,,,metadata_fix,pending,,,,,,,,2026-09-10,2026-09-10,github-issue:#229;batch:ACADEMIC-2026-09-10-EXTRA-8af43493861b
CAND-ACADEMIC-2026-09-10-EXTRA-8af43493861b-010,Factions and Brokers in the Russian Mafia: Investigating the Structure of the Thieves-in-Law,10.1093/bjc/azaf041,Niles Breuer; Federico Varese; Elena Racheva,2025,,unknown,Parallel Search,https://ora.ox.ac.uk/objects/uuid:abca2b8f-2c5e-4dd7-b66b-bd0da1b4849d/files/rsx61dp050; https://doi.org/10.1093/bjc/azaf041,,PARALLEL-W1-Q3,metadata_verified,high,uncertain,Recent scholarly work on Russian mafia brokers; retrieved text links thieves-in-law to private protection and governance services for firms in legal as well as illegal markets.,,,"Verify remaining metadata and identity, then perform human eligibility screening before any controlled classification.",daily_surveillance,,,,,abstract_full_text_review,pending,,,,,,,,2026-09-10,2026-09-13,github-issue:#229;batch:ACADEMIC-2026-09-10-EXTRA-8af43493861b
CAND-ACADEMIC-2026-09-10-EXTRA-8af43493861b-011,"Let Sleeping Lawyers Lie: Organized Crime, Lawyers and the Regulation of Legal Services",10.1093/bjc/azv001,David Middleton; Michael Levi,2015,The British Journal of Criminology,peer_reviewed,Parallel Search,https://academic.oup.com/bjc/article/55/4/647/545503,,PARALLEL-W2-Q1,metadata_verified,high,uncertain,"Peer-reviewed study of lawyers as organised-crime enablers and the use of professional expertise and legal business structures, potentially relevant to professional facilitation of infiltration.",,,"Verify remaining metadata and identity, then perform human eligibility screening before any controlled classification.",daily_surveillance,,,,,abstract_full_text_review,pending,,,,,,,,2026-09-10,2026-09-10,github-issue:#229;batch:ACADEMIC-2026-09-10-EXTRA-8af43493861b
CAND-ACADEMIC-2026-09-10-EXTRA-8af43493861b-012,The role of solicitors in facilitating ‘Organized Crime’: Situational crime opportunities and their regulation,10.1007/s10611-005-5655-2,D.J. Middleton; M. Levi,2005,"Crime, Law and Social Change",peer_reviewed,Parallel Search,https://link.springer.com/article/10.1007/s10611-005-5655-2,,PARALLEL-W2-Q1,metadata_verified,high,uncertain,"Peer-reviewed study of solicitors' facilitation opportunities for organised crime, potentially relevant to professional mediation at the boundary of criminal and legitimate activity.",,,"Verify remaining metadata and identity, then perform human eligibility screening before any controlled classification.",daily_surveillance,,,,,abstract_full_text_review,pending,,,,,,,,2026-09-10,2026-09-10,github-issue:#229;batch:ACADEMIC-2026-09-10-EXTRA-8af43493861b
CAND-ACADEMIC-2026-09-10-EXTRA-8af43493861b-013,The 'Ndrangheta in Canada: Outpost or Transnational Power Centre?,,Stephen Schneider,,,other,Parallel Search,https://ecpr.eu/Events/Event/PaperDetails/66185,,PARALLEL-W4-Q2,metadata_verified,high,uncertain,"Academic conference paper on the structured presence of the 'Ndrangheta in Canada, potentially relevant to territorial expansion and legal-economy embeddedness.",,,"Verify remaining metadata and identity, then perform human eligibility screening before any controlled classification.",daily_surveillance,,,,,abstract_full_text_review,pending,,,,,,,,2026-09-10,2026-09-10,github-issue:#229;batch:ACADEMIC-2026-09-10-EXTRA-8af43493861b
CAND-ACADEMIC-2026-09-10-EXTRA-8af43493861b-014,"Hong Kong triads: the historical and political evolution of urban criminal polity, 1842–2020",10.1017/s0963926821001024,,2023,Urban History,peer_reviewed,Parallel Search,https://www.cambridge.org/core/services/aop-cambridge-core/content/view/A2813B5622896D4998EA1EA39AED9185/S0963926821001024a.pdf/hong_kong_triads_the_historical_and_political_evolution_of_urban_criminal_polity_18422020.pdf,,PARALLEL-W4-Q3,metadata_partial,,uncertain,"Historical scholarly study of Hong Kong triads that documents transitions between criminal organisation, protection and legitimate business activity.",,,"Verify remaining metadata and identity, then perform human eligibility screening before any controlled classification.",daily_surveillance,,,,,metadata_fix,pending,,,,,,,,2026-09-10,2026-09-10,github-issue:#229;batch:ACADEMIC-2026-09-10-EXTRA-8af43493861b
CAND-ACADEMIC-2026-09-10-EXTRA-8af43493861b-015,The Japanese Yakuza,,,,The Oxford Handbook of Organized Crime,other,Parallel Search,https://academic.oup.com/edited-volume/38662/chapter/335787867,,PARALLEL-W1-Q5,metadata_partial,,uncertain,"Scholarly handbook chapter providing an empirical overview of Yakuza business activities and organisational relationships, potentially relevant to legal-market participation.",,,"Verify remaining metadata and identity, then perform human eligibility screening before any controlled classification.",daily_surveillance,,,,,metadata_fix,pending,,,,,,,,2026-09-10,2026-09-10,github-issue:#229;batch:ACADEMIC-2026-09-10-EXTRA-8af43493861b
CAND-ACADEMIC-2026-09-10-EXTRA-d22d325cf9b3-001,ANATOMY OF A SCAM - A CASE STUDY OF A PLANNED BANKRUPTCY BY ORGANIZED CRIME,,E J Defranco,1973,Office of Justice Programs / NCJRS,other,Parallel Search,https://www.ojp.gov/ncjrs/virtual-library/abstracts/anatomy-scam-case-study-planned-bankruptcy-organized-crime,NCJ 11213,PARALLEL-W1-Q2; PARALLEL-W1-Q3; PARALLEL-W2-Q1; PARALLEL-W3-Q1,metadata_verified,high,plausible_core,"Research case study using court testimony to examine organised-crime takeover, infiltration and planned bankruptcy of a legitimate packing company.",,,Verify work identity and substantive eligibility under the current codebook; no scientific decision is automatic.,daily_surveillance,,,,,abstract_full_text_review,pending,,,,,,,,2026-09-10,2026-09-10,github-issue:#231;batch:ACADEMIC-2026-09-10-EXTRA-d22d325cf9b3
CAND-ACADEMIC-2026-09-10-EXTRA-d22d325cf9b3-002,USE OF STATE REGULATORY ACTION AGAINST CRIMINAL INFILTRATION OF LEGITIMATE BUSINESS,,S H Keutzer; J A Sanderson; C E Mear,1975,Office of Justice Programs / NCJRS,other,Parallel Search,https://ojp.gov/ncjrs/virtual-library/abstracts/use-state-regulatory-action-against-criminal-infiltration,NCJ 48852,PARALLEL-W3-Q1; PARALLEL-W3-Q3,metadata_verified,high,plausible_contextual,"Research and policy analysis of state regulatory powers against criminal infiltration of a business enterprise, illustrated through an Oregon licensing case.",,,Verify work identity and assess its apparatus-of-contrast eligibility; no scientific decision is automatic.,daily_surveillance,,,,,abstract_full_text_review,pending,,,,,,,,2026-09-10,2026-09-10,github-issue:#231;batch:ACADEMIC-2026-09-10-EXTRA-d22d325cf9b3
CAND-ACADEMIC-2026-09-10-EXTRA-d22d325cf9b3-003,FROM ILLEGAL MARKETS TO LEGITIMATE BUSINESSES: THE PORTFOLIO OF ORGANISED CRIME IN EUROPE,,,2015,Final Report of Project OCP – Organised Crime Portfolio,other,Parallel Search,https://www.transcrime.it/wp-content/uploads/2015/12/ocp.pdf,HOME/2011/ISEC/AG/FINEC/4000002220; ISBN 978-88-8443-595-8,PARALLEL-W4-Q1,metadata_verified,high,plausible_core,Cross-European research report directly mapping organised-crime investments and portfolios in legitimate businesses and economic sectors.,,,Reconcile report-level authorship/editorship and assess scientific eligibility without collapsing distinct underlying contributions.,daily_surveillance,,,,,abstract_full_text_review,pending,,,,,,,,2026-09-10,2026-09-10,github-issue:#231;batch:ACADEMIC-2026-09-10-EXTRA-d22d325cf9b3
CAND-ACADEMIC-2026-09-10-EXTRA-d22d325cf9b3-004,All in the construction family: cartel building and organised crime,,P.C. van Duyne,2007,"Terrorism, organised crime and corruption: networks and linkages",other,Parallel Search,https://research.tilburguniversity.edu/en/publications/all-in-the-construction-family-cartel-building-and-organised-crim,,PARALLEL-W4-Q2; PARALLEL-W4-Q4,metadata_verified,high,plausible_contextual,"Peer-reviewed scholarly chapter on cartel building and organised crime in the legitimate construction sector, potentially relevant to criminal-business collusion and embeddedness.",,,Assess the legal-economy relationship under the current codebook and verify whether a chapter-specific identifier exists.,daily_surveillance,,,,,abstract_full_text_review,pending,,,,,,,,2026-09-10,2026-09-10,github-issue:#231;batch:ACADEMIC-2026-09-10-EXTRA-d22d325cf9b3
CAND-ACADEMIC-2026-09-10-EXTRA-d22d325cf9b3-005,Trust Thy Crooked Neighbor: Multiplexity in Chicago Organized Crime Networks,,C. M. Smith; A. V. Papachristos,2016,American Sociological Review,peer_reviewed,Parallel Search,https://nij.ojp.gov/library/publications/trust-thy-crooked-neighbor-multiplexity-chicago-organized-crime-networks,NCJ 250817,PARALLEL-W5-Q2,metadata_verified,high,uncertain,"Empirical network study linking organised-crime actors with businessmen, union members, politicians and other legitimate-society ties; potentially relevant to mechanisms of economic embeddedness.",,,Assess whether the business relationships are sufficiently direct for core or contextual CILE eligibility.,daily_surveillance,,,,,abstract_full_text_review,pending,,,,,,,,2026-09-10,2026-09-10,github-issue:#231;batch:ACADEMIC-2026-09-10-EXTRA-d22d325cf9b3
CAND-ACADEMIC-2026-09-10-EXTRA-dbc5cb0d9888-001,"Rico's ""Troubled... Transition"": Organized Crime, Strategic Institutional Factors, and Implementation Delay, 1971-1981",10.1177/073401680002500104,James D. Calder,2000,,peer_reviewed,Parallel Search,https://journals.sagepub.com/doi/10.1177/073401680002500104,,PARALLEL-W1-Q1,metadata_verified,high,plausible_contextual,Examines the institutional transition to RICO and organised-crime control strategies directed at legitimate-enterprise infiltration; relevant to the historical apparatus of contrast.,,,Verify remaining metadata/identity and assess eligibility under the current codebook; no scientific decision is automatic.,daily_surveillance,,,,,abstract_full_text_review,pending,,,,,,,,2026-09-10,2026-09-10,github-issue:#228;batch:ACADEMIC-2026-09-10-EXTRA-dbc5cb0d9888
CAND-ACADEMIC-2026-09-10-EXTRA-dbc5cb0d9888-002,Labor Racketeering: The Mafia and the Unions,,James B. Jacobs; Ellen Peters,2003,Crime and Justice: A Review of Research,peer_reviewed,Parallel Search,https://www.ojp.gov/ncjrs/virtual-library/abstracts/labor-racketeering-mafia-and-unions-crime-and-justice-review,NCJ 202748,PARALLEL-W1-Q3; PARALLEL-W1-Q7,metadata_verified,high,plausible_core,"Substantive scholarly treatment of Mafia involvement in labour unions and employer relations, directly relevant to durable criminal influence in legitimate labour and business settings.",,,Verify remaining metadata/identity and assess eligibility under the current codebook; no scientific decision is automatic.,daily_surveillance,,,,,abstract_full_text_review,pending,,,,,,,,2026-09-10,2026-09-10,github-issue:#228;batch:ACADEMIC-2026-09-10-EXTRA-dbc5cb0d9888
CAND-ACADEMIC-2026-09-10-EXTRA-dbc5cb0d9888-003,The Rise and Fall of Organized Crime in the United States,10.1086/706895,James B. Jacobs,2020,Crime and Justice,peer_reviewed,Parallel Search,https://www.journals.uchicago.edu/doi/10.1086/706895,,PARALLEL-W1-Q3; PARALLEL-W1-Q5,metadata_verified,high,plausible_contextual,Historical synthesis of US organised crime that explicitly covers alliances with business elites and economic power; potentially important contextual evidence for the legal-economy strand.,,,Verify remaining metadata/identity and assess eligibility under the current codebook; no scientific decision is automatic.,daily_surveillance,,,,,abstract_full_text_review,pending,,,,,,,,2026-09-10,2026-09-10,github-issue:#228;batch:ACADEMIC-2026-09-10-EXTRA-dbc5cb0d9888
CAND-ACADEMIC-2026-09-10-EXTRA-dbc5cb0d9888-004,"Edge: Organized Crime, Business, and Labor Unions",,,,Office of Justice Programs,other,Parallel Search,https://www.ojp.gov/ncjrs/virtual-library/abstracts/edge-organized-crime-business-and-labor-unions,,PARALLEL-W1-Q3,metadata_partial,,plausible_core,"Substantial research output focused on removing organised crime from business and labour markets, potentially providing direct evidence on criminal penetration of legitimate economic institutions.",,,Verify remaining metadata/identity and assess eligibility under the current codebook; no scientific decision is automatic.,daily_surveillance,,,,,metadata_fix,pending,,,,,,,,2026-09-10,2026-09-10,github-issue:#228;batch:ACADEMIC-2026-09-10-EXTRA-dbc5cb0d9888
CAND-ACADEMIC-2026-09-10-EXTRA-dbc5cb0d9888-005,The Upperworld and the Underworld: Case Studies of Racketeering and Business Infiltrations in the United States,,Robert J. Kelly,1999,,other,Parallel Search,https://www.amazon.com/-/he/Robert-J-Kelly-ebook/dp/B000PY3MRO,,PARALLEL-W1-Q3; PARALLEL-W1-Q7,metadata_partial,,plausible_core,Academic monograph centred on racketeering and organised-crime infiltration of legitimate US businesses and commercial sectors; distinct from the already-known introductory chapter.,,,Verify remaining metadata/identity and assess eligibility under the current codebook; no scientific decision is automatic.,daily_surveillance,,,,,metadata_fix,pending,,,,,,,,2026-09-10,2026-09-10,github-issue:#228;batch:ACADEMIC-2026-09-10-EXTRA-dbc5cb0d9888
CAND-ACADEMIC-2026-09-10-EXTRA-dbc5cb0d9888-006,A Review of Corruption and Organized Crime in the Construction Industry,,,2020,,other,Parallel Search,https://www.diva-portal.org/smash/get/diva2:1486107/FULLTEXT01.pdf,,PARALLEL-W1-Q4,metadata_partial,,plausible_contextual,"Research review focused on corruption and organised crime in the legitimate construction industry, potentially useful as sector-specific contextual evidence.",,,Verify remaining metadata/identity and assess eligibility under the current codebook; no scientific decision is automatic.,daily_surveillance,,,,,metadata_fix,pending,,,,,,,,2026-09-10,2026-09-10,github-issue:#228;batch:ACADEMIC-2026-09-10-EXTRA-dbc5cb0d9888
CAND-ACADEMIC-2026-09-10-EXTRA-dbc5cb0d9888-007,La Cosa Nostra in the United States,,James O. Finckenauer,,National Institute of Justice,other,Parallel Search,https://www.ojp.gov/pdffiles1/nij/218555.pdf,NIJ 218555,PARALLEL-W1-Q5,metadata_partial,,plausible_contextual,"NIJ research synthesis describing La Cosa Nostra control of labour unions, employer cartels and legitimate industries; potentially relevant contextual evidence on durable market influence.",,,Verify remaining metadata/identity and assess eligibility under the current codebook; no scientific decision is automatic.,daily_surveillance,,,,,metadata_fix,pending,,,,,,,,2026-09-10,2026-09-10,github-issue:#228;batch:ACADEMIC-2026-09-10-EXTRA-dbc5cb0d9888
CAND-ACADEMIC-2026-09-10-EXTRA-dbc5cb0d9888-008,Cosa Nostra: The Final Chapter?,10.1086/449288,James B. Jacobs; Lauryn P. Gouldin,1999,Crime and Justice,peer_reviewed,Parallel Search,https://www.journals.uchicago.edu/doi/pdfplus/10.1086/449288,,PARALLEL-W1-Q5; PARALLEL-W3-Q7,metadata_verified,high,plausible_contextual,Scholarly assessment of Cosa Nostra's evolution that addresses its economic and labour-racketeering footprint in legitimate sectors.,,,Verify remaining metadata/identity and assess eligibility under the current codebook; no scientific decision is automatic.,daily_surveillance,,,,,abstract_full_text_review,pending,,,,,,,,2026-09-10,2026-09-10,github-issue:#228;batch:ACADEMIC-2026-09-10-EXTRA-dbc5cb0d9888
CAND-ACADEMIC-2026-09-10-EXTRA-dbc5cb0d9888-009,"Le mafie nell'economia legale. Scambi, collusioni, azioni di contrasto",,Rocco Sciarrone; Luca Storti,2019,,other,Parallel Search,https://iris.unito.it/handle/2318/1721594,,PARALLEL-W2-Q2,metadata_partial,,plausible_core,"Academic monograph explicitly analysing exchanges, collusion and the grey area linking mafiosi and entrepreneurs in the legal economy.",,,Verify remaining metadata/identity and assess eligibility under the current codebook; no scientific decision is automatic.,daily_surveillance,,,,,metadata_fix,pending,,,,,,,,2026-09-10,2026-09-10,github-issue:#228;batch:ACADEMIC-2026-09-10-EXTRA-dbc5cb0d9888
CAND-ACADEMIC-2026-09-10-EXTRA-dbc5cb0d9888-010,"Area grigia, scambi illeciti e spazi di potere",,,2020,,other,Parallel Search,https://iris.uniroma1.it/retrieve/e383532c-82fc-15e8-e053-a505fe0a3de9/Gallo_network-romano_2020.pdf,,PARALLEL-W2-Q2,metadata_partial,,plausible_contextual,"Scholarly work on grey-area exchanges and power relations around Mafia Capitale, potentially relevant to relational mechanisms linking criminal and legitimate actors.",,,Verify remaining metadata/identity and assess eligibility under the current codebook; no scientific decision is automatic.,daily_surveillance,,,,,metadata_fix,pending,,,,,,,,2026-09-10,2026-09-10,github-issue:#228;batch:ACADEMIC-2026-09-10-EXTRA-dbc5cb0d9888
CAND-ACADEMIC-2026-09-10-EXTRA-dbc5cb0d9888-011,"Doing Business Below the Line: Screening, Mafias and Public Funds",,Gianmarco Daniele; Gemma Dipoppa,2018,BAFFI CAREFIN Working Papers 1898,working_paper,Parallel Search,https://ideas.repec.org/p/baf/cbafwp/cbafwp1898.html,RePEc:baf:cbafwp:cbafwp1898,PARALLEL-W2-Q3; PARALLEL-W5-Q5; PARALLEL-W5-Q6,metadata_verified,high,plausible_core,"Uses a discontinuity in Italian anti-mafia screening of subsidy applications to study avoidance around a public-funds threshold, directly relevant to detection and administrative prevention.",,,Verify remaining metadata/identity and assess eligibility under the current codebook; no scientific decision is automatic.,daily_surveillance,,,,,abstract_full_text_review,pending,,,,,,,,2026-09-10,2026-09-10,github-issue:#228;batch:ACADEMIC-2026-09-10-EXTRA-dbc5cb0d9888
CAND-ACADEMIC-2026-09-10-EXTRA-dbc5cb0d9888-012,"Complicità trasversali fra mafia ed economia. Servizi, garanzie, regolazione",10.1425/85087,Rocco Sciarrone; Luca Storti,2016,Stato e mercato,peer_reviewed,Parallel Search,https://www.rivisteweb.it/doi/10.1425/85087,,PARALLEL-W2-Q4; PARALLEL-W2-Q5,metadata_verified,high,plausible_core,"Analytical and research-based study of reciprocal services, guarantees and regulation connecting mafia actors with legitimate economic actors.",,,Verify remaining metadata/identity and assess eligibility under the current codebook; no scientific decision is automatic.,daily_surveillance,,,,,abstract_full_text_review,pending,,,,,,,,2026-09-10,2026-09-10,github-issue:#228;batch:ACADEMIC-2026-09-10-EXTRA-dbc5cb0d9888
CAND-ACADEMIC-2026-09-10-EXTRA-dbc5cb0d9888-013,Shaping mafia power through extortion: the evolution of the pizzo in Sicily,10.1007/s10611-025-10212-x,Attilio Scaglione; Valentina Punzo,2025,"Crime, Law and Social Change",peer_reviewed,Parallel Search,https://www.iris.unina.it/retrieve/8a9cc913-6d5a-4331-be1c-77148a514b18/s10611-025-10212-x.pdf,,PARALLEL-W2-Q4,metadata_verified,high,plausible_contextual,Examines the evolution of mafia protection/extortion relations in Sicily; potentially contextual where these relations structure sustained influence over legal-market actors.,,,Verify remaining metadata/identity and assess eligibility under the current codebook; no scientific decision is automatic.,daily_surveillance,,,,,abstract_full_text_review,pending,,,,,,,,2026-09-10,2026-09-10,github-issue:#228;batch:ACADEMIC-2026-09-10-EXTRA-dbc5cb0d9888
CAND-ACADEMIC-2026-09-10-EXTRA-dbc5cb0d9888-014,"The good connections: A Network Analysis of organized crime, patronage, and local elites",,Pasquale Accardo; Giuseppe De Feo; Giacomo De Luca,2024,University of Bath Department of Economics Working Papers 101/24,working_paper,Parallel Search,https://ideas.repec.org/p/eid/wpaper/58184.html,RePEc:eid:wpaper:58184,PARALLEL-W2-Q5,metadata_verified,high,plausible_contextual,"Network analysis of organised crime, patronage and local elites; potentially contextual to relational mechanisms sustaining criminal influence over legitimate institutions and economic actors.",,,Verify remaining metadata/identity and assess eligibility under the current codebook; no scientific decision is automatic.,daily_surveillance,,,,,abstract_full_text_review,pending,,,,,,,,2026-09-10,2026-09-10,github-issue:#228;batch:ACADEMIC-2026-09-10-EXTRA-dbc5cb0d9888
CAND-ACADEMIC-2026-09-10-EXTRA-dbc5cb0d9888-015,"The Secret Nexus. A Case Study of Deviant Masons, Mafia and Corruption in Italy",10.1093/bjc/azac096,,2023,The British Journal of Criminology,peer_reviewed,Parallel Search,https://academic.oup.com/bjc/article/63/5/1165/6965895,,PARALLEL-W2-Q5,metadata_partial,,plausible_contextual,"Case study of a covert relational nexus involving mafia, corruption and legitimate elite networks; potentially contextual to professional and institutional facilitation.",,,Verify remaining metadata/identity and assess eligibility under the current codebook; no scientific decision is automatic.,daily_surveillance,,,,,metadata_fix,pending,,,,,,,,2026-09-10,2026-09-10,github-issue:#228;batch:ACADEMIC-2026-09-10-EXTRA-dbc5cb0d9888
CAND-ACADEMIC-2026-09-10-EXTRA-dbc5cb0d9888-016,Mafia Firms and Aftermaths,,Maria Rosaria Alfano; Claudia Cantabene; Damiano Bruno Silipo,2019,FEEM Working Paper 2019.21,working_paper,Parallel Search,https://ideas.repec.org/p/fem/femwpa/2019.21.html,FEEM Working Paper 2019.21,PARALLEL-W3-Q4; PARALLEL-W3-Q5,metadata_verified,high,plausible_core,"Direct firm-level study of Mafia firms and their aftermath, relevant to the economic effects of criminal control and its removal.",,,Verify remaining metadata/identity and assess eligibility under the current codebook; no scientific decision is automatic.,daily_surveillance,,,,,abstract_full_text_review,pending,,,,,,,,2026-09-10,2026-09-10,github-issue:#228;batch:ACADEMIC-2026-09-10-EXTRA-dbc5cb0d9888
CAND-ACADEMIC-2026-09-10-EXTRA-dbc5cb0d9888-017,"Mafia Borderland: Narratives, Traits, and Expectations of Italian-American Mafias in Ontario and the Niagara Region",10.1080/08865655.2022.2151036,Anna Sergi,2024,Journal of Borderlands Studies,peer_reviewed,Parallel Search,https://www.tandfonline.com/doi/full/10.1080/08865655.2022.2151036,,PARALLEL-W4-Q1,metadata_verified,high,plausible_contextual,Empirical study of Italian-American mafia presence in Ontario/Niagara that addresses expectations and forms of economic embeddedness in a non-traditional territory.,,Published online 29 November 2022; the journal volume/issue displayed by the publisher is Volume 39 (2024).,Verify remaining metadata/identity and assess eligibility under the current codebook; no scientific decision is automatic.,daily_surveillance,,,,,metadata_fix,pending,,,,,,,,2026-09-10,2026-09-10,github-issue:#228;batch:ACADEMIC-2026-09-10-EXTRA-dbc5cb0d9888
CAND-ACADEMIC-2026-09-10-EXTRA-dbc5cb0d9888-018,Organized crime and the visible hand: A theoretical critique on the economic analysis of organized crime,10.1177/1748895812465296,Edward R. Kleemans,2013,European Journal of Criminology,peer_reviewed,Parallel Search,https://journals.sagepub.com/doi/abs/10.1177/1748895812465296,,PARALLEL-W4-Q1,metadata_verified,high,plausible_contextual,Conceptual critique of economic accounts of organised crime that directly interrogates criminal influence in legal markets and is useful for defining the infiltration boundary.,,,Verify remaining metadata/identity and assess eligibility under the current codebook; no scientific decision is automatic.,daily_surveillance,,,,,abstract_full_text_review,pending,,,,,,,,2026-09-10,2026-09-10,github-issue:#228;batch:ACADEMIC-2026-09-10-EXTRA-dbc5cb0d9888
CAND-ACADEMIC-2026-09-10-EXTRA-dbc5cb0d9888-019,Organised Crime in Germany: A Passe-Partout Definition Encompassing Different Phenomena,10.1007/978-1-4020-2765-9_12,Jörg Kinzig; A. Luczak,2004,"Organised Crime in Europe: Concepts, Patterns and Control Policies in the European Union and Beyond",other,Parallel Search,https://publikationen.uni-tuebingen.de/xmlui/bitstream/handle/10900/142172/Kinzig_065.pdf?isAllowed=y&sequence=1,,PARALLEL-W4-Q2; PARALLEL-W6-Q3,metadata_verified,high,plausible_contextual,German country chapter that explicitly analyses alleged organised-crime infiltration of the legitimate economy and tests the breadth of official organised-crime claims.,,,Verify remaining metadata/identity and assess eligibility under the current codebook; no scientific decision is automatic.,daily_surveillance,,,,,abstract_full_text_review,pending,,,,,,,,2026-09-10,2026-09-10,github-issue:#228;batch:ACADEMIC-2026-09-10-EXTRA-dbc5cb0d9888
CAND-ACADEMIC-2026-09-10-EXTRA-dbc5cb0d9888-020,Organized Crime in the Netherlands,,Cyrille Fijnaut; Frank Bovenkerk; Gerben Bruinsma; Henk Van De Bunt,1998,,other,Parallel Search,https://www.ojp.gov/ncjrs/virtual-library/abstracts/organized-crime-netherlands,NCJ 179151,PARALLEL-W4-Q2; PARALLEL-W6-Q3; PARALLEL-W6-Q5,metadata_verified,high,plausible_core,"National academic study expressly examining whether organised crime penetrated legitimate sectors of the Dutch economy, including liberal professions and banking.",,,Verify remaining metadata/identity and assess eligibility under the current codebook; no scientific decision is automatic.,daily_surveillance,,,,,abstract_full_text_review,pending,,,,,,,,2026-09-10,2026-09-10,github-issue:#228;batch:ACADEMIC-2026-09-10-EXTRA-dbc5cb0d9888
CAND-ACADEMIC-2026-09-10-EXTRA-dbc5cb0d9888-021,The Mafia and Organized Crime in Germany,10.1515/transcript.9783839424957.285,Jürgen Roth,,Transnational Organized Crime: Analyses of a Global Challenge to Democracy,other,Parallel Search,https://www.degruyterbrill.com/document/doi/10.1515/transcript.9783839424957.285/html,,PARALLEL-W4-Q2,metadata_partial,,plausible_contextual,"Academic book chapter on mafia and organised crime in Germany, potentially relevant to criminal embeddedness in the legitimate economy and non-traditional territories.",,,Verify remaining metadata/identity and assess eligibility under the current codebook; no scientific decision is automatic.,daily_surveillance,,,,,metadata_fix,pending,,,,,,,,2026-09-10,2026-09-10,github-issue:#228;batch:ACADEMIC-2026-09-10-EXTRA-dbc5cb0d9888
CAND-ACADEMIC-2026-09-10-EXTRA-dbc5cb0d9888-022,"Organized Crime, Transit Crime, and Racketeering",10.1086/501509,Edward R. Kleemans,2007,Crime and Justice,peer_reviewed,Parallel Search,https://www.journals.uchicago.edu/doi/abs/10.1086/501509,,PARALLEL-W4-Q2,metadata_verified,high,plausible_contextual,Scholarly analysis distinguishing transit crime from racketeering and questioning claims of broad penetration of legitimate Dutch sectors; useful counter-evidence for the infiltration construct.,,,Verify remaining metadata/identity and assess eligibility under the current codebook; no scientific decision is automatic.,daily_surveillance,,,,,abstract_full_text_review,pending,,,,,,,,2026-09-10,2026-09-10,github-issue:#228;batch:ACADEMIC-2026-09-10-EXTRA-dbc5cb0d9888
CAND-ACADEMIC-2026-09-10-EXTRA-dbc5cb0d9888-023,‘Familiness’ diversification and recognition: intergenerational changes in mobile ‘ndrangheta families in Australia,10.1007/s12117-024-09537-1,,2024,Trends in Organized Crime,peer_reviewed,Parallel Search,https://link.springer.com/article/10.1007/s12117-024-09537-1,,PARALLEL-W4-Q3,metadata_partial,,plausible_contextual,"Empirical study of mobile ’Ndrangheta families in Australia, potentially relevant to intergenerational diversification and legitimate-business embeddedness in a non-traditional territory.",,,Verify remaining metadata/identity and assess eligibility under the current codebook; no scientific decision is automatic.,daily_surveillance,,,,,metadata_fix,pending,,,,,,,,2026-09-10,2026-09-10,github-issue:#228;batch:ACADEMIC-2026-09-10-EXTRA-dbc5cb0d9888
CAND-ACADEMIC-2026-09-10-EXTRA-dbc5cb0d9888-024,Eavesdropping on the Mob: the functional diversification of Mafia activities across territories,10.1177/1477370811403442,Paolo Campana,2011,European Journal of Criminology,peer_reviewed,Parallel Search,https://www.researchgate.net/publication/254091356_Eavesdropping_on_the_Mob_The_Functional_Diversification_of_Mafia_Activities_across_Territories,,PARALLEL-W4-Q4,metadata_verified,high,plausible_contextual,"Network-based empirical study of mafia activity across territories, relevant to how criminal functions and economic participation vary after territorial expansion.",,,Verify remaining metadata/identity and assess eligibility under the current codebook; no scientific decision is automatic.,daily_surveillance,,,,,abstract_full_text_review,pending,,,,,,,,2026-09-10,2026-09-10,github-issue:#228;batch:ACADEMIC-2026-09-10-EXTRA-dbc5cb0d9888
CAND-ACADEMIC-2026-09-10-EXTRA-dbc5cb0d9888-025,Italian Mafia in the Netherlands,10.3280/siss2013-003003en,Edward R. Kleemans; M. de Boer,2013,Sicurezza e scienze sociali,peer_reviewed,Parallel Search,https://research.vu.nl/ws/portalfiles/portal/928415/ItalianMafiaintheNetherlands2013%20Finaldraft%2012072013.pdf,,PARALLEL-W4-Q5,metadata_verified,high,plausible_core,"Country-specific scholarly study of Italian mafia presence in the Netherlands, directly relevant to territorial expansion and legal-economy embeddedness.",,,Verify remaining metadata/identity and assess eligibility under the current codebook; no scientific decision is automatic.,daily_surveillance,,,,,abstract_full_text_review,pending,,,,,,,,2026-09-10,2026-09-10,github-issue:#228;batch:ACADEMIC-2026-09-10-EXTRA-dbc5cb0d9888
CAND-ACADEMIC-2026-09-10-EXTRA-dbc5cb0d9888-026,Mafia’s infiltration and spillover effects in the construction sector,,Massimiliano Ferraresi; Leonzio Rizzo; Riccardo Secomandi,2019,,working_paper,Parallel Search,https://lagv2019.sciencesconf.org/248734/document,,PARALLEL-W4-Q5,metadata_partial,,plausible_contextual,Empirical working paper on mafia infiltration and spillovers in the legitimate construction sector.,,,Verify remaining metadata/identity and assess eligibility under the current codebook; no scientific decision is automatic.,daily_surveillance,,,,,metadata_fix,pending,,,,,,,,2026-09-10,2026-09-10,github-issue:#228;batch:ACADEMIC-2026-09-10-EXTRA-dbc5cb0d9888
CAND-ACADEMIC-2026-09-10-EXTRA-dbc5cb0d9888-027,Proxy targeting and multiplex resilience for organized crime network disruption in corporate interlock and communications networks,10.1007/s13278-025-01506-y,,2025,Social Network Analysis and Mining,peer_reviewed,Parallel Search,https://link.springer.com/article/10.1007/s13278-025-01506-y,,PARALLEL-W5-Q3; PARALLEL-W5-Q4,metadata_partial,,plausible_core,"Uses corporate-interlock and communications networks linked to organised crime to assess proxy targeting, directly relevant to firm-network detection and disruption.",,,Verify remaining metadata/identity and assess eligibility under the current codebook; no scientific decision is automatic.,daily_surveillance,,,,,metadata_fix,pending,,,,,,,,2026-09-10,2026-09-10,github-issue:#228;batch:ACADEMIC-2026-09-10-EXTRA-dbc5cb0d9888
CAND-ACADEMIC-2026-09-10-EXTRA-dbc5cb0d9888-028,Organized Crime Infiltration of Legitimate Businesses in Europe: A Pilot Project in Five European Countries — Methodological Annex,,,2015,Project ARIEL,other,Parallel Search,https://www.transcrime.it/wp-content/uploads/2015/11/Project-ARIEL_Methodological-Annex.pdf,Project ARIEL Methodological Annex,PARALLEL-W6-Q1,metadata_partial,,plausible_contextual,Distinct methodological annex documenting variables and research design for the cross-national database on organised-crime infiltration of legitimate businesses.,,,Verify remaining metadata/identity and assess eligibility under the current codebook; no scientific decision is automatic.,daily_surveillance,,,,,metadata_fix,pending,,,,,,,,2026-09-10,2026-09-10,github-issue:#228;batch:ACADEMIC-2026-09-10-EXTRA-dbc5cb0d9888
CAND-ACADEMIC-2026-09-10-EXTRA-dbc5cb0d9888-029,Understudied Organized Crime Offending: A Discussion of the Canadian Situation in the International Context,,,2011,Public Safety Canada,other,Parallel Search,https://publications.gc.ca/collections/collection_2012/sp-ps/PS14-6-2011-eng.pdf,,PARALLEL-W6-Q2,metadata_partial,,plausible_contextual,Institutional research report reviewing under-studied organised-crime offending and documented investment/infiltration in legitimate Canadian economic sectors.,,,Verify remaining metadata/identity and assess eligibility under the current codebook; no scientific decision is automatic.,daily_surveillance,,,,,metadata_fix,pending,,,,,,,,2026-09-10,2026-09-10,github-issue:#228;batch:ACADEMIC-2026-09-10-EXTRA-dbc5cb0d9888
CAND-ACADEMIC-2026-09-10-EXTRA-dbc5cb0d9888-030,Penetrating State and Business: Organised Crime in Southern Africa,,,,Institute for Security Studies,other,Parallel Search,https://www.files.ethz.ch/isn/118343/86%20FULL.pdf,,PARALLEL-W6-Q2,metadata_partial,,plausible_contextual,Research monograph on organised criminal groups in Southern Africa with attention to penetration of state and business structures; potentially useful non-European contextual evidence.,,,Verify remaining metadata/identity and assess eligibility under the current codebook; no scientific decision is automatic.,daily_surveillance,,,,,metadata_fix,pending,,,,,,,,2026-09-10,2026-09-10,github-issue:#228;batch:ACADEMIC-2026-09-10-EXTRA-dbc5cb0d9888
CAND-ACADEMIC-2026-09-10-EXTRA-dbc5cb0d9888-031,Organized Crime Research Brief no. 26 – Securities and Organized Crime,,,,Public Safety Canada,other,Parallel Search,https://www.publicsafety.gc.ca/cnt/rsrcs/pblctns/rgnzd-crm-brf-26/index-en.aspx,Organized Crime Research Brief No. 26,PARALLEL-W6-Q2,metadata_partial,,plausible_contextual,"Research brief assessing evidence of organised crime in the legitimate securities sector, including explicit counter-evidence and sector vulnerabilities.",,,Verify remaining metadata/identity and assess eligibility under the current codebook; no scientific decision is automatic.,daily_surveillance,,,,,metadata_fix,pending,,,,,,,,2026-09-10,2026-09-10,github-issue:#228;batch:ACADEMIC-2026-09-10-EXTRA-dbc5cb0d9888
CAND-ACADEMIC-2026-09-10-EXTRA-dbc5cb0d9888-032,Established democracies. The case of Germany,,Zora L. Hauser,2025,Mafia Expansion: The ’Ndrangheta in Established Democracies,other,Parallel Search,https://lgcl.csl.mpg.de/?category=organized-crime,pp. 70-103,PARALLEL-W7-Q4,metadata_partial,,uncertain,Recent book chapter on the German case of ’Ndrangheta expansion; potentially relevant to legitimate-business embeddedness but its identity relationship with the author's earlier DPhil remains unresolved.,Likely a book/chapter manifestation developed from or closely related to Hauser's 2022 DPhil research on the ’Ndrangheta in Germany; do not merge without identity review.,,"Reconcile with Hauser's earlier DPhil record, then assess identity and eligibility; no scientific decision is automatic.",daily_surveillance,,,,,metadata_fix,pending,,,,,,,,2026-09-10,2026-09-10,github-issue:#228;batch:ACADEMIC-2026-09-10-EXTRA-dbc5cb0d9888
CAND-ACADEMIC-2026-09-10-EXTRA-f276bc827f57-001,Organized Crime as a Business Enterprise,,Mark H. Moore,1987,Major Issues in Organized Crime Control,other,Parallel Search,https://markmoore.scholars.harvard.edu/publications/organized-crime-business-enterprise,,PARALLEL-W1-Q1; PARALLEL-W2-Q6,metadata_verified,high,uncertain,Scholarly chapter framing organized crime as a business enterprise; potentially relevant to the review’s conceptual boundary between criminal enterprise and influence over legitimate economic activity.,,,Verify substantive treatment of legitimate firms or legal markets and apply the human eligibility screen; do not infer core relevance from the title alone.,daily_surveillance,,,,,abstract_full_text_review,pending,,,,,,,,2026-09-10,2026-09-10,github-issue:#233;batch:ACADEMIC-2026-09-10-EXTRA-f276bc827f57
CAND-ACADEMIC-2026-09-10-EXTRA-f276bc827f57-002,From Man of Honour to Entrepreneur: The Evolution of the Mafia,10.64590/ilh,Pino Arlacchi,1979,New Left Review,other,Parallel Search,https://newleftreview.org/issues/i118/articles/pino-arlacchi-from-man-of-honour-to-entrepreneur-the-evolution-of-the-mafia.pdf,,PARALLEL-W2-Q2,metadata_verified,high,plausible_core,"Foundational analysis of the mafia’s evolution towards entrepreneurial activity, plausibly bearing directly on participation in and control of legitimate economic activity.",A later or related Arlacchi work titled Mafia Business was also retrieved; its identity relationship with this 1979 article is unresolved and must not be silently merged.,,Reconcile the relationship with later Arlacchi manifestations and perform human eligibility screening before any canonical classification.,daily_surveillance,,,,,abstract_full_text_review,pending,,,,,,,,2026-09-10,2026-09-10,github-issue:#233;batch:ACADEMIC-2026-09-10-EXTRA-f276bc827f57
CAND-ACADEMIC-2026-09-10-EXTRA-f276bc827f57-003,When corruption creates its Mafia. The “middle-world” case in Rome,10.1007/s12117-023-09521-1,Alberto Vannucci,2024,Trends in Organized Crime,peer_reviewed,Parallel Search,https://arpi.unipi.it/retrieve/ff5ef731-e732-4e41-98b1-2bb1bcee8999/Vannucci-2024-Trends_in_Organized_Crime.pdf,,PARALLEL-W2-Q3,metadata_verified,high,plausible_contextual,"Empirical analysis of a ‘middle-world’ nexus linking criminal, political and economic actors, potentially informative on grey-zone mechanisms connecting organized crime with legitimate economic activity.",,,Determine whether the legal-economy relationship is sufficiently direct under the current relational infiltration test.,daily_surveillance,,,,,abstract_full_text_review,pending,,,,,,,,2026-09-10,2026-09-10,github-issue:#233;batch:ACADEMIC-2026-09-10-EXTRA-f276bc827f57
CAND-ACADEMIC-2026-09-10-EXTRA-f276bc827f57-004,Major Issues Relating to Organized Crime Within the Context of Economic Relationships,,Margaret E. Beare; R. T. Naylor,1999,,other,Parallel Search,https://ojp.gov/ncjrs/virtual-library/abstracts/major-issues-relating-organized-crime-within-context-economic,NCJ 194003,PARALLEL-W2-Q4; PARALLEL-W2-Q5,metadata_verified,high,plausible_contextual,"Research paper on the economic relationships required by organized crime and the interweaving of legitimate business and illicit activity, potentially relevant to the legal-economy boundary.",,,Verify the specific evidence on sustained influence or participation in legitimate firms and screen eligibility manually.,daily_surveillance,,,,,abstract_full_text_review,pending,,,,,,,,2026-09-10,2026-09-10,github-issue:#233;batch:ACADEMIC-2026-09-10-EXTRA-f276bc827f57
CAND-ACADEMIC-2026-09-10-EXTRA-f276bc827f57-005,The Sicilian Mafia: The Business of Private Protection,,Diego Gambetta,,Harvard University Press,other,Parallel Search,https://searchworks.stanford.edu/view/9505401,,PARALLEL-W2-Q6,metadata_partial,,plausible_contextual,Academic monograph on mafia private protection in commercial and social transactions; potentially relevant where protection becomes durable governance or influence in legal markets.,,SearchWorks describes a 1996 first Harvard University Press paperback edition and copyright 1993; the canonical publication year was not resolved in this run.,Resolve the canonical publication year and distinguish protection or victimisation from eligible sustained participation or influence in legitimate business.,daily_surveillance,,,,,metadata_fix,pending,,,,,,,,2026-09-10,2026-09-10,github-issue:#233;batch:ACADEMIC-2026-09-10-EXTRA-f276bc827f57
CAND-ACADEMIC-2026-09-10-EXTRA-f276bc827f57-006,Italian Organized Crime since 1950,10.1086/707319,Maurizio Catino,2020,Crime and Justice,peer_reviewed,Parallel Search,https://www.journals.uchicago.edu/doi/10.1086/707319,,PARALLEL-W2-Q6,metadata_verified,high,plausible_contextual,"Scholarly synthesis of Italian organized crime that discusses entrepreneurs and professionals seeking mafia services and business opportunities, potentially contextualising legal-market embeddedness.",,,Assess whether the work contains sufficiently direct evidence on legitimate firms or legal markets for inclusion under the current codebook.,daily_surveillance,,,,,abstract_full_text_review,pending,,,,,,,,2026-09-10,2026-09-10,github-issue:#233;batch:ACADEMIC-2026-09-10-EXTRA-f276bc827f57
CAND-ACADEMIC-2026-09-10-EXTRA-f276bc827f57-007,Mafia e potere: processi di legittimazione e costruzione del consenso,10.1425/23230,Rocco Sciarrone,2006,Stato e mercato,peer_reviewed,Parallel Search,https://www.rivisteweb.it/doi/10.1425/23230,,PARALLEL-W2-Q7,metadata_verified,high,plausible_contextual,"Analysis of the interrelations connecting mafia groups with political, economic and professional spheres, potentially relevant to relational mechanisms of legal-economy embeddedness.",,,Screen whether the economic relationships satisfy the review’s firm or legal-market infiltration criteria rather than remaining broader contextual evidence.,daily_surveillance,,,,,abstract_full_text_review,pending,,,,,,,,2026-09-10,2026-09-10,github-issue:#233;batch:ACADEMIC-2026-09-10-EXTRA-f276bc827f57
CAND-ACADEMIC-2026-09-10-EXTRA-f276bc827f57-008,"The rising mafioso capitalists, opportunities, and the case of Turkey",10.1177/0309816811407298,Fatma Ülkü Selçuk,2011,,peer_reviewed,Parallel Search,https://journals.sagepub.com/doi/10.1177/0309816811407298,,PARALLEL-W2-Q7,metadata_partial,,uncertain,"Scholarly article on the economic and political power of ‘mafioso capitalists’, potentially relevant to criminal participation in legitimate economic structures.",,,Verify venue metadata and determine whether the article concerns organized-crime infiltration of legitimate firms rather than a broader political-economy analogy.,daily_surveillance,,,,,metadata_fix,pending,,,,,,,,2026-09-10,2026-09-10,github-issue:#233;batch:ACADEMIC-2026-09-10-EXTRA-f276bc827f57
CAND-ACADEMIC-2026-09-10-EXTRA-f276bc827f57-009,La prevenzione mite: amministrazione giudiziaria e controllo giudiziario ex artt. 34 e 34 bis del codice antimafia,,Marcella Vulcano,2022,Cross,other,Parallel Search,https://riviste.unimi.it/index.php/cross/article/download/17445/15355/52114,,PARALLEL-W3-Q3,metadata_verified,high,plausible_contextual,Legal analysis of non-confiscatory judicial administration and judicial control aimed at preventing mafia conditioning while allowing remediation of affected companies.,,,Assess its apparatus-of-contrast eligibility and separate legal analysis from empirical evidence on firm outcomes.,daily_surveillance,,,,,abstract_full_text_review,pending,,,,,,,,2026-09-10,2026-09-10,github-issue:#233;batch:ACADEMIC-2026-09-10-EXTRA-f276bc827f57
CAND-ACADEMIC-2026-09-11-EXTRA-61e4d03af5c4-001,Mafia and Firm Performance. The Effect of Organized Crime and Its Judicial Removal,,Domenico Nicolò,2025,FrancoAngeli Series – Open Access,other,Parallel Search,https://series.francoangeli.it/index.php/oa/catalog/book/1465,,PARALLEL-W3-Q2,metadata_verified,high,plausible_contextual,Research monograph on firm performance under organised-crime influence and after judicial removal of that influence.,,,Assess work-level eligibility and its contribution relative to existing judicial-administration and firm-performance studies.,daily_surveillance,,,,,abstract_full_text_review,pending,,,,,,,,2026-09-13,2026-09-13,github-issue:#320;batch:ACADEMIC-2026-09-11-EXTRA-61e4d03af5c4
CAND-ACADEMIC-2026-09-11-EXTRA-61e4d03af5c4-002,The Mafia's Economic Grip: Firm Efficiency and a Composite Indicator of Organized Crime,10.1111/jors.12761,,2025,Journal of Regional Science,peer_reviewed,Parallel Search,https://onlinelibrary.wiley.com/doi/abs/10.1111/jors.12761,,PARALLEL-W3-Q4,metadata_partial,,plausible_contextual,Firm-efficiency study using a composite indicator of organised crime and therefore directly relevant to economic effects on legitimate firms.,,,Verify the complete author list and assess whether the exposure measure supports contextual or core inclusion.,daily_surveillance,,,,,metadata_fix,pending,,,,,,,,2026-09-13,2026-09-13,github-issue:#320;batch:ACADEMIC-2026-09-11-EXTRA-61e4d03af5c4
CAND-ACADEMIC-2026-09-11-EXTRA-61e4d03af5c4-003,"Perceived organized crime risk, R&D investment, and Technical efficiency: Evidence from Italian firms",10.1016/j.techsoc.2026.103421,Antonio Fabio Forgione; Carlo Migliardo; Marco Spadaro,2026,Technology in Society,peer_reviewed,Parallel Search,https://www.sciencedirect.com/science/article/abs/pii/S0160791X26002101; https://doi.org/10.1016/j.techsoc.2026.103421,PII S0160791X26002101,PARALLEL-W3-Q4,metadata_verified,high,plausible_contextual,Recent firm-level study linking perceived organised-crime risk to R&D investment and technical efficiency.,,,Assess whether perceived risk rather than demonstrated infiltration meets the review's contextual eligibility boundary.,daily_surveillance,,,,,abstract_full_text_review,pending,,,,,,,,2026-09-13,2026-09-13,github-issue:#320;batch:ACADEMIC-2026-09-11-EXTRA-61e4d03af5c4
CAND-ACADEMIC-2026-09-11-EXTRA-61e4d03af5c4-004,Organized Crime and Productivity: Evidence from Firm-Level Data,,Giuseppe Albanese; Giuseppe Marinelli,2013,Rivista Italiana degli Economisti,peer_reviewed,Parallel Search,https://papers.ssrn.com/sol3/papers.cfm?abstract_id=2368801,SSRN 2368801,PARALLEL-W3-Q5,metadata_verified,high,plausible_contextual,Firm-level productivity study estimating the economic effect of local organised-crime presence on Italian firms.,,,Assess the exposure-to-infiltration distinction and verify the final journal identifier.,daily_surveillance,,,,,abstract_full_text_review,pending,,,,,,,,2026-09-13,2026-09-13,github-issue:#320;batch:ACADEMIC-2026-09-11-EXTRA-61e4d03af5c4
CAND-ACADEMIC-2026-09-11-EXTRA-61e4d03af5c4-005,"Industrial Clusters, Organized Crime and Productivity Growth in Italian SMEs",,R. Ganau; A. Rodríguez-Pose,2017,CEPR Discussion Paper No. 12140,other,Parallel Search,https://cepr.org/publications/dp12140,CEPR DP12140,PARALLEL-W3-Q5,metadata_verified,high,plausible_contextual,"Firm-level study of organised crime, productivity growth and cluster externalities among Italian SMEs.",,,Assess contextual eligibility and reconcile any later journal manifestation before scientific screening.,daily_surveillance,,,,,abstract_full_text_review,pending,,,,,,,,2026-09-13,2026-09-13,github-issue:#320;batch:ACADEMIC-2026-09-11-EXTRA-61e4d03af5c4
CAND-ACADEMIC-2026-09-11-EXTRA-61e4d03af5c4-006,Mafia risk perception: Evaluating the effect of organized crime on firm technical efficiency and investment proclivity,10.1016/j.seps.2023.101619,,2023,"Socio-Economic Planning Sciences, 88, 101619",peer_reviewed,Parallel Search,https://www.sciencedirect.com/science/article/pii/S0038012123001192; https://doi.org/10.1016/j.seps.2023.101619,PII S0038012123001192,PARALLEL-W3-Q5,metadata_partial,,plausible_contextual,"Firm-level research on organised-crime risk perception, technical efficiency and investment behaviour.",,,Verify the complete author list and assess whether perceived risk rather than identified infiltration fits the contextual boundary.,daily_surveillance,,,,,metadata_fix,pending,,,,,,,,2026-09-13,2026-09-13,github-issue:#320;batch:ACADEMIC-2026-09-11-EXTRA-61e4d03af5c4
CAND-ACADEMIC-2026-09-11-EXTRA-61e4d03af5c4-008,Businesses seized from organized crime groups: their relations with the banking system,,Luigi Donato; Anna Saporito; Alessandro Scognamiglio,2013,"Banca d'Italia, Questioni di Economia e Finanza No. 202",other,Parallel Search,https://www.bancaditalia.it/pubblicazioni/qef/2013-0202/index.html?com.dotmarketing.htmlpage.language=1,Banca d'Italia QEF 202,PARALLEL-W3-Q9,metadata_verified,high,plausible_core,Empirical analysis of the banking relationships and operating profiles of businesses seized from organised-crime groups.,,,Assess direct firm-level eligibility and distinguish pre-seizure criminal connection from post-seizure outcomes.,daily_surveillance,,,,,abstract_full_text_review,pending,,,,,,,,2026-09-13,2026-09-13,github-issue:#320;batch:ACADEMIC-2026-09-11-EXTRA-61e4d03af5c4
CAND-ACADEMIC-2026-09-11-EXTRA-61e4d03af5c4-009,Organized crime and business crime-enterprises in the Netherlands,10.1007/bf01915552,,1993,"Crime, Law and Social Change, 19, 103–142",peer_reviewed,Parallel Search,https://link.springer.com/article/10.1007/BF01915552; https://doi.org/10.1007/BF01915552,,PARALLEL-W4-Q2,metadata_partial,,plausible_core,Scholarly study explicitly addressing organised crime and business crime-enterprises in the Netherlands.,,,Verify the complete author list and screen the legal-business participation evidence under the current codebook.,daily_surveillance,,,,,metadata_fix,pending,,,,,,,,2026-09-13,2026-09-13,github-issue:#320;batch:ACADEMIC-2026-09-11-EXTRA-61e4d03af5c4
CAND-ACADEMIC-2026-09-11-EXTRA-61e4d03af5c4-012,A Model of State-Crime Relations: Theory and Evidence,,Heesun Yoo,2023,Vanderbilt University working paper/manuscript,other,Parallel Search,https://www.vanderbilt.edu/wp-content/uploads/sites/3/2023/04/Yoo_State-Crime.pdf,,PARALLEL-W4-Q7,metadata_partial,,plausible_contextual,"Political-economy study testing its model in Quebec construction, where mafia infiltration was documented by a public inquiry.",,,Verify publication status and assess whether the firm/legal-economy relation is sufficiently direct for contextual inclusion.,daily_surveillance,,,,,metadata_fix,pending,,,,,,,,2026-09-13,2026-09-13,github-issue:#320;batch:ACADEMIC-2026-09-11-EXTRA-61e4d03af5c4
CAND-ACADEMIC-2026-09-11-EXTRA-61e4d03af5c4-013,Criminal-Private-Sector-Corruption: Mafia Involvement as Brokers and Patrons in Construction Contracts in Montreal,,Tyler Spencer,2019,Saint Mary's University master's thesis,other,Parallel Search,https://library2.smu.ca/bitstream/handle/01/29018/Spencer_Tyler_MASTERS_2019.pdf?isAllowed=y&sequence=1,,PARALLEL-W4-Q8,metadata_verified,high,plausible_core,Thesis directly examining relationships between Montreal mafia actors and private construction companies in contract collusion.,,,Assess scholarly eligibility and code the criminal-private-sector relationship under the current infiltration definition.,daily_surveillance,,,,,abstract_full_text_review,pending,,,,,,,,2026-09-13,2026-09-13,github-issue:#320;batch:ACADEMIC-2026-09-11-EXTRA-61e4d03af5c4
CAND-ACADEMIC-2026-09-11-EXTRA-61e4d03af5c4-014,Organized Crime Research Brief no. 27 - Commercial Construction and OC,,,2018,Public Safety Canada,other,Parallel Search,https://www.publicsafety.gc.ca/cnt/rsrcs/pblctns/rgnzd-crm-brf-27/index-en.aspx,,PARALLEL-W4-Q8,metadata_partial,,plausible_contextual,"Institutional research brief based on literature review, interviews and descriptive economic analysis of organised-crime vulnerability in Canadian commercial construction.",,,"Verify authorship and relationship to the underlying 2011 research report, then assess whether the brief warrants a distinct contextual record.",daily_surveillance,,,,,metadata_fix,pending,,,,,,,,2026-09-13,2026-09-13,github-issue:#320;batch:ACADEMIC-2026-09-11-EXTRA-61e4d03af5c4
CAND-ACADEMIC-2026-09-11-EXTRA-e4fad066a46c-001,"Study of Organized Crime's Infiltration of the Pizza and Cheese Industry - A Report, March 1980",,,1980,Pennsylvania Crime Commission / Office of Justice Programs,other,Parallel Search,https://www.ojp.gov/ncjrs/virtual-library/abstracts/study-organized-crimes-infiltration-pizza-and-cheese-industry,NCJ 70579,PARALLEL-W1-Q3; PARALLEL-W1-Q4,metadata_verified,high,plausible_core,Substantial two-year investigation documenting actual organised-crime control and ownership of cheese and pizza businesses across 54 Pennsylvania municipalities.,,,Assess research/scholarly eligibility and the four-part infiltration test; no scientific inclusion or publication decision is automatic.,daily_surveillance,,,,,abstract_full_text_review,pending,,,,,,,,2026-09-13,2026-09-13,github-issue:#338;batch:ACADEMIC-2026-09-11-EXTRA-e4fad066a46c
CAND-ACADEMIC-2026-09-12-001,Organized Crime: A Business Enterprise,10.1177/000271626334700103,Thorsten Sellin,1963,The Annals of the American Academy of Political and Social Science,peer_reviewed,Parallel Search,https://journals.sagepub.com/doi/abs/10.1177/000271626334700103,,PARALLEL-W6-Q1,metadata_verified,high,plausible_contextual,Early enterprise-model article comparing organised criminal enterprise with legitimate business and discussing criminal pursuit of legitimate ventures; potentially important conceptual context for the legal-economy boundary.,,,Assess whether the work substantively analyses sustained criminal participation or influence in the legal economy rather than illegal enterprise alone; do not infer core eligibility from the enterprise analogy.,daily_surveillance,,,,,abstract_full_text_review,pending,,,,,,,,2026-09-13,2026-09-13,github-issue:#339;batch:ACADEMIC-2026-09-12
CAND-ACADEMIC-2026-09-12-002,Cartels Run by Criminal Organizations and Market Contestability,10.1007/978-1-349-14540-9_3,Gianluca Fiorentini,1999,"Contemporary Economic Issues / International Economic Association Series, chapter 3, pp. 49–65",other,Parallel Search,https://ideas.repec.org/h/pal/intecp/978-1-349-14540-9_3.html,RePEc:pal:intecp:978-1-349-14540-9_3,PARALLEL-W2-Q3,metadata_verified,high,plausible_core,"Scholarly chapter models criminal organisations as enforcers of collusive agreements among firms in legal markets, with continuing protection/enforcement relationships and a share of cartel profits.",,,Screen the chapter under the four-part test and distinguish criminal governance of legitimate-market cartels from adjacent illegal-market conduct before any eligibility decision.,daily_surveillance,,,,,abstract_full_text_review,pending,,,,,,,,2026-09-13,2026-09-13,github-issue:#339;batch:ACADEMIC-2026-09-12
CAND-ACADEMIC-2026-09-12-003,Business Victimization and Organized Crime,,Vyacheslav Alekseevich Tulyakov,2007,,other,Parallel Search,https://www.ojp.gov/pdffiles1/pr/204376.pdf; https://uat.ojp.gov/ncjrs/virtual-library/abstracts/business-victimization-and-organized-crime,NCJ:220770,PARALLEL-W2-Q5; PARALLEL-W2-Q6,metadata_partial,,plausible_contextual,Study of organised-crime victimisation of businesses in Ukraine that also describes businesses becoming participants in criminal activity; potentially relevant to transitions from coercion to sustained participation.,,The OJP bibliographic landing returned 2007 and spells the middle name 'Alekeevich'; the PDF/fetch metadata exposes 'Alekseevich' and a 2003 date signal. Canonical name and publication date require human reconciliation.,Reconcile bibliographic metadata and determine whether the observed business relationships meet the sustained participation/influence criterion rather than victimisation or incidental criminal contact alone.,daily_surveillance,,,,,metadata_fix,pending,,,,,,,,2026-09-13,2026-09-13,github-issue:#339;batch:ACADEMIC-2026-09-12
CAND-ACADEMIC-2026-09-12-EXTRA-2231aace38f9-001,Racketeering in Legitimate Industries - Two Case Studies - Phase 2,,P Reuter; J B Rubinstein,,Office of Justice Programs / NCJRS,other,Parallel Search,https://www.ojp.gov/ncjrs/virtual-library/abstracts/racketeering-legitimate-industries-two-case-studies-phase-2,NCJ:69724,PARALLEL-W2-Q1,metadata_partial,,plausible_core,Distinct Phase 2 research report on racketeering in legitimate industries; the OJP record identifies a follow-up empirical study of organised-crime conspiracy and control mechanisms in legitimate business sectors.,,,Screen the report under the four-part codebook and reconcile its series relationship to the active executive-summary and later Reuter monograph without collapsing distinct research outputs.,daily_surveillance,,,,,metadata_fix,pending,,,,,,,,2026-09-13,2026-09-13,github-issue:#352;batch:ACADEMIC-2026-09-12-EXTRA-2231aace38f9
CAND-ACADEMIC-2026-09-12-EXTRA-2231aace38f9-002,University of Birmingham Organised Crime in the United Kingdom,,,,University of Birmingham,other,Parallel Search,https://research.birmingham.ac.uk/files/39406380/report.pdf,,PARALLEL-W6-Q1,metadata_partial,,plausible_contextual,"University-hosted research report returned for the UK infiltration chapter search; the provider excerpt explicitly reports organised-crime-group infiltration of legal businesses in the United Kingdom, making it plausibly relevant contextual evidence.",,,"Resolve exact title, authorship and year, then assess whether infiltration of legitimate businesses is sufficiently substantive for scientific eligibility; separately reconcile the unresolved Cambridge repository result rather than silently merging it.",daily_surveillance,,,,,metadata_fix,pending,,,,,,,,2026-09-13,2026-09-13,github-issue:#352;batch:ACADEMIC-2026-09-12-EXTRA-2231aace38f9
CAND-ACADEMIC-2026-09-12-EXTRA-335f7df7ae34-001,Shaping space. A conceptual framework on the connections between organised crime groups and territories: An introduction to the special issue on ‘Spaces of Organised Crime’,,,,,unknown,Parallel Search,https://pmc.ncbi.nlm.nih.gov/articles/PMC8024936,PMCID:PMC8024936,PARALLEL-W4-Q1,metadata_partial,,plausible_contextual,"Conceptual scholarly work on organised-crime territorial embeddedness and organisational environments; potentially relevant to the territorial-expansion strand, while the substantive connection to legal businesses and markets requires screening.",,,"Verify full bibliographic metadata and assess whether the treatment of firms, markets or legal-economy relationships is substantive enough for contextual or core eligibility.",daily_surveillance,,,,,metadata_fix,pending,,,,,,,,2026-09-13,2026-09-13,github-issue:#346;batch:ACADEMIC-2026-09-12-EXTRA-335f7df7ae34
CAND-ACADEMIC-2026-09-12-EXTRA-38a999646d3f-001,Sources of Data That Identify and Measure the Impacts of Organized Crime,,N Parisi,1983,,other,Parallel Search,https://nij.ojp.gov/library/publications/sources-data-identify-and-measure-impacts-organized-crime,NCJ:95266,PARALLEL-W1-Q1,metadata_verified,high,uncertain,"NIJ research report on data sources for measuring organised-crime impacts; the retrieved description explicitly considers evidence on organised crime's effects on legal businesses, making it potentially relevant to measurement of legal-economy impact or infiltration.",,,Screen the report to determine whether legal-business infiltration or sustained organised-crime relationships with legal-market actors are sufficiently substantive for the review.,daily_surveillance,,,,,abstract_full_text_review,pending,,,,,,,,2026-09-13,2026-09-13,github-issue:#360;batch:ACADEMIC-2026-09-12-EXTRA-38a999646d3f
CAND-ACADEMIC-2026-09-12-EXTRA-38a999646d3f-002,Expert Working Group Report on International Organized Crime,,John T. Picarelli,2010,,other,Parallel Search,https://www.ojp.gov/sites/ojp/files/archives/ncjrs/230846.pdf,NCJ:230846,PARALLEL-W2-Q1,metadata_verified,high,plausible_contextual,Research discussion paper on international organised crime that includes a concrete mechanism for taking over a targeted legitimate firm through legal and commercial instruments; relevant as contextual evidence on infiltration mechanisms.,,,Verify the centrality and evidentiary basis of the legitimate-firm takeover material and screen it under the current core/contextual codebook.,daily_surveillance,,,,,abstract_full_text_review,pending,,,,,,,,2026-09-13,2026-09-13,github-issue:#360;batch:ACADEMIC-2026-09-12-EXTRA-38a999646d3f
CAND-ACADEMIC-2026-09-12-EXTRA-38a999646d3f-003,NEW JERSEY - COMMISSION OF INVESTIGATION - REPORT AND RECOMMENDATIONS ON THE INCURSION BY ORGANIZED CRIME INTO CERTAIN LEGITIMATE BUSINESSES IN ATLANTIC CITY,,,1977,,other,Parallel Search,https://www.ojp.gov/ncjrs/virtual-library/abstracts/new-jersey-commission-investigation-report-and-recommendations,NCJ:55801,PARALLEL-W2-Q1; PARALLEL-W6-Q1; PARALLEL-W7-Q1,metadata_verified,high,plausible_core,"Investigation report explicitly centred on organised crime's incursion into legitimate businesses serving Atlantic City's casino-hotel complex, including tavern and vending businesses and associations between organised-crime figures and operating firms.",,,Screen the report for scientific eligibility and confirm that the documented business relationships satisfy the review's sustained legal-economy relationship criterion.,daily_surveillance,,,,,abstract_full_text_review,pending,,,,,,,,2026-09-13,2026-09-13,github-issue:#360;batch:ACADEMIC-2026-09-12-EXTRA-38a999646d3f
CAND-ACADEMIC-2026-09-12-EXTRA-3ad3ee04659d-001,Lawyers as money laundering enablers? An evolving and contentious relationship,10.1080/17440572.2022.2089122,Michael Levi,2022,Global Crime,peer_reviewed,Parallel Search,https://prohic.nl/wp-content/uploads/2022/08/432-LawyersMoneyLaunderingOrganizedCrimeMichaelLevi.July2022.pdf; https://doi.org/10.1080/17440572.2022.2089122,,PARALLEL-W2-Q1,metadata_verified,high,plausible_contextual,Scholarly analysis of lawyers as enablers at the organised-crime/legal-professional interface; potentially contextual to professional facilitation in the legal economy.,,,Assess whether the professional-enabler mechanism is sufficiently specific and necessary to the infiltration construct; no scientific eligibility decision is automatic.,daily_surveillance,,,,,abstract_full_text_review,pending,,,,,,,,2026-09-13,2026-09-13,github-issue:#343;batch:ACADEMIC-2026-09-12-EXTRA-3ad3ee04659d
CAND-ACADEMIC-2026-09-12-EXTRA-3ad3ee04659d-002,Mafia ties and financial reporting quality spillovers: Evidence from private firms in Italy,10.3280/fr202519624,Pietro A. Bianchi Fedrigoni; Nicola Pecchiari,2025,Financial Reporting,peer_reviewed,Parallel Search,https://www.researchgate.net/publication/398867648_Mafia_ties_and_financial_reporting_quality_spillovers_Evidence_from_private_firms_in_Italy; https://doi.org/10.3280/fr202519624,,PARALLEL-W7-Q2,metadata_partial,,plausible_contextual,Recent scholarly work on reporting spillovers from Mafia-connected monitoring relationships into otherwise clean private firms; potentially contextual to professional-gatekeeper and legal-economy spillover mechanisms.,,,Verify the version-of-record metadata and assess the professional-gatekeeper spillover contribution under the current codebook; no scientific eligibility decision is automatic.,daily_surveillance,,,,,metadata_fix,pending,,,,,,,,2026-09-13,2026-09-13,github-issue:#343;batch:ACADEMIC-2026-09-12-EXTRA-3ad3ee04659d
CAND-ACADEMIC-2026-09-12-EXTRA-426cdea055d3-001,Yakuza (Criminal Gangs) in Japan: Characteristics and ...,10.1177/104398620000600302,,,,peer_reviewed,Parallel Search,https://journals.sagepub.com/doi/10.1177/104398620000600302,,PARALLEL-W4-Q1,metadata_partial,,uncertain,Peer-reviewed DOI record surfaced by the Japan/Yakuza legal-business query; the retrieved metadata is insufficient to establish whether legitimate-company involvement is central rather than incidental.,,,Resolve the full bibliographic title/authorship and screen the legal-economy relationship under the current four-part test; no scientific eligibility decision is automatic.,daily_surveillance,,,,,metadata_fix,pending,,,,,,,,2026-09-13,2026-09-13,github-issue:#460;batch:ACADEMIC-2026-09-12-EXTRA-426cdea055d3
CAND-ACADEMIC-2026-09-12-EXTRA-426cdea055d3-002,Chinese Triads and Japanese Yakuza - How Dangerous Is the Asian Mafia?,,,,,other,Parallel Search,https://www.ojp.gov/ncjrs/virtual-library/abstracts/chinese-triads-and-japanese-yakuza-how-dangerous-asian-mafia,NCJ:169472,PARALLEL-W4-Q1,metadata_partial,,plausible_contextual,Research record on triads and Yakuza whose retrieved description addresses involvement with legitimate businesses; potentially relevant as non-European contextual evidence on organised-crime/legal-economy relationships.,,,Resolve authorship/publication metadata and determine whether the legitimate-business relationship is sufficiently substantive for core or contextual eligibility.,daily_surveillance,,,,,metadata_fix,pending,,,,,,,,2026-09-13,2026-09-13,github-issue:#460;batch:ACADEMIC-2026-09-12-EXTRA-426cdea055d3
CAND-ACADEMIC-2026-09-12-EXTRA-426cdea055d3-003,"The Japanese Mafia: Yakuza, Law, and the State",,,,,other,Parallel Search,https://academic.oup.com/book/37281,,PARALLEL-W4-Q1,metadata_partial,,uncertain,"Scholarly book record surfaced by the Japan/Yakuza legal-business query; it may contain substantive evidence on organised-crime relationships with legitimate economic actors, but centrality is not established by the returned metadata.",,,"Resolve full bibliographic metadata and screen the book for sustained participation, influence or control in the legal economy under the current codebook.",daily_surveillance,,,,,metadata_fix,pending,,,,,,,,2026-09-13,2026-09-13,github-issue:#460;batch:ACADEMIC-2026-09-12-EXTRA-426cdea055d3
CAND-ACADEMIC-2026-09-12-EXTRA-570dae192194-001,"Study of Organized Crime's Infiltration of the Pizza and Cheese Industry - A Report, March 1980",,,1980,Pennsylvania Crime Commission report,other,Parallel Search,https://www.ojp.gov/ncjrs/virtual-library/abstracts/study-organized-crimes-infiltration-pizza-and-cheese-industry,,PARALLEL-W1-Q1,metadata_partial,,plausible_core,Institutional investigation directly focused on increasing organised-crime control of legitimate pizza and cheese businesses and the resulting market effects.,,,"Verify full bibliographic metadata and identifiers, then apply the current four-part eligibility test; no scientific inclusion decision is automatic.",daily_surveillance,,,,,metadata_fix,pending,,,,,,,,2026-09-13,2026-09-13,github-issue:#349;batch:ACADEMIC-2026-09-12-EXTRA-570dae192194
CAND-ACADEMIC-2026-09-12-EXTRA-570dae192194-002,RICO (Racketeer Influenced and Corrupt Organizations) Concepts,,E Shaw,1980,Techniques in the Investigation and Prosecution of Organized Crime: Materials on RICO,other,Parallel Search,https://www.ojp.gov/ncjrs/virtual-library/abstracts/rico-racketeer-influenced-and-corrupt-organizations-concepts,NCJ:78843,PARALLEL-W6-Q1,metadata_verified,high,plausible_contextual,Legal research material explains RICO's enterprise concepts and explicitly treats curtailing organised-crime infiltration of legitimate businesses as a principal statutory purpose.,,,Assess whether the contribution is sufficiently substantive for the contextual apparatus of the review rather than enforcement background only; no scientific decision is automatic.,daily_surveillance,,,,,abstract_full_text_review,pending,,,,,,,,2026-09-13,2026-09-13,github-issue:#349;batch:ACADEMIC-2026-09-12-EXTRA-570dae192194
CAND-ACADEMIC-2026-09-12-EXTRA-570dae192194-003,Corruption risk indicators in public procurement,,,,,unknown,Parallel Search,https://www.sciencedirect.com/science/article/abs/pii/S0038012126000157,PII:S0038012126000157,PARALLEL-W7-Q1,metadata_partial,,plausible_contextual,"Recent research on public-procurement corruption indicators that uses firms potentially connected to organised crime as a validation population, making it potentially relevant to detection and procurement-risk methodology.",,,"Resolve authorship, year, venue and DOI metadata and determine whether the organised-crime firm component is sufficiently substantive for contextual eligibility.",daily_surveillance,,,,,metadata_fix,pending,,,,,,,,2026-09-13,2026-09-13,github-issue:#349;batch:ACADEMIC-2026-09-12-EXTRA-570dae192194
CAND-ACADEMIC-2026-09-12-EXTRA-6e00fc2aca6a-001,Measuring Organized Crime in the Western Balkans,,,2020,UNODC,other,Parallel Search,https://www.unodc.org/documents/data-and-analysis/OC/Measuring-OC-in-WB.pdf,,PARALLEL-W4-Q1,metadata_partial,,plausible_contextual,Institutional research on organised crime in the Western Balkans that explicitly reports criminal proceeds being invested and laundered through legal construction and import/export businesses; potentially relevant to comparative legal-economy mechanisms.,,,Verify complete bibliographic metadata and assess whether the legal-business evidence is sufficiently substantive for contextual or core eligibility; no scientific inclusion decision is automatic.,daily_surveillance,,,,,metadata_fix,pending,,,,,,,,2026-09-13,2026-09-13,github-issue:#350;batch:ACADEMIC-2026-09-12-EXTRA-6e00fc2aca6a
CAND-ACADEMIC-2026-09-12-EXTRA-6e00fc2aca6a-002,International Crime Business Survey: Findings From Nine Central-Eastern European Cities,10.1007/s10610-004-4122-4,,,Office of Justice Programs,other,Parallel Search,https://ojp.gov/ncjrs/virtual-library/abstracts/international-crime-business-survey-findings-nine-central-eastern; https://doi.org/10.1007/s10610-004-4122-4,,PARALLEL-W4-Q1,metadata_verified,high,plausible_contextual,Comparative business survey in Central and Eastern Europe documenting organised-crime intimidation and protection demands directed at legitimate businesses; potentially useful for distinguishing coercive influence from deeper infiltration.,,,Resolve authorship and publication metadata and determine under the four-part test whether the organised-crime/business relationship is contextual evidence or falls outside the sustained-infiltration construct.,daily_surveillance,,,,,abstract_full_text_review,pending,,,,,,,,2026-09-13,2026-09-13,github-issue:#350;batch:ACADEMIC-2026-09-12-EXTRA-6e00fc2aca6a
CAND-ACADEMIC-2026-09-12-EXTRA-6e00fc2aca6a-003,CRIME AND ITS IMPACT ON THE BALKANS,,,2008,UNODC,other,Parallel Search,https://www.unodc.org/documents/Balkan_study.pdf,,PARALLEL-W4-Q1,metadata_partial,,plausible_contextual,"Regional institutional study whose business-focused analysis describes enduring collusion between organised crime, politics and legitimate business; potentially relevant to relational and comparative infiltration mechanisms.",,,Verify bibliographic metadata and assess how substantive the legal-business component is under the current codebook before any scientific classification.,daily_surveillance,,,,,metadata_fix,pending,,,,,,,,2026-09-13,2026-09-13,github-issue:#350;batch:ACADEMIC-2026-09-12-EXTRA-6e00fc2aca6a
CAND-ACADEMIC-2026-09-12-EXTRA-724679219793-001,Textual Clues of Crime: Comparing Financial Narratives in Mafia-Connected and Legitimate Firms,,,2025,Padua Thesis and Dissertation Archive (Lauree magistrali),other,Parallel Search,https://thesis.unipd.it/handle/20.500.12608/94797,hdl:20.500.12608/94797,PARALLEL-W5-Q1; PARALLEL-W5-Q2; PARALLEL-W5-Q3,metadata_partial,,plausible_core,"Master’s-thesis research directly tests whether mafia-infiltrated firms can be distinguished from legitimate firms through financial-statement narrative disclosures, using an original case/control dataset and NLP classification.",,,"Verify authorship and degree metadata from primary repository evidence, then assess scientific eligibility and methodological contribution under the four-part codebook; no scientific label is assigned automatically.",daily_surveillance,,,,,metadata_fix,pending,,,,,,,,2026-09-13,2026-09-13,github-issue:#340;batch:ACADEMIC-2026-09-12-EXTRA-724679219793
CAND-ACADEMIC-2026-09-12-EXTRA-7652f77d6fde-003,Leveraging legitimacy: How the EU’s most threatening criminal networks abuse legal business structures,10.2813/7731594,Europol,2024,Publications Office of the European Union,other,Parallel Search,https://www.europol.europa.eu/sites/default/files/documents/Europol_report_-_Leveraging_legitimacy_-_How_the_EU_most_threatening_crim_networks_abuse_legal_business_structures.pdf,ISBN:978-92-95236-92-9,PARALLEL-W4-Q1; PARALLEL-W4-Q3; PARALLEL-W4-Q4,metadata_verified,high,plausible_core,"Europol analytical report centred on how criminal networks infiltrate, create and exploit legal business structures across the EU.",,,Verify access and apply the human eligibility screen; preserve institutional-report status and do not convert intake plausibility into inclusion.,daily_surveillance,,,,,abstract_full_text_review,pending,,,,,,,,2026-09-13,2026-09-13,github-issue:#341;batch:ACADEMIC-2026-09-12-EXTRA-7652f77d6fde
CAND-ACADEMIC-2026-09-12-EXTRA-7652f77d6fde-004,Decoding the EU’s most threatening criminal networks,10.2813/811566,Europol,2024,Publications Office of the European Union,other,Parallel Search,https://www.europol.europa.eu/cms/sites/default/files/documents/Europol%20report%20on%20Decoding%20the%20EU-s%20most%20threatening%20criminal%20networks.pdf,ISBN:978-92-95236-25-7,PARALLEL-W4-Q2; PARALLEL-W4-Q3; PARALLEL-W4-Q4,metadata_verified,high,plausible_contextual,"Broader Europol network study containing a substantive analysis of criminal networks’ infiltration and use of legal business structures as facilitators, fronts and laundering vehicles.",,,Assess contextual versus core eligibility under the current codebook and verify access; no automated scientific decision is made.,daily_surveillance,,,,,abstract_full_text_review,pending,,,,,,,,2026-09-13,2026-09-13,github-issue:#341;batch:ACADEMIC-2026-09-12-EXTRA-7652f77d6fde
CAND-ACADEMIC-2026-09-12-EXTRA-b54c1a6aa281-001,Investment of Criminal Proceeds into the Legitimate Economy: An Analysis of Italian and Russian Organised Crime in the UK Real Estate Market,,,,Routledge,other,Parallel Search,https://www.routledge.com/Investment-of-Criminal-Proceeds-into-the-Legitimate-Economy-An-Analysis-of-Italian-and-Russian-Organised-Crime-in-the-UK-Real-Estate-Market/Sclafani/p/book/9781032541938,ISBN:9781032541938,PARALLEL-W1-Q1,metadata_partial,,uncertain,"Scholarly monograph explicitly framed around organised-crime proceeds invested in the UK real-estate market and the legitimate economy; it is potentially relevant to legal-economy participation, but the returned record does not establish whether the evidence concerns meaningful criminal control/participation in legal business rather than asset-only investment.",,,"Resolve full bibliographic metadata and apply the four-part eligibility test, especially the boundary between criminal participation in legal business and asset-only illicit investment; no scientific inclusion decision is automatic.",daily_surveillance,,,,,metadata_fix,pending,,,,,,,,2026-09-13,2026-09-13,github-issue:#351;batch:ACADEMIC-2026-09-12-EXTRA-b54c1a6aa281
CAND-ACADEMIC-2026-09-12-EXTRA-bca84c56f316-001,COVID-19 and Organized Crime: Strategies employed by criminal groups to increase their profits and power in the first months of the pandemic,,,,,peer_reviewed,Parallel Search,https://pmc.ncbi.nlm.nih.gov/articles/PMC8437330,PMCID:PMC8437330,PARALLEL-W1-Q1,metadata_partial,,plausible_contextual,Systematic content analysis of organised-crime strategies during COVID-19 that substantively includes infiltration of the legal economy and identifies health-product and pharmaceutical businesses among targeted sectors.,,The provider returned an implausible page publish date; year was therefore left unresolved rather than inferred.,Verify bibliographic metadata and assess whether the legal-economy infiltration analysis is sufficiently central for contextual or core eligibility.,daily_surveillance,,,,,metadata_fix,pending,,,,,,,,2026-09-13,2026-09-13,github-issue:#357;batch:ACADEMIC-2026-09-12-EXTRA-bca84c56f316
CAND-ACADEMIC-2026-09-12-EXTRA-bca84c56f316-002,Organized Crime and Gambling,,President's Commission on Organized Crime,,,other,Parallel Search,https://www.govinfo.gov/content/pkg/GOVPUB-PR-PURL-gpo215456/pdf/GOVPUB-PR-PURL-gpo215456.pdf,GOVPUB-PR-PURL-gpo215456,PARALLEL-W3-Q1,metadata_partial,,plausible_core,"Commission research material explicitly reviews organised-crime infiltration of legal gambling and licensed casinos, including regulatory hardening against criminal penetration.",,The provider exposed a 2010 digitisation/publish date while the retrieved text identifies a 1985 President's Commission hearing; publication year was left unresolved.,"Verify the report-level bibliographic identity and publication date, then screen scientific eligibility and the sustained legal-business relationship.",daily_surveillance,,,,,metadata_fix,pending,,,,,,,,2026-09-13,2026-09-13,github-issue:#357;batch:ACADEMIC-2026-09-12-EXTRA-bca84c56f316
CAND-ACADEMIC-2026-09-12-EXTRA-bca84c56f316-003,Triad Organized Crime in Macau Casinos: Extra-legal Governance and Entrepreneurship,10.1093/bjc/azw014,,,The British Journal of Criminology,peer_reviewed,Parallel Search,https://academic.oup.com/bjc/article-abstract/57/3/589/2623919; https://doi.org/10.1093/bjc/azw014,,PARALLEL-W3-Q1,metadata_verified,high,uncertain,"Peer-reviewed study of triad organised crime, extra-legal governance and entrepreneurship in Macau casinos; the retrieved metadata make legal-market embeddedness plausible but do not establish the exact firm-level relationship.",,,"Verify authorship, date and DOI, then read the substantive evidence to determine whether triad participation concerns legitimate casino businesses or adjacent illegal gambling only.",daily_surveillance,,,,,abstract_full_text_review,pending,,,,,,,,2026-09-13,2026-09-13,github-issue:#357;batch:ACADEMIC-2026-09-12-EXTRA-bca84c56f316
CAND-ACADEMIC-2026-09-12-EXTRA-cfe8ae9b3710-001,"Complici, soci e alleati. Una ricerca sull'area grigia della mafia",10.7383/70771,Rocco Sciarrone,2012,Studi sulla questione criminale,unknown,Parallel Search,https://www.rivisteweb.it/doi/10.7383/70771,,PARALLEL-W1-Q1,metadata_partial,,uncertain,"Investigates the mafia grey area and relationships between criminal and legitimate actors, potentially relevant to relational mechanisms of criminal embeddedness in the legal economy.",,,Verify bibliographic metadata and apply the current four-part eligibility test; no scientific eligibility or publication decision is automatic.,daily_surveillance,,,,,metadata_fix,pending,,,,,,,,2026-09-13,2026-09-13,github-issue:#347;batch:ACADEMIC-2026-09-12-EXTRA-cfe8ae9b3710
CAND-ACADEMIC-2026-09-12-EXTRA-d6b0ffff25fd-001,How Criminal Organizations Expand to Strong States: Migrant Exploitation and Political Brokerage in Northern Italy,10.33774/apsa-2021-kq3b6,,,APSA Preprints,preprint,Parallel Search,https://preprints.apsanet.org/engage/api-gateway/apsa/assets/orp/resource/item/601df8d1ed338ede6b4d16e3/original/how-criminal-organizations-expand-to-strong-states-migrant-exploitation-and-political-brokerage-in-northern-italy.pdf; https://doi.org/10.33774/apsa-2021-kq3b6,APSA resource 601df8d1ed338ede6b4d16e3,PARALLEL-W4-Q1,metadata_verified,high,plausible_contextual,Scholarly preprint on expansion of criminal organisations into Northern Italy that explicitly uses infiltration in the legal economy among its empirical indicators; potentially relevant to territorial embeddedness and legal-economy mechanisms.,,,"Verify full bibliographic metadata and current publication state, then assess whether the legal-economy relationship is substantive enough for core or contextual eligibility.",daily_surveillance,,,,,abstract_full_text_review,pending,,,,,,,,2026-09-13,2026-09-13,github-issue:#345;batch:ACADEMIC-2026-09-12-EXTRA-d6b0ffff25fd
CAND-ACADEMIC-2026-09-12-EXTRA-d6b0ffff25fd-002,The Departed: Italian Migration and the American Mafia,,M. Anelli; P. Pinotti; Z. Porreca,2025,CEPR Discussion Paper No. 20972,working_paper,Parallel Search,https://cepr.org/publications/dp20972,CEPR DP20972,PARALLEL-W4-Q1,metadata_verified,high,plausible_contextual,Recent working paper on transplantation of the Sicilian Mafia to the United States and its persistent local effects; potentially relevant to the territorial-expansion strand and requires screening for a sufficiently substantive legal-economy mechanism.,,,Assess whether the paper substantively analyses sustained participation or influence in the legal economy rather than criminal transplantation and neighbourhood effects alone.,daily_surveillance,,,,,abstract_full_text_review,pending,,,,,,,,2026-09-13,2026-09-13,github-issue:#345;batch:ACADEMIC-2026-09-12-EXTRA-d6b0ffff25fd
CAND-ACADEMIC-2026-09-12-EXTRA-e43980672341-001,The Teamsters: Perception and Reality an Investigative Study of Organized Crime Influences in the Union,10.1007/s12117-001-1021-7,"Stier Anderson & Malone, LLC",,"Trends in Organized Crime, vol. 7 (2001-2002)",other,Parallel Search,https://heinonline.org/hol-cgi-bin/get_pdf.cgi?handle=hein.journals%2Ftrndorgc7&section=14; https://doi.org/10.1007/s12117-001-1021-7,7 Trends Org. Crime 8 (2001-2002),PARALLEL-W1-Q1,metadata_verified,high,plausible_core,"Investigative study of sustained organised-crime influence in the Teamsters Union, directly relevant to durable criminal influence within a legitimate labour-market institution.",,,Verify complete bibliographic metadata and assess the union-control relationship under the current four-part test; no scientific eligibility decision is automatic.,daily_surveillance,,,,,abstract_full_text_review,pending,,,,,,,,2026-09-13,2026-09-13,github-issue:#348;batch:ACADEMIC-2026-09-12-EXTRA-e43980672341
CAND-ACADEMIC-2026-09-12-EXTRA-e43980672341-002,Organised crime and corruption: Anti-Corruption and Integrity Outlook 2026,,OECD,2026,Anti-Corruption and Integrity Outlook 2026,other,Parallel Search,https://www.oecd.org/en/publications/2026/03/anti-corruption-and-integrity-outlook-2026_d8f55b04/full-report/component-15.html,,PARALLEL-W7-Q1,metadata_verified,high,plausible_contextual,Institutional analytical chapter on organised crime and corruption that explicitly addresses criminal infiltration and use of legal business structures across corporate sectors.,,,Assess whether the legal-economy analysis is sufficiently specific for contextual or core inclusion under the current codebook; no scientific eligibility decision is automatic.,daily_surveillance,,,,,abstract_full_text_review,pending,,,,,,,,2026-09-13,2026-09-13,github-issue:#348;batch:ACADEMIC-2026-09-12-EXTRA-e43980672341
CAND-ACADEMIC-2026-09-12-EXTRA-eff272748cb9-001,"Artificial Scarcity, Power, and the Italian Mafia",,Clotilde Champeyrache,2014,Journal of Economic Issues 48(3):625–640,peer_reviewed,Parallel Search,https://www.jstor.org/stable/43905833; https://ideas.repec.org/a/mes/jeciss/v48y2014i3p625-640.html,JSTOR 43905833; RePEc mes/jeciss/v48y2014i3p625-640,PARALLEL-W2-Q2; PARALLEL-W2-Q3; PARALLEL-W2-Q4,metadata_verified,high,plausible_core,"Institutional-economic analysis explicitly focused on Mafia infiltration of legitimate businesses and legal markets, examining artificial scarcity, market segmentation and control over productive entities.",,,Review the full text under the current four-part test and reconcile its accessible manifestations; no scientific inclusion or publication decision is automatic.,daily_surveillance,,,,,abstract_full_text_review,pending,,,,,,,,2026-09-13,2026-09-13,github-issue:#342;batch:ACADEMIC-2026-09-12-EXTRA-eff272748cb9
CAND-ACADEMIC-2026-09-13-001,The Mafia's role as a 'hidden' mediator in SME external credit,10.2139/ssrn.7417501,,,SSRN,preprint,Parallel Search,https://papers.ssrn.com/sol3/papers.cfm?abstract_id=7417501; https://doi.org/10.2139/ssrn.7417501,SSRN 7417501,PARALLEL-W7-Q1,metadata_verified,high,plausible_contextual,"Recent scholarly preprint examining whether Mafia actors act as hidden intermediaries in external credit for SMEs, potentially documenting a sustained criminal relationship with firms in the legal economy.",,,"Resolve authorship and date metadata, then assess whether the Mafia-credit facilitation mechanism satisfies the review's sustained participation or influence criterion rather than only broader organised-crime exposure.",daily_surveillance,,,,,abstract_full_text_review,pending,,,,,,,,2026-09-13,2026-09-13,github-issue:#468;batch:ACADEMIC-2026-09-13
CAND-ACADEMIC-2026-09-13-EXTRA-39073337ed15-001,Destructive Entrepreneurship: The Cost of the Mafia for the Legal Economy,10.1080/00213624.2018.1430947,Clotilde Champeyrache,2018,,unknown,Parallel Search,https://www.tandfonline.com/doi/full/10.1080/00213624.2018.1430947; https://www.jstor.org/stable/26606836,,PARALLEL-W1-Q1; PARALLEL-W2-Q1; PARALLEL-W3-Q1,metadata_partial,,plausible_core,Scholarly article explicitly centred on Mafia infiltration of legitimate businesses and directly or indirectly Mafia-owned legal enterprises.,,,Verify complete bibliographic metadata and screen the evidence under the four-part infiltration test before any scientific decision.,daily_surveillance,,,,,metadata_fix,pending,,,,,,,,2026-09-13,2026-09-13,github-issue:#470;batch:ACADEMIC-2026-09-13-EXTRA-39073337ed15
CAND-ACADEMIC-2026-09-13-EXTRA-39073337ed15-002,Criminal-Private-Sector-Corruption: Mafia Involvement as Brokers and Patrons in Construction Contracts in Montreal,,,2019,,other,Parallel Search,https://library2.smu.ca/bitstream/handle/01/29018/Spencer_Tyler_MASTERS_2019.pdf?isAllowed=y&sequence=1,,PARALLEL-W3-Q1,metadata_partial,,plausible_core,Scholarly thesis examining Mafia roles as brokers and patrons in Montreal construction contracts and the persistence of criminal influence in a legal market.,,,"Resolve authorship and institutional citation metadata, then assess whether the documented relationships satisfy the current sustained participation or influence criterion.",daily_surveillance,,,,,metadata_fix,pending,,,,,,,,2026-09-13,2026-09-13,github-issue:#470;batch:ACADEMIC-2026-09-13-EXTRA-39073337ed15
CAND-ACADEMIC-2026-09-13-EXTRA-39073337ed15-003,Organized Crime in the Construction Industry,10.1177/001112877702300306,,,,unknown,Parallel Search,https://journals.sagepub.com/doi/10.1177/001112877702300306,,PARALLEL-W3-Q1,metadata_partial,,uncertain,Scholarly article on organised criminal activity in the construction sector involving contractors; the returned metadata leaves the legal-business infiltration relationship uncertain.,,,Verify bibliographic metadata and determine whether contractor involvement constitutes sustained criminal access or influence in the legal economy rather than adjacent theft or facilitation.,daily_surveillance,,,,,metadata_fix,pending,,,,,,,,2026-09-13,2026-09-13,github-issue:#470;batch:ACADEMIC-2026-09-13-EXTRA-39073337ed15
CAND-ACADEMIC-2026-09-13-EXTRA-7450b0e2f8a2-001,Indicators of the Impacts of Organized Crime,,,,Office of Justice Programs,other,Parallel Search,https://uat.ojp.gov/library/publications/indicators-impacts-organized-crime,,PARALLEL-W5-Q1,metadata_partial,,plausible_contextual,"Research output developing indicators of organised-crime impacts, including business-oriented measures; potentially relevant to measurement of legal-economy infiltration and its effects.",,,"Verify authorship, date and publication type, then assess whether the business indicators substantively measure infiltration or only broader organised-crime impacts.",daily_surveillance,,,,,metadata_fix,pending,,,,,,,,2026-09-13,2026-09-13,github-issue:#494;batch:ACADEMIC-2026-09-13-EXTRA-7450b0e2f8a2
CAND-ACADEMIC-2026-09-13-EXTRA-7450b0e2f8a2-002,MORE,,,,,other,Parallel Search,https://www.swp-berlin.org/publications/products/projekt_papiere/MORE_Final_Report_DE.pdf,,PARALLEL-W6-Q1,metadata_partial,,uncertain,German-language research report whose retrieved record describes an analytical approach built around the concept of organised-crime infiltration of legitimate enterprises.,,,"Resolve the full report title, authorship, year and institutional publication metadata, then determine its substantive contribution under the CILE codebook.",daily_surveillance,,,,,metadata_fix,pending,,,,,,,,2026-09-13,2026-09-13,github-issue:#494;batch:ACADEMIC-2026-09-13-EXTRA-7450b0e2f8a2
CAND-ACADEMIC-2026-09-13-EXTRA-7450b0e2f8a2-003,Alte und neue Bedrohungen der Organisierten Kriminalität,,Arndt Sinn; Marcel Iden,2023,SIAK-Journal,other,Parallel Search,https://www.bmi.gv.at/104/wissenschaft_und_forschung/siak-journal/siak-journal-ausgaben/jahrgang_2023/files/sinn_1_2023.pdf,,PARALLEL-W6-Q1,metadata_partial,,plausible_contextual,Scholarly article on contemporary organised-crime threats that explicitly treats the infiltration and use of legal business structures as a current manifestation.,,,Verify complete citation metadata and assess whether its treatment of legal business structures is sufficiently substantive for contextual or core eligibility.,daily_surveillance,,,,,metadata_fix,pending,,,,,,,,2026-09-13,2026-09-13,github-issue:#494;batch:ACADEMIC-2026-09-13-EXTRA-7450b0e2f8a2
CAND-ACADEMIC-2026-09-13-EXTRA-7450b0e2f8a2-004,Wirtschaftsmacht Organisierte Kriminalität,10.1007/978-3-662-55269-8,,2018,Springer Nature,other,Parallel Search,https://link.springer.com/content/pdf/10.1007/978-3-662-55269-8.pdf,,PARALLEL-W6-Q1,metadata_partial,,uncertain,"Scholarly book-level result centred on the economic power of organised crime, surfaced in a German-language search for infiltration and use of legitimate enterprises.",,,"Verify authorship and bibliographic role of the retrieved book manifestation, then determine whether it substantively addresses criminal participation in legitimate firms rather than broader organised-crime economics.",daily_surveillance,,,,,metadata_fix,pending,,,,,,,,2026-09-13,2026-09-13,github-issue:#494;batch:ACADEMIC-2026-09-13-EXTRA-7450b0e2f8a2
CAND-ACADEMIC-2026-09-13-EXTRA-76bb4c0cee3e-001,Gaming the system: exploiting regulatory and institutional loopholes for accumulation in Southern Italy's wind energy sector,10.1016/j.erss.2025.104465,S Lipari,2025,,unknown,Parallel Search,https://www.sciencedirect.com/science/article/pii/S2214629625005468,PII:S2214629625005468,PARALLEL-W3-Q1,metadata_partial,,uncertain,"Research article on Southern Italy's wind-energy sector whose retrieved record links entrepreneurs, investors, public officials and criminal organisations to licit and illicit accumulation practices; the direct infiltration contribution requires review.",,,"Verify complete authorship and venue metadata, then assess whether the criminal-organisation/business relationship meets the CILE eligibility construct.",daily_surveillance,,,,,metadata_fix,pending,,,,,,,,2026-09-13,2026-09-13,github-issue:#478;batch:ACADEMIC-2026-09-13-EXTRA-76bb4c0cee3e
CAND-ACADEMIC-2026-09-13-EXTRA-76bb4c0cee3e-002,Entrepreneurship and organised crime: a systematic review and research agenda based on three decades of scholarship,10.1108/jsbed-12-2022-0515,S Cincimino; S Gnoffo; F La Rosa; S Paternostro,2024,Journal of Small Business and Enterprise Development,peer_reviewed,Parallel Search,https://www.emerald.com/jsbed/article/31/6/1088/1235663/Entrepreneurship-and-organised-crime-a-systematic,,PARALLEL-W6-Q1,metadata_verified,high,plausible_contextual,"Systematic review of three decades of scholarship on entrepreneurship and organised crime, potentially relevant to criminal participation in and effects on legitimate business.",,,Screen the review's substantive treatment of infiltration versus broader organised-crime entrepreneurship before assigning any scientific eligibility or topic code.,daily_surveillance,,,,,abstract_full_text_review,pending,,,,,,,,2026-09-13,2026-09-13,github-issue:#478;batch:ACADEMIC-2026-09-13-EXTRA-76bb4c0cee3e
CAND-ACADEMIC-2026-09-13-EXTRA-76bb4c0cee3e-003,Estimating Money Laundering Risks: An Application to Business Sectors in the Netherlands,10.1007/s10610-018-9391-4,Joras Ferwerda; Edward R. Kleemans,2018,European Journal on Criminal Policy and Research,peer_reviewed,Parallel Search,https://link.springer.com/article/10.1007/s10610-018-9391-4,,PARALLEL-W4-Q1,metadata_verified,high,plausible_contextual,"Business-sector risk study that explicitly operationalises organised-crime infiltration as a money-laundering threat, potentially contributing contextual measurement evidence.",,,Assess whether infiltration is sufficiently substantive for CILE contextual eligibility rather than only an input to a broader money-laundering risk model.,daily_surveillance,,,,,abstract_full_text_review,pending,,,,,,,,2026-09-13,2026-09-13,github-issue:#478;batch:ACADEMIC-2026-09-13-EXTRA-76bb4c0cee3e
CAND-ACADEMIC-2026-09-13-EXTRA-a6766e6649ed-002,Mafianomics: How Did Mob Entrepreneurs Infiltrate,,M Tomass,1998,,unknown,Parallel Search,https://www.jstor.org/stable/4227335,JSTOR 4227335,PARALLEL-W2-Q1,metadata_partial,,plausible_core,The scholarly record is explicitly framed around mob entrepreneurs and infiltration; the returned title is preserved as observed pending full citation verification.,,,"Verify the complete title, author metadata and bibliographic identity, then screen the work under the current infiltration codebook.",daily_surveillance,,,,,metadata_fix,pending,,,,,,,,2026-09-13,2026-09-13,github-issue:#473;batch:ACADEMIC-2026-09-13-EXTRA-a6766e6649ed
CAND-ACADEMIC-2026-09-13-EXTRA-a6766e6649ed-003,Fighting Organized Crime by Targeting their Revenue,,,,"The Journal of Law, Economics, and Organization",peer_reviewed,Parallel Search,https://academic.oup.com/jleo/article/39/3/722/6552195?rss=1,,PARALLEL-W3-Q1,metadata_partial,,plausible_contextual,"Peer-reviewed work on targeting organised-crime revenue that explicitly discusses sectors commonly affected by mafia infiltration, relevant to the enforcement apparatus surrounding legal-economy participation.",,,"Verify full citation metadata and determine whether the contribution is core, contextual, or outside scope under the current codebook.",daily_surveillance,,,,,metadata_fix,pending,,,,,,,,2026-09-13,2026-09-13,github-issue:#473;batch:ACADEMIC-2026-09-13-EXTRA-a6766e6649ed
CAND-ACADEMIC-2026-09-13-EXTRA-a6766e6649ed-004,Organized Crime and the Legal Economy,,,,UNICRI,other,Parallel Search,https://unicri.org/sites/default/files/2021-06/UNICRI_Organized_Crime_and_Legal_Economy_report.pdf,,PARALLEL-W4-Q1,metadata_partial,,plausible_contextual,"Research report explicitly addressing organised-crime infiltration of the legal economy, including direct and indirect control of legal enterprises.",,,"Verify report authorship and date, then assess its scientific and contextual role without treating intake as eligibility.",daily_surveillance,,,,,metadata_fix,pending,,,,,,,,2026-09-13,2026-09-13,github-issue:#473;batch:ACADEMIC-2026-09-13-EXTRA-a6766e6649ed
CAND-ACADEMIC-2026-09-13-EXTRA-a6766e6649ed-005,Transnational Organized Crime and Foreign Direct Investment in Spain,,,,,unknown,Parallel Search,https://e-spacio.uned.es/bitstreams/cf596fa3-7927-4d7f-8f27-1a0c788378b3/download,,PARALLEL-W4-Q1,metadata_partial,,uncertain,Academic-repository record linking transnational organised crime and foreign direct investment in Spain; the returned metadata do not yet establish the precise legal-business infiltration relationship.,,,"Resolve authorship, document type and year, then determine whether the work concerns sustained criminal access or influence in legal enterprises.",daily_surveillance,,,,,metadata_fix,pending,,,,,,,,2026-09-13,2026-09-13,github-issue:#473;batch:ACADEMIC-2026-09-13-EXTRA-a6766e6649ed
CAND-ACADEMIC-2026-09-13-EXTRA-a6766e6649ed-006,Comparing the Ties That Bind Criminal Networks: Is Blood Thicker Than Water?,,,,,unknown,Parallel Search,https://uat.ojp.gov/ncjrs/virtual-library/abstracts/comparing-ties-bind-criminal-networks-blood-thicker-water,,PARALLEL-W5-Q1,metadata_partial,,uncertain,"Research comparing organised-crime network ties includes legitimate-business and other noncriminal connections, potentially informing mechanisms of economic embeddedness.",,,Verify bibliographic identity and assess whether the legitimate-business ties are sufficiently substantive for core or contextual CILE relevance.,daily_surveillance,,,,,metadata_fix,pending,,,,,,,,2026-09-13,2026-09-13,github-issue:#473;batch:ACADEMIC-2026-09-13-EXTRA-a6766e6649ed
CAND-ACADEMIC-2026-09-13-EXTRA-a6766e6649ed-007,Organised crime infiltration in the UK : crash-for-cash and VAT carousels,,David Wall; Yulia Chistyakova,2016,Organised Crime in European Businesses,other,Parallel Search,https://lawcat.berkeley.edu/record/1180812,,PARALLEL-W6-Q1,metadata_partial,,plausible_core,Country-level scholarly chapter explicitly examining organised-crime infiltration of UK legal businesses through crash-for-cash and VAT-carousel activity.,,,"Resolve the chapter-specific identifier and canonical manifestation, then assess substantive eligibility under the current codebook.",daily_surveillance,,,,,metadata_fix,pending,,,,,,,,2026-09-13,2026-09-13,github-issue:#473;batch:ACADEMIC-2026-09-13-EXTRA-a6766e6649ed
CAND-ACADEMIC-2026-09-13-EXTRA-ca8a9fb601b4-001,Ascent of the corporate model in environmental-organized crime,10.1023/a:1008348805646,,,,unknown,Parallel Search,https://openurl.ebsco.com/fulltext/gcd:15392324; https://doi.org/10.1023/a:1008348805646,,PARALLEL-W3-Q1,metadata_verified,high,plausible_contextual,"Scholarly result on the corporate model of environmental organised crime; the retrieved excerpt describes organised-crime enforcement of a solid-waste cartel and waste-sector corporate activity, making it plausibly relevant to criminal participation in legitimate waste businesses.",,,"Verify authorship, year and venue, then assess whether the work substantively analyses organised-crime ownership, control or participation in legitimate waste businesses under the CILE codebook.",daily_surveillance,,,,,abstract_full_text_review,pending,,,,,,,,2026-09-13,2026-09-13,github-issue:#481;batch:ACADEMIC-2026-09-13-EXTRA-ca8a9fb601b4
CAND-ACADEMIC-2026-09-13-EXTRA-df65ea613c7f-001,Business cartels and organised crime: exclusive and inclusive systems of collusion,10.1007/s12117-018-9350-y,,2019,Trends in Organized Crime,peer_reviewed,Parallel Search,https://link.springer.com/article/10.1007/s12117-018-9350-y,,PARALLEL-W1-Q1,metadata_partial,,plausible_core,"Peer-reviewed article analysing organised-crime participation in business cartels and collusive arrangements in legitimate markets, including construction and public-tender cases.",,,"Verify complete authorship and citation metadata, then assess the cases under the current four-part infiltration test before any scientific eligibility decision.",daily_surveillance,,,,,metadata_fix,pending,,,,,,,,2026-09-13,2026-09-13,github-issue:#496;batch:ACADEMIC-2026-09-13-EXTRA-df65ea613c7f
CAND-ACADEMIC-2026-09-13-EXTRA-ff172108cfd0-001,Organized crime and banks: assessing the effects of anti-mafia police actions on lending,10.2139/ssrn.5290101,,,ECB Working Paper,working_paper,Parallel Search,https://www.ecb.europa.eu/pub/pdf/scpwps/ecb.wp3060~2ea4ebd7aa.en.pdf; https://doi.org/10.2139/ssrn.5290101,,PARALLEL-W1-Q1,metadata_verified,high,plausible_contextual,"Scholarly working paper on how removal of Mafia-connected firms affects lending to legitimate peer firms, potentially relevant to the market effects of criminal-firm presence and removal.",,,Verify full bibliographic metadata and determine whether the infiltration relationship is sufficiently substantive for contextual or core eligibility.,daily_surveillance,,,,,abstract_full_text_review,pending,,,,,,,,2026-09-13,2026-09-13,github-issue:#476;batch:ACADEMIC-2026-09-13-EXTRA-ff172108cfd0
CAND-ACADEMIC-2026-09-13-EXTRA-ff172108cfd0-002,The Effects of Mafia Infiltration on Public Procurement Performance,10.1016/j.ejpoleco.2020.101923,,,,unknown,Parallel Search,https://diposit.ub.edu/items/8e1d23dc-f076-4d72-89cc-6299be4be827; https://doi.org/10.1016/j.ejpoleco.2020.101923,,PARALLEL-W1-Q1,metadata_verified,high,plausible_core,"Academic-repository record explicitly centred on Mafia infiltration and public-procurement performance, directly within the legal-economy boundary.",,,"Resolve authorship, year, document type and stable identifier, then screen under the four-part infiltration test.",daily_surveillance,,,,,abstract_full_text_review,pending,,,,,,,,2026-09-13,2026-09-13,github-issue:#476;batch:ACADEMIC-2026-09-13-EXTRA-ff172108cfd0
CAND-ACADEMIC-2026-09-13-EXTRA-ff172108cfd0-003,"Other People’s Dirty Money: Professional Intermediaries, Market Dynamics and the Finances of White-collar, Corporate and Organized Crimes",10.1093/bjc/azz004,,,The British Journal of Criminology,peer_reviewed,Parallel Search,https://academic.oup.com/bjc/article/59/5/1217/5348024; https://doi.org/10.1093/bjc/azz004,,PARALLEL-W3-Q1; PARALLEL-W7-Q1,metadata_verified,high,plausible_contextual,"Peer-reviewed study of professional intermediaries and corporate vehicles used by organised and other serious crime, potentially relevant to legal-economy access and concealment mechanisms.",,,Verify citation metadata and assess whether the organised-crime/legal-business relationship is substantive enough for contextual inclusion.,daily_surveillance,,,,,abstract_full_text_review,pending,,,,,,,,2026-09-13,2026-09-13,github-issue:#476;batch:ACADEMIC-2026-09-13-EXTRA-ff172108cfd0
CAND-ACADEMIC-2026-09-13-EXTRA-ff172108cfd0-004,Organized Crime and Legitimate Business,,,,SAGE Academic Books,other,Parallel Search,https://sk.sagepub.com/book/mono/organized-crime/chpt/organized-crime-legitimate-business,,PARALLEL-W4-Q1,metadata_partial,,plausible_core,Scholarly book chapter explicitly addressing forms of organised-criminal involvement and influence in legitimate businesses and markets.,,,"Resolve author, year and chapter-level bibliographic identifier and apply the current four-part infiltration test.",daily_surveillance,,,,,metadata_fix,pending,,,,,,,,2026-09-13,2026-09-13,github-issue:#476;batch:ACADEMIC-2026-09-13-EXTRA-ff172108cfd0
CAND-ACADEMIC-2026-09-13-EXTRA-ff172108cfd0-005,L’infiltration mafieuse dans l’économie légale,,,2016,Centre Thucydide,other,Parallel Search,https://www.afri-ct.org/article/l-infiltration-mafieuse-dans-l,,PARALLEL-W4-Q1,metadata_partial,,plausible_core,Francophone scholarly record explicitly focused on Mafia infiltration in the legal economy and therefore directly relevant to the review’s central relationship.,,,"Verify authorship, venue and bibliographic identity, then assess substantive eligibility without treating intake as a decision.",daily_surveillance,,,,,metadata_fix,pending,,,,,,,,2026-09-13,2026-09-13,github-issue:#476;batch:ACADEMIC-2026-09-13-EXTRA-ff172108cfd0
CAND-ACADEMIC-2026-09-13-EXTRA-ff172108cfd0-006,Mapping the Risk of Serious and Organised Crime Infiltrating Legitimate Businesses: Technical Annexes,,,,RAND,other,Parallel Search,https://www.rand.org/pubs/external_publications/EP68578.html,RAND EP68578,PARALLEL-W5-Q1,metadata_partial,,plausible_contextual,"Research technical annexes on mapping the risk of serious and organised crime infiltrating legitimate businesses, potentially important for measurement and detection methodology.",,,"Verify report identity and relationship to any parent study, then assess whether it should be treated as contextual methodology or a separate eligible work.",daily_surveillance,,,,,metadata_fix,pending,,,,,,,,2026-09-13,2026-09-13,github-issue:#476;batch:ACADEMIC-2026-09-13-EXTRA-ff172108cfd0
CAND-ACADEMIC-2026-09-13-EXTRA-ff172108cfd0-008,Detection Model of Legally Registered Mafia Firms in Italy,,,,,unknown,Parallel Search,https://scispace.com/pdf/detection-model-of-legally-registered-mafia-firms-in-italy-o954828324.pdf,,PARALLEL-W5-Q1,metadata_partial,,plausible_core,"Scholarly record explicitly concerned with detecting legally registered Mafia firms, directly relevant to firm-level identification of criminal participation in the legal economy.",,,Resolve authoritative bibliographic identity and source manifestation before scientific screening; do not rely on the aggregator URL as canonical evidence.,daily_surveillance,,,,,metadata_fix,pending,,,,,,,,2026-09-13,2026-09-13,github-issue:#476;batch:ACADEMIC-2026-09-13-EXTRA-ff172108cfd0
